[2026-04-20T16:28:15.230+0000] {processor.py:161} INFO - Started process (PID=26) to work on /opt/airflow/dags/logidata_pipeline_dag.py
[2026-04-20T16:28:15.232+0000] {processor.py:830} INFO - Processing file /opt/airflow/dags/logidata_pipeline_dag.py for tasks to queue
[2026-04-20T16:28:15.233+0000] {logging_mixin.py:188} INFO - [2026-04-20T16:28:15.233+0000] {dagbag.py:538} INFO - Filling up the DagBag from /opt/airflow/dags/logidata_pipeline_dag.py
[2026-04-20T16:28:15.580+0000] {processor.py:840} INFO - DAG(s) 'logidata_pipeline_dag' retrieved from /opt/airflow/dags/logidata_pipeline_dag.py
[2026-04-20T16:28:15.866+0000] {logging_mixin.py:188} INFO - [2026-04-20T16:28:15.865+0000] {override.py:1769} INFO - Created Permission View: can read on DAG:logidata_pipeline_dag
[2026-04-20T16:28:15.912+0000] {logging_mixin.py:188} INFO - [2026-04-20T16:28:15.912+0000] {override.py:1769} INFO - Created Permission View: can delete on DAG:logidata_pipeline_dag
[2026-04-20T16:28:15.960+0000] {logging_mixin.py:188} INFO - [2026-04-20T16:28:15.960+0000] {override.py:1769} INFO - Created Permission View: can edit on DAG:logidata_pipeline_dag
[2026-04-20T16:28:15.961+0000] {logging_mixin.py:188} INFO - [2026-04-20T16:28:15.961+0000] {dag.py:3036} INFO - Sync 1 DAGs
[2026-04-20T16:28:15.984+0000] {logging_mixin.py:188} INFO - [2026-04-20T16:28:15.983+0000] {dag.py:3058} INFO - Creating ORM DAG for logidata_pipeline_dag
[2026-04-20T16:28:15.985+0000] {logging_mixin.py:188} INFO - [2026-04-20T16:28:15.985+0000] {dag.py:3823} INFO - Setting next_dagrun for logidata_pipeline_dag to None, run_after=None
[2026-04-20T16:28:16.074+0000] {processor.py:183} INFO - Processing /opt/airflow/dags/logidata_pipeline_dag.py took 0.847 seconds
[2026-04-20T16:28:46.454+0000] {processor.py:161} INFO - Started process (PID=27) to work on /opt/airflow/dags/logidata_pipeline_dag.py
[2026-04-20T16:28:46.456+0000] {processor.py:830} INFO - Processing file /opt/airflow/dags/logidata_pipeline_dag.py for tasks to queue
[2026-04-20T16:28:46.457+0000] {logging_mixin.py:188} INFO - [2026-04-20T16:28:46.457+0000] {dagbag.py:538} INFO - Filling up the DagBag from /opt/airflow/dags/logidata_pipeline_dag.py
[2026-04-20T16:28:46.537+0000] {processor.py:840} INFO - DAG(s) 'logidata_pipeline_dag' retrieved from /opt/airflow/dags/logidata_pipeline_dag.py
[2026-04-20T16:28:46.601+0000] {logging_mixin.py:188} INFO - [2026-04-20T16:28:46.600+0000] {dag.py:3036} INFO - Sync 1 DAGs
[2026-04-20T16:28:46.632+0000] {logging_mixin.py:188} INFO - [2026-04-20T16:28:46.631+0000] {dag.py:3823} INFO - Setting next_dagrun for logidata_pipeline_dag to None, run_after=None
[2026-04-20T16:28:46.740+0000] {processor.py:183} INFO - Processing /opt/airflow/dags/logidata_pipeline_dag.py took 0.290 seconds
[2026-04-20T16:29:16.871+0000] {processor.py:161} INFO - Started process (PID=28) to work on /opt/airflow/dags/logidata_pipeline_dag.py
[2026-04-20T16:29:16.872+0000] {processor.py:830} INFO - Processing file /opt/airflow/dags/logidata_pipeline_dag.py for tasks to queue
[2026-04-20T16:29:16.873+0000] {logging_mixin.py:188} INFO - [2026-04-20T16:29:16.873+0000] {dagbag.py:538} INFO - Filling up the DagBag from /opt/airflow/dags/logidata_pipeline_dag.py
[2026-04-20T16:29:16.943+0000] {processor.py:840} INFO - DAG(s) 'logidata_pipeline_dag' retrieved from /opt/airflow/dags/logidata_pipeline_dag.py
[2026-04-20T16:29:16.990+0000] {logging_mixin.py:188} INFO - [2026-04-20T16:29:16.990+0000] {dag.py:3036} INFO - Sync 1 DAGs
[2026-04-20T16:29:17.004+0000] {logging_mixin.py:188} INFO - [2026-04-20T16:29:17.004+0000] {dag.py:3823} INFO - Setting next_dagrun for logidata_pipeline_dag to None, run_after=None
[2026-04-20T16:29:17.107+0000] {processor.py:183} INFO - Processing /opt/airflow/dags/logidata_pipeline_dag.py took 0.240 seconds
[2026-04-20T16:29:47.676+0000] {processor.py:161} INFO - Started process (PID=29) to work on /opt/airflow/dags/logidata_pipeline_dag.py
[2026-04-20T16:29:47.678+0000] {processor.py:830} INFO - Processing file /opt/airflow/dags/logidata_pipeline_dag.py for tasks to queue
[2026-04-20T16:29:47.679+0000] {logging_mixin.py:188} INFO - [2026-04-20T16:29:47.678+0000] {dagbag.py:538} INFO - Filling up the DagBag from /opt/airflow/dags/logidata_pipeline_dag.py
[2026-04-20T16:29:47.741+0000] {processor.py:840} INFO - DAG(s) 'logidata_pipeline_dag' retrieved from /opt/airflow/dags/logidata_pipeline_dag.py
[2026-04-20T16:29:47.780+0000] {logging_mixin.py:188} INFO - [2026-04-20T16:29:47.780+0000] {dag.py:3036} INFO - Sync 1 DAGs
[2026-04-20T16:29:47.794+0000] {logging_mixin.py:188} INFO - [2026-04-20T16:29:47.794+0000] {dag.py:3823} INFO - Setting next_dagrun for logidata_pipeline_dag to None, run_after=None
[2026-04-20T16:29:47.863+0000] {processor.py:183} INFO - Processing /opt/airflow/dags/logidata_pipeline_dag.py took 0.189 seconds
[2026-04-20T16:30:19.546+0000] {processor.py:161} INFO - Started process (PID=30) to work on /opt/airflow/dags/logidata_pipeline_dag.py
[2026-04-20T16:30:19.548+0000] {processor.py:830} INFO - Processing file /opt/airflow/dags/logidata_pipeline_dag.py for tasks to queue
[2026-04-20T16:30:19.549+0000] {logging_mixin.py:188} INFO - [2026-04-20T16:30:19.549+0000] {dagbag.py:538} INFO - Filling up the DagBag from /opt/airflow/dags/logidata_pipeline_dag.py
[2026-04-20T16:30:19.625+0000] {processor.py:840} INFO - DAG(s) 'logidata_pipeline_dag' retrieved from /opt/airflow/dags/logidata_pipeline_dag.py
[2026-04-20T16:30:19.662+0000] {logging_mixin.py:188} INFO - [2026-04-20T16:30:19.662+0000] {dag.py:3036} INFO - Sync 1 DAGs
[2026-04-20T16:30:19.675+0000] {logging_mixin.py:188} INFO - [2026-04-20T16:30:19.675+0000] {dag.py:3823} INFO - Setting next_dagrun for logidata_pipeline_dag to None, run_after=None
[2026-04-20T16:30:19.742+0000] {processor.py:183} INFO - Processing /opt/airflow/dags/logidata_pipeline_dag.py took 0.200 seconds
[2026-04-20T16:30:52.125+0000] {processor.py:161} INFO - Started process (PID=41) to work on /opt/airflow/dags/logidata_pipeline_dag.py
[2026-04-20T16:30:52.127+0000] {processor.py:830} INFO - Processing file /opt/airflow/dags/logidata_pipeline_dag.py for tasks to queue
[2026-04-20T16:30:52.129+0000] {logging_mixin.py:188} INFO - [2026-04-20T16:30:52.128+0000] {dagbag.py:538} INFO - Filling up the DagBag from /opt/airflow/dags/logidata_pipeline_dag.py
[2026-04-20T16:30:52.235+0000] {processor.py:840} INFO - DAG(s) 'logidata_pipeline_dag' retrieved from /opt/airflow/dags/logidata_pipeline_dag.py
[2026-04-20T16:30:52.284+0000] {logging_mixin.py:188} INFO - [2026-04-20T16:30:52.284+0000] {dag.py:3036} INFO - Sync 1 DAGs
[2026-04-20T16:30:52.302+0000] {logging_mixin.py:188} INFO - [2026-04-20T16:30:52.301+0000] {dag.py:3823} INFO - Setting next_dagrun for logidata_pipeline_dag to None, run_after=None
[2026-04-20T16:30:52.382+0000] {processor.py:183} INFO - Processing /opt/airflow/dags/logidata_pipeline_dag.py took 0.260 seconds
[2026-04-20T16:31:23.631+0000] {processor.py:161} INFO - Started process (PID=42) to work on /opt/airflow/dags/logidata_pipeline_dag.py
[2026-04-20T16:31:23.633+0000] {processor.py:830} INFO - Processing file /opt/airflow/dags/logidata_pipeline_dag.py for tasks to queue
[2026-04-20T16:31:23.634+0000] {logging_mixin.py:188} INFO - [2026-04-20T16:31:23.634+0000] {dagbag.py:538} INFO - Filling up the DagBag from /opt/airflow/dags/logidata_pipeline_dag.py
[2026-04-20T16:31:23.707+0000] {processor.py:840} INFO - DAG(s) 'logidata_pipeline_dag' retrieved from /opt/airflow/dags/logidata_pipeline_dag.py
[2026-04-20T16:31:23.761+0000] {logging_mixin.py:188} INFO - [2026-04-20T16:31:23.761+0000] {dag.py:3036} INFO - Sync 1 DAGs
[2026-04-20T16:31:23.791+0000] {logging_mixin.py:188} INFO - [2026-04-20T16:31:23.791+0000] {dag.py:3823} INFO - Setting next_dagrun for logidata_pipeline_dag to None, run_after=None
[2026-04-20T16:31:23.948+0000] {processor.py:183} INFO - Processing /opt/airflow/dags/logidata_pipeline_dag.py took 0.322 seconds
[2026-04-20T16:31:54.619+0000] {processor.py:161} INFO - Started process (PID=43) to work on /opt/airflow/dags/logidata_pipeline_dag.py
[2026-04-20T16:31:54.622+0000] {processor.py:830} INFO - Processing file /opt/airflow/dags/logidata_pipeline_dag.py for tasks to queue
[2026-04-20T16:31:54.624+0000] {logging_mixin.py:188} INFO - [2026-04-20T16:31:54.624+0000] {dagbag.py:538} INFO - Filling up the DagBag from /opt/airflow/dags/logidata_pipeline_dag.py
[2026-04-20T16:31:54.740+0000] {processor.py:840} INFO - DAG(s) 'logidata_pipeline_dag' retrieved from /opt/airflow/dags/logidata_pipeline_dag.py
[2026-04-20T16:31:54.790+0000] {logging_mixin.py:188} INFO - [2026-04-20T16:31:54.790+0000] {dag.py:3036} INFO - Sync 1 DAGs
[2026-04-20T16:31:54.807+0000] {logging_mixin.py:188} INFO - [2026-04-20T16:31:54.807+0000] {dag.py:3823} INFO - Setting next_dagrun for logidata_pipeline_dag to None, run_after=None
[2026-04-20T16:31:54.951+0000] {processor.py:183} INFO - Processing /opt/airflow/dags/logidata_pipeline_dag.py took 0.341 seconds
[2026-04-20T16:32:25.042+0000] {processor.py:161} INFO - Started process (PID=44) to work on /opt/airflow/dags/logidata_pipeline_dag.py
[2026-04-20T16:32:25.044+0000] {processor.py:830} INFO - Processing file /opt/airflow/dags/logidata_pipeline_dag.py for tasks to queue
[2026-04-20T16:32:25.045+0000] {logging_mixin.py:188} INFO - [2026-04-20T16:32:25.045+0000] {dagbag.py:538} INFO - Filling up the DagBag from /opt/airflow/dags/logidata_pipeline_dag.py
[2026-04-20T16:32:25.127+0000] {processor.py:840} INFO - DAG(s) 'logidata_pipeline_dag' retrieved from /opt/airflow/dags/logidata_pipeline_dag.py
[2026-04-20T16:32:25.169+0000] {logging_mixin.py:188} INFO - [2026-04-20T16:32:25.169+0000] {dag.py:3036} INFO - Sync 1 DAGs
[2026-04-20T16:32:25.184+0000] {logging_mixin.py:188} INFO - [2026-04-20T16:32:25.183+0000] {dag.py:3823} INFO - Setting next_dagrun for logidata_pipeline_dag to None, run_after=None
[2026-04-20T16:32:25.291+0000] {processor.py:183} INFO - Processing /opt/airflow/dags/logidata_pipeline_dag.py took 0.252 seconds
[2026-04-20T16:32:58.646+0000] {processor.py:161} INFO - Started process (PID=45) to work on /opt/airflow/dags/logidata_pipeline_dag.py
[2026-04-20T16:32:58.648+0000] {processor.py:830} INFO - Processing file /opt/airflow/dags/logidata_pipeline_dag.py for tasks to queue
[2026-04-20T16:32:58.649+0000] {logging_mixin.py:188} INFO - [2026-04-20T16:32:58.649+0000] {dagbag.py:538} INFO - Filling up the DagBag from /opt/airflow/dags/logidata_pipeline_dag.py
[2026-04-20T16:32:58.717+0000] {processor.py:840} INFO - DAG(s) 'logidata_pipeline_dag' retrieved from /opt/airflow/dags/logidata_pipeline_dag.py
[2026-04-20T16:32:58.754+0000] {logging_mixin.py:188} INFO - [2026-04-20T16:32:58.754+0000] {dag.py:3036} INFO - Sync 1 DAGs
[2026-04-20T16:32:58.770+0000] {logging_mixin.py:188} INFO - [2026-04-20T16:32:58.770+0000] {dag.py:3823} INFO - Setting next_dagrun for logidata_pipeline_dag to None, run_after=None
[2026-04-20T16:32:58.827+0000] {processor.py:183} INFO - Processing /opt/airflow/dags/logidata_pipeline_dag.py took 0.186 seconds
[2026-04-20T16:33:30.927+0000] {processor.py:161} INFO - Started process (PID=46) to work on /opt/airflow/dags/logidata_pipeline_dag.py
[2026-04-20T16:33:30.929+0000] {processor.py:830} INFO - Processing file /opt/airflow/dags/logidata_pipeline_dag.py for tasks to queue
[2026-04-20T16:33:30.930+0000] {logging_mixin.py:188} INFO - [2026-04-20T16:33:30.930+0000] {dagbag.py:538} INFO - Filling up the DagBag from /opt/airflow/dags/logidata_pipeline_dag.py
[2026-04-20T16:33:30.999+0000] {processor.py:840} INFO - DAG(s) 'logidata_pipeline_dag' retrieved from /opt/airflow/dags/logidata_pipeline_dag.py
[2026-04-20T16:33:31.035+0000] {logging_mixin.py:188} INFO - [2026-04-20T16:33:31.035+0000] {dag.py:3036} INFO - Sync 1 DAGs
[2026-04-20T16:33:31.051+0000] {logging_mixin.py:188} INFO - [2026-04-20T16:33:31.051+0000] {dag.py:3823} INFO - Setting next_dagrun for logidata_pipeline_dag to None, run_after=None
[2026-04-20T16:33:31.105+0000] {processor.py:183} INFO - Processing /opt/airflow/dags/logidata_pipeline_dag.py took 0.181 seconds
[2026-04-20T16:34:04.159+0000] {processor.py:161} INFO - Started process (PID=47) to work on /opt/airflow/dags/logidata_pipeline_dag.py
[2026-04-20T16:34:04.160+0000] {processor.py:830} INFO - Processing file /opt/airflow/dags/logidata_pipeline_dag.py for tasks to queue
[2026-04-20T16:34:04.162+0000] {logging_mixin.py:188} INFO - [2026-04-20T16:34:04.162+0000] {dagbag.py:538} INFO - Filling up the DagBag from /opt/airflow/dags/logidata_pipeline_dag.py
[2026-04-20T16:34:04.246+0000] {processor.py:840} INFO - DAG(s) 'logidata_pipeline_dag' retrieved from /opt/airflow/dags/logidata_pipeline_dag.py
[2026-04-20T16:34:04.286+0000] {logging_mixin.py:188} INFO - [2026-04-20T16:34:04.286+0000] {dag.py:3036} INFO - Sync 1 DAGs
[2026-04-20T16:34:04.304+0000] {logging_mixin.py:188} INFO - [2026-04-20T16:34:04.303+0000] {dag.py:3823} INFO - Setting next_dagrun for logidata_pipeline_dag to None, run_after=None
[2026-04-20T16:34:04.388+0000] {processor.py:183} INFO - Processing /opt/airflow/dags/logidata_pipeline_dag.py took 0.234 seconds
[2026-04-20T16:34:35.436+0000] {processor.py:161} INFO - Started process (PID=48) to work on /opt/airflow/dags/logidata_pipeline_dag.py
[2026-04-20T16:34:35.438+0000] {processor.py:830} INFO - Processing file /opt/airflow/dags/logidata_pipeline_dag.py for tasks to queue
[2026-04-20T16:34:35.440+0000] {logging_mixin.py:188} INFO - [2026-04-20T16:34:35.439+0000] {dagbag.py:538} INFO - Filling up the DagBag from /opt/airflow/dags/logidata_pipeline_dag.py
[2026-04-20T16:34:35.587+0000] {processor.py:840} INFO - DAG(s) 'logidata_pipeline_dag' retrieved from /opt/airflow/dags/logidata_pipeline_dag.py
[2026-04-20T16:34:35.636+0000] {logging_mixin.py:188} INFO - [2026-04-20T16:34:35.636+0000] {dag.py:3036} INFO - Sync 1 DAGs
[2026-04-20T16:34:35.664+0000] {logging_mixin.py:188} INFO - [2026-04-20T16:34:35.664+0000] {dag.py:3823} INFO - Setting next_dagrun for logidata_pipeline_dag to None, run_after=None
[2026-04-20T16:34:35.814+0000] {processor.py:183} INFO - Processing /opt/airflow/dags/logidata_pipeline_dag.py took 0.385 seconds
[2026-04-20T16:35:06.440+0000] {processor.py:161} INFO - Started process (PID=49) to work on /opt/airflow/dags/logidata_pipeline_dag.py
[2026-04-20T16:35:06.443+0000] {processor.py:830} INFO - Processing file /opt/airflow/dags/logidata_pipeline_dag.py for tasks to queue
[2026-04-20T16:35:06.446+0000] {logging_mixin.py:188} INFO - [2026-04-20T16:35:06.445+0000] {dagbag.py:538} INFO - Filling up the DagBag from /opt/airflow/dags/logidata_pipeline_dag.py
[2026-04-20T16:35:06.577+0000] {processor.py:840} INFO - DAG(s) 'logidata_pipeline_dag' retrieved from /opt/airflow/dags/logidata_pipeline_dag.py
[2026-04-20T16:35:06.635+0000] {logging_mixin.py:188} INFO - [2026-04-20T16:35:06.635+0000] {dag.py:3036} INFO - Sync 1 DAGs
[2026-04-20T16:35:06.664+0000] {logging_mixin.py:188} INFO - [2026-04-20T16:35:06.664+0000] {dag.py:3823} INFO - Setting next_dagrun for logidata_pipeline_dag to None, run_after=None
[2026-04-20T16:35:06.754+0000] {processor.py:183} INFO - Processing /opt/airflow/dags/logidata_pipeline_dag.py took 0.323 seconds
[2026-04-20T16:35:36.903+0000] {processor.py:161} INFO - Started process (PID=50) to work on /opt/airflow/dags/logidata_pipeline_dag.py
[2026-04-20T16:35:36.905+0000] {processor.py:830} INFO - Processing file /opt/airflow/dags/logidata_pipeline_dag.py for tasks to queue
[2026-04-20T16:35:36.906+0000] {logging_mixin.py:188} INFO - [2026-04-20T16:35:36.906+0000] {dagbag.py:538} INFO - Filling up the DagBag from /opt/airflow/dags/logidata_pipeline_dag.py
[2026-04-20T16:35:36.987+0000] {processor.py:840} INFO - DAG(s) 'logidata_pipeline_dag' retrieved from /opt/airflow/dags/logidata_pipeline_dag.py
[2026-04-20T16:35:37.024+0000] {logging_mixin.py:188} INFO - [2026-04-20T16:35:37.024+0000] {dag.py:3036} INFO - Sync 1 DAGs
[2026-04-20T16:35:37.038+0000] {logging_mixin.py:188} INFO - [2026-04-20T16:35:37.038+0000] {dag.py:3823} INFO - Setting next_dagrun for logidata_pipeline_dag to None, run_after=None
[2026-04-20T16:35:37.094+0000] {processor.py:183} INFO - Processing /opt/airflow/dags/logidata_pipeline_dag.py took 0.195 seconds
[2026-04-20T16:36:08.875+0000] {processor.py:161} INFO - Started process (PID=51) to work on /opt/airflow/dags/logidata_pipeline_dag.py
[2026-04-20T16:36:08.877+0000] {processor.py:830} INFO - Processing file /opt/airflow/dags/logidata_pipeline_dag.py for tasks to queue
[2026-04-20T16:36:08.879+0000] {logging_mixin.py:188} INFO - [2026-04-20T16:36:08.878+0000] {dagbag.py:538} INFO - Filling up the DagBag from /opt/airflow/dags/logidata_pipeline_dag.py
[2026-04-20T16:36:08.952+0000] {processor.py:840} INFO - DAG(s) 'logidata_pipeline_dag' retrieved from /opt/airflow/dags/logidata_pipeline_dag.py
[2026-04-20T16:36:09.001+0000] {logging_mixin.py:188} INFO - [2026-04-20T16:36:09.000+0000] {dag.py:3036} INFO - Sync 1 DAGs
[2026-04-20T16:36:09.017+0000] {logging_mixin.py:188} INFO - [2026-04-20T16:36:09.017+0000] {dag.py:3823} INFO - Setting next_dagrun for logidata_pipeline_dag to None, run_after=None
[2026-04-20T16:36:09.112+0000] {processor.py:183} INFO - Processing /opt/airflow/dags/logidata_pipeline_dag.py took 0.241 seconds
[2026-04-20T16:36:41.758+0000] {processor.py:161} INFO - Started process (PID=52) to work on /opt/airflow/dags/logidata_pipeline_dag.py
[2026-04-20T16:36:41.759+0000] {processor.py:830} INFO - Processing file /opt/airflow/dags/logidata_pipeline_dag.py for tasks to queue
[2026-04-20T16:36:41.760+0000] {logging_mixin.py:188} INFO - [2026-04-20T16:36:41.760+0000] {dagbag.py:538} INFO - Filling up the DagBag from /opt/airflow/dags/logidata_pipeline_dag.py
[2026-04-20T16:36:41.829+0000] {processor.py:840} INFO - DAG(s) 'logidata_pipeline_dag' retrieved from /opt/airflow/dags/logidata_pipeline_dag.py
[2026-04-20T16:36:41.890+0000] {logging_mixin.py:188} INFO - [2026-04-20T16:36:41.890+0000] {dag.py:3036} INFO - Sync 1 DAGs
[2026-04-20T16:36:41.915+0000] {logging_mixin.py:188} INFO - [2026-04-20T16:36:41.914+0000] {dag.py:3823} INFO - Setting next_dagrun for logidata_pipeline_dag to None, run_after=None
[2026-04-20T16:36:42.008+0000] {processor.py:183} INFO - Processing /opt/airflow/dags/logidata_pipeline_dag.py took 0.254 seconds
[2026-04-20T16:37:12.142+0000] {processor.py:161} INFO - Started process (PID=53) to work on /opt/airflow/dags/logidata_pipeline_dag.py
[2026-04-20T16:37:12.144+0000] {processor.py:830} INFO - Processing file /opt/airflow/dags/logidata_pipeline_dag.py for tasks to queue
[2026-04-20T16:37:12.145+0000] {logging_mixin.py:188} INFO - [2026-04-20T16:37:12.145+0000] {dagbag.py:538} INFO - Filling up the DagBag from /opt/airflow/dags/logidata_pipeline_dag.py
[2026-04-20T16:37:12.214+0000] {processor.py:840} INFO - DAG(s) 'logidata_pipeline_dag' retrieved from /opt/airflow/dags/logidata_pipeline_dag.py
[2026-04-20T16:37:12.270+0000] {logging_mixin.py:188} INFO - [2026-04-20T16:37:12.270+0000] {dag.py:3036} INFO - Sync 1 DAGs
[2026-04-20T16:37:12.290+0000] {logging_mixin.py:188} INFO - [2026-04-20T16:37:12.290+0000] {dag.py:3823} INFO - Setting next_dagrun for logidata_pipeline_dag to None, run_after=None
[2026-04-20T16:37:12.382+0000] {processor.py:183} INFO - Processing /opt/airflow/dags/logidata_pipeline_dag.py took 0.243 seconds
[2026-04-20T16:37:43.104+0000] {processor.py:161} INFO - Started process (PID=54) to work on /opt/airflow/dags/logidata_pipeline_dag.py
[2026-04-20T16:37:43.107+0000] {processor.py:830} INFO - Processing file /opt/airflow/dags/logidata_pipeline_dag.py for tasks to queue
[2026-04-20T16:37:43.109+0000] {logging_mixin.py:188} INFO - [2026-04-20T16:37:43.108+0000] {dagbag.py:538} INFO - Filling up the DagBag from /opt/airflow/dags/logidata_pipeline_dag.py
[2026-04-20T16:37:43.215+0000] {processor.py:840} INFO - DAG(s) 'logidata_pipeline_dag' retrieved from /opt/airflow/dags/logidata_pipeline_dag.py
[2026-04-20T16:37:43.267+0000] {logging_mixin.py:188} INFO - [2026-04-20T16:37:43.267+0000] {dag.py:3036} INFO - Sync 1 DAGs
[2026-04-20T16:37:43.286+0000] {logging_mixin.py:188} INFO - [2026-04-20T16:37:43.286+0000] {dag.py:3823} INFO - Setting next_dagrun for logidata_pipeline_dag to None, run_after=None
[2026-04-20T16:37:43.443+0000] {processor.py:183} INFO - Processing /opt/airflow/dags/logidata_pipeline_dag.py took 0.347 seconds
[2026-04-20T16:38:14.801+0000] {processor.py:161} INFO - Started process (PID=55) to work on /opt/airflow/dags/logidata_pipeline_dag.py
[2026-04-20T16:38:14.802+0000] {processor.py:830} INFO - Processing file /opt/airflow/dags/logidata_pipeline_dag.py for tasks to queue
[2026-04-20T16:38:14.804+0000] {logging_mixin.py:188} INFO - [2026-04-20T16:38:14.803+0000] {dagbag.py:538} INFO - Filling up the DagBag from /opt/airflow/dags/logidata_pipeline_dag.py
[2026-04-20T16:38:14.891+0000] {processor.py:840} INFO - DAG(s) 'logidata_pipeline_dag' retrieved from /opt/airflow/dags/logidata_pipeline_dag.py
[2026-04-20T16:38:14.935+0000] {logging_mixin.py:188} INFO - [2026-04-20T16:38:14.935+0000] {dag.py:3036} INFO - Sync 1 DAGs
[2026-04-20T16:38:14.949+0000] {logging_mixin.py:188} INFO - [2026-04-20T16:38:14.948+0000] {dag.py:3823} INFO - Setting next_dagrun for logidata_pipeline_dag to None, run_after=None
[2026-04-20T16:38:15.016+0000] {processor.py:183} INFO - Processing /opt/airflow/dags/logidata_pipeline_dag.py took 0.219 seconds
[2026-04-20T16:38:47.299+0000] {processor.py:161} INFO - Started process (PID=56) to work on /opt/airflow/dags/logidata_pipeline_dag.py
[2026-04-20T16:38:47.301+0000] {processor.py:830} INFO - Processing file /opt/airflow/dags/logidata_pipeline_dag.py for tasks to queue
[2026-04-20T16:38:47.302+0000] {logging_mixin.py:188} INFO - [2026-04-20T16:38:47.302+0000] {dagbag.py:538} INFO - Filling up the DagBag from /opt/airflow/dags/logidata_pipeline_dag.py
[2026-04-20T16:38:47.405+0000] {processor.py:840} INFO - DAG(s) 'logidata_pipeline_dag' retrieved from /opt/airflow/dags/logidata_pipeline_dag.py
[2026-04-20T16:38:47.458+0000] {logging_mixin.py:188} INFO - [2026-04-20T16:38:47.458+0000] {dag.py:3036} INFO - Sync 1 DAGs
[2026-04-20T16:38:47.474+0000] {logging_mixin.py:188} INFO - [2026-04-20T16:38:47.473+0000] {dag.py:3823} INFO - Setting next_dagrun for logidata_pipeline_dag to None, run_after=None
[2026-04-20T16:38:47.564+0000] {processor.py:183} INFO - Processing /opt/airflow/dags/logidata_pipeline_dag.py took 0.267 seconds
[2026-04-20T16:39:55.952+0000] {processor.py:161} INFO - Started process (PID=26) to work on /opt/airflow/dags/logidata_pipeline_dag.py
[2026-04-20T16:39:55.955+0000] {processor.py:830} INFO - Processing file /opt/airflow/dags/logidata_pipeline_dag.py for tasks to queue
[2026-04-20T16:39:55.957+0000] {logging_mixin.py:188} INFO - [2026-04-20T16:39:55.956+0000] {dagbag.py:538} INFO - Filling up the DagBag from /opt/airflow/dags/logidata_pipeline_dag.py
[2026-04-20T16:39:56.645+0000] {processor.py:840} INFO - DAG(s) 'logidata_pipeline_dag' retrieved from /opt/airflow/dags/logidata_pipeline_dag.py
[2026-04-20T16:39:57.191+0000] {logging_mixin.py:188} INFO - [2026-04-20T16:39:57.191+0000] {dag.py:3036} INFO - Sync 1 DAGs
[2026-04-20T16:39:57.219+0000] {logging_mixin.py:188} INFO - [2026-04-20T16:39:57.218+0000] {dag.py:3823} INFO - Setting next_dagrun for logidata_pipeline_dag to None, run_after=None
[2026-04-20T16:39:57.320+0000] {processor.py:183} INFO - Processing /opt/airflow/dags/logidata_pipeline_dag.py took 1.374 seconds
[2026-04-20T16:40:28.374+0000] {processor.py:161} INFO - Started process (PID=27) to work on /opt/airflow/dags/logidata_pipeline_dag.py
[2026-04-20T16:40:28.376+0000] {processor.py:830} INFO - Processing file /opt/airflow/dags/logidata_pipeline_dag.py for tasks to queue
[2026-04-20T16:40:28.377+0000] {logging_mixin.py:188} INFO - [2026-04-20T16:40:28.377+0000] {dagbag.py:538} INFO - Filling up the DagBag from /opt/airflow/dags/logidata_pipeline_dag.py
[2026-04-20T16:40:28.458+0000] {processor.py:840} INFO - DAG(s) 'logidata_pipeline_dag' retrieved from /opt/airflow/dags/logidata_pipeline_dag.py
[2026-04-20T16:40:28.511+0000] {logging_mixin.py:188} INFO - [2026-04-20T16:40:28.511+0000] {dag.py:3036} INFO - Sync 1 DAGs
[2026-04-20T16:40:28.532+0000] {logging_mixin.py:188} INFO - [2026-04-20T16:40:28.531+0000] {dag.py:3823} INFO - Setting next_dagrun for logidata_pipeline_dag to None, run_after=None
[2026-04-20T16:40:28.627+0000] {processor.py:183} INFO - Processing /opt/airflow/dags/logidata_pipeline_dag.py took 0.257 seconds
[2026-04-20T16:40:59.077+0000] {processor.py:161} INFO - Started process (PID=28) to work on /opt/airflow/dags/logidata_pipeline_dag.py
[2026-04-20T16:40:59.080+0000] {processor.py:830} INFO - Processing file /opt/airflow/dags/logidata_pipeline_dag.py for tasks to queue
[2026-04-20T16:40:59.082+0000] {logging_mixin.py:188} INFO - [2026-04-20T16:40:59.081+0000] {dagbag.py:538} INFO - Filling up the DagBag from /opt/airflow/dags/logidata_pipeline_dag.py
[2026-04-20T16:40:59.182+0000] {processor.py:840} INFO - DAG(s) 'logidata_pipeline_dag' retrieved from /opt/airflow/dags/logidata_pipeline_dag.py
[2026-04-20T16:40:59.227+0000] {logging_mixin.py:188} INFO - [2026-04-20T16:40:59.227+0000] {dag.py:3036} INFO - Sync 1 DAGs
[2026-04-20T16:40:59.246+0000] {logging_mixin.py:188} INFO - [2026-04-20T16:40:59.246+0000] {dag.py:3823} INFO - Setting next_dagrun for logidata_pipeline_dag to None, run_after=None
[2026-04-20T16:40:59.328+0000] {processor.py:183} INFO - Processing /opt/airflow/dags/logidata_pipeline_dag.py took 0.255 seconds
[2026-04-20T16:41:30.461+0000] {processor.py:161} INFO - Started process (PID=29) to work on /opt/airflow/dags/logidata_pipeline_dag.py
[2026-04-20T16:41:30.465+0000] {processor.py:830} INFO - Processing file /opt/airflow/dags/logidata_pipeline_dag.py for tasks to queue
[2026-04-20T16:41:30.469+0000] {logging_mixin.py:188} INFO - [2026-04-20T16:41:30.468+0000] {dagbag.py:538} INFO - Filling up the DagBag from /opt/airflow/dags/logidata_pipeline_dag.py
[2026-04-20T16:41:30.591+0000] {processor.py:840} INFO - DAG(s) 'logidata_pipeline_dag' retrieved from /opt/airflow/dags/logidata_pipeline_dag.py
[2026-04-20T16:41:30.639+0000] {logging_mixin.py:188} INFO - [2026-04-20T16:41:30.639+0000] {dag.py:3036} INFO - Sync 1 DAGs
[2026-04-20T16:41:30.656+0000] {logging_mixin.py:188} INFO - [2026-04-20T16:41:30.656+0000] {dag.py:3823} INFO - Setting next_dagrun for logidata_pipeline_dag to None, run_after=None
[2026-04-20T16:41:30.749+0000] {processor.py:183} INFO - Processing /opt/airflow/dags/logidata_pipeline_dag.py took 0.298 seconds
[2026-04-20T16:42:00.857+0000] {processor.py:161} INFO - Started process (PID=30) to work on /opt/airflow/dags/logidata_pipeline_dag.py
[2026-04-20T16:42:00.859+0000] {processor.py:830} INFO - Processing file /opt/airflow/dags/logidata_pipeline_dag.py for tasks to queue
[2026-04-20T16:42:00.860+0000] {logging_mixin.py:188} INFO - [2026-04-20T16:42:00.860+0000] {dagbag.py:538} INFO - Filling up the DagBag from /opt/airflow/dags/logidata_pipeline_dag.py
[2026-04-20T16:42:00.943+0000] {processor.py:840} INFO - DAG(s) 'logidata_pipeline_dag' retrieved from /opt/airflow/dags/logidata_pipeline_dag.py
[2026-04-20T16:42:00.982+0000] {logging_mixin.py:188} INFO - [2026-04-20T16:42:00.982+0000] {dag.py:3036} INFO - Sync 1 DAGs
[2026-04-20T16:42:01.000+0000] {logging_mixin.py:188} INFO - [2026-04-20T16:42:01.000+0000] {dag.py:3823} INFO - Setting next_dagrun for logidata_pipeline_dag to None, run_after=None
[2026-04-20T16:42:01.066+0000] {processor.py:183} INFO - Processing /opt/airflow/dags/logidata_pipeline_dag.py took 0.212 seconds
[2026-04-20T16:42:31.232+0000] {processor.py:161} INFO - Started process (PID=31) to work on /opt/airflow/dags/logidata_pipeline_dag.py
[2026-04-20T16:42:31.233+0000] {processor.py:830} INFO - Processing file /opt/airflow/dags/logidata_pipeline_dag.py for tasks to queue
[2026-04-20T16:42:31.235+0000] {logging_mixin.py:188} INFO - [2026-04-20T16:42:31.234+0000] {dagbag.py:538} INFO - Filling up the DagBag from /opt/airflow/dags/logidata_pipeline_dag.py
[2026-04-20T16:42:31.302+0000] {processor.py:840} INFO - DAG(s) 'logidata_pipeline_dag' retrieved from /opt/airflow/dags/logidata_pipeline_dag.py
[2026-04-20T16:42:31.345+0000] {logging_mixin.py:188} INFO - [2026-04-20T16:42:31.345+0000] {dag.py:3036} INFO - Sync 1 DAGs
[2026-04-20T16:42:31.363+0000] {logging_mixin.py:188} INFO - [2026-04-20T16:42:31.362+0000] {dag.py:3823} INFO - Setting next_dagrun for logidata_pipeline_dag to None, run_after=None
[2026-04-20T16:42:31.454+0000] {processor.py:183} INFO - Processing /opt/airflow/dags/logidata_pipeline_dag.py took 0.225 seconds
[2026-04-20T16:43:03.528+0000] {processor.py:161} INFO - Started process (PID=32) to work on /opt/airflow/dags/logidata_pipeline_dag.py
[2026-04-20T16:43:03.530+0000] {processor.py:830} INFO - Processing file /opt/airflow/dags/logidata_pipeline_dag.py for tasks to queue
[2026-04-20T16:43:03.531+0000] {logging_mixin.py:188} INFO - [2026-04-20T16:43:03.531+0000] {dagbag.py:538} INFO - Filling up the DagBag from /opt/airflow/dags/logidata_pipeline_dag.py
[2026-04-20T16:43:03.599+0000] {processor.py:840} INFO - DAG(s) 'logidata_pipeline_dag' retrieved from /opt/airflow/dags/logidata_pipeline_dag.py
[2026-04-20T16:43:03.636+0000] {logging_mixin.py:188} INFO - [2026-04-20T16:43:03.636+0000] {dag.py:3036} INFO - Sync 1 DAGs
[2026-04-20T16:43:03.652+0000] {logging_mixin.py:188} INFO - [2026-04-20T16:43:03.652+0000] {dag.py:3823} INFO - Setting next_dagrun for logidata_pipeline_dag to None, run_after=None
[2026-04-20T16:43:03.717+0000] {processor.py:183} INFO - Processing /opt/airflow/dags/logidata_pipeline_dag.py took 0.192 seconds
[2026-04-20T16:43:35.811+0000] {processor.py:161} INFO - Started process (PID=33) to work on /opt/airflow/dags/logidata_pipeline_dag.py
[2026-04-20T16:43:35.813+0000] {processor.py:830} INFO - Processing file /opt/airflow/dags/logidata_pipeline_dag.py for tasks to queue
[2026-04-20T16:43:35.814+0000] {logging_mixin.py:188} INFO - [2026-04-20T16:43:35.814+0000] {dagbag.py:538} INFO - Filling up the DagBag from /opt/airflow/dags/logidata_pipeline_dag.py
[2026-04-20T16:43:35.911+0000] {processor.py:840} INFO - DAG(s) 'logidata_pipeline_dag' retrieved from /opt/airflow/dags/logidata_pipeline_dag.py
[2026-04-20T16:43:35.963+0000] {logging_mixin.py:188} INFO - [2026-04-20T16:43:35.963+0000] {dag.py:3036} INFO - Sync 1 DAGs
[2026-04-20T16:43:35.983+0000] {logging_mixin.py:188} INFO - [2026-04-20T16:43:35.983+0000] {dag.py:3823} INFO - Setting next_dagrun for logidata_pipeline_dag to None, run_after=None
[2026-04-20T16:43:36.062+0000] {processor.py:183} INFO - Processing /opt/airflow/dags/logidata_pipeline_dag.py took 0.256 seconds
[2026-04-20T16:44:06.509+0000] {processor.py:161} INFO - Started process (PID=34) to work on /opt/airflow/dags/logidata_pipeline_dag.py
[2026-04-20T16:44:06.511+0000] {processor.py:830} INFO - Processing file /opt/airflow/dags/logidata_pipeline_dag.py for tasks to queue
[2026-04-20T16:44:06.512+0000] {logging_mixin.py:188} INFO - [2026-04-20T16:44:06.511+0000] {dagbag.py:538} INFO - Filling up the DagBag from /opt/airflow/dags/logidata_pipeline_dag.py
[2026-04-20T16:44:06.588+0000] {processor.py:840} INFO - DAG(s) 'logidata_pipeline_dag' retrieved from /opt/airflow/dags/logidata_pipeline_dag.py
[2026-04-20T16:44:06.633+0000] {logging_mixin.py:188} INFO - [2026-04-20T16:44:06.633+0000] {dag.py:3036} INFO - Sync 1 DAGs
[2026-04-20T16:44:06.650+0000] {logging_mixin.py:188} INFO - [2026-04-20T16:44:06.650+0000] {dag.py:3823} INFO - Setting next_dagrun for logidata_pipeline_dag to None, run_after=None
[2026-04-20T16:44:06.741+0000] {processor.py:183} INFO - Processing /opt/airflow/dags/logidata_pipeline_dag.py took 0.236 seconds
[2026-04-20T16:44:37.904+0000] {processor.py:161} INFO - Started process (PID=35) to work on /opt/airflow/dags/logidata_pipeline_dag.py
[2026-04-20T16:44:37.907+0000] {processor.py:830} INFO - Processing file /opt/airflow/dags/logidata_pipeline_dag.py for tasks to queue
[2026-04-20T16:44:37.910+0000] {logging_mixin.py:188} INFO - [2026-04-20T16:44:37.909+0000] {dagbag.py:538} INFO - Filling up the DagBag from /opt/airflow/dags/logidata_pipeline_dag.py
[2026-04-20T16:44:37.996+0000] {processor.py:840} INFO - DAG(s) 'logidata_pipeline_dag' retrieved from /opt/airflow/dags/logidata_pipeline_dag.py
[2026-04-20T16:44:38.037+0000] {logging_mixin.py:188} INFO - [2026-04-20T16:44:38.037+0000] {dag.py:3036} INFO - Sync 1 DAGs
[2026-04-20T16:44:38.053+0000] {logging_mixin.py:188} INFO - [2026-04-20T16:44:38.053+0000] {dag.py:3823} INFO - Setting next_dagrun for logidata_pipeline_dag to None, run_after=None
[2026-04-20T16:44:38.131+0000] {processor.py:183} INFO - Processing /opt/airflow/dags/logidata_pipeline_dag.py took 0.235 seconds
[2026-04-20T16:45:08.919+0000] {processor.py:161} INFO - Started process (PID=36) to work on /opt/airflow/dags/logidata_pipeline_dag.py
[2026-04-20T16:45:08.921+0000] {processor.py:830} INFO - Processing file /opt/airflow/dags/logidata_pipeline_dag.py for tasks to queue
[2026-04-20T16:45:08.923+0000] {logging_mixin.py:188} INFO - [2026-04-20T16:45:08.923+0000] {dagbag.py:538} INFO - Filling up the DagBag from /opt/airflow/dags/logidata_pipeline_dag.py
[2026-04-20T16:45:08.995+0000] {processor.py:840} INFO - DAG(s) 'logidata_pipeline_dag' retrieved from /opt/airflow/dags/logidata_pipeline_dag.py
[2026-04-20T16:45:09.038+0000] {logging_mixin.py:188} INFO - [2026-04-20T16:45:09.038+0000] {dag.py:3036} INFO - Sync 1 DAGs
[2026-04-20T16:45:09.054+0000] {logging_mixin.py:188} INFO - [2026-04-20T16:45:09.054+0000] {dag.py:3823} INFO - Setting next_dagrun for logidata_pipeline_dag to None, run_after=None
[2026-04-20T16:45:09.144+0000] {processor.py:183} INFO - Processing /opt/airflow/dags/logidata_pipeline_dag.py took 0.229 seconds
[2026-04-20T16:45:40.924+0000] {processor.py:161} INFO - Started process (PID=37) to work on /opt/airflow/dags/logidata_pipeline_dag.py
[2026-04-20T16:45:40.926+0000] {processor.py:830} INFO - Processing file /opt/airflow/dags/logidata_pipeline_dag.py for tasks to queue
[2026-04-20T16:45:40.927+0000] {logging_mixin.py:188} INFO - [2026-04-20T16:45:40.927+0000] {dagbag.py:538} INFO - Filling up the DagBag from /opt/airflow/dags/logidata_pipeline_dag.py
[2026-04-20T16:45:40.993+0000] {processor.py:840} INFO - DAG(s) 'logidata_pipeline_dag' retrieved from /opt/airflow/dags/logidata_pipeline_dag.py
[2026-04-20T16:45:41.042+0000] {logging_mixin.py:188} INFO - [2026-04-20T16:45:41.042+0000] {dag.py:3036} INFO - Sync 1 DAGs
[2026-04-20T16:45:41.058+0000] {logging_mixin.py:188} INFO - [2026-04-20T16:45:41.058+0000] {dag.py:3823} INFO - Setting next_dagrun for logidata_pipeline_dag to None, run_after=None
[2026-04-20T16:45:41.110+0000] {processor.py:183} INFO - Processing /opt/airflow/dags/logidata_pipeline_dag.py took 0.190 seconds
[2026-04-20T16:46:14.392+0000] {processor.py:161} INFO - Started process (PID=38) to work on /opt/airflow/dags/logidata_pipeline_dag.py
[2026-04-20T16:46:14.393+0000] {processor.py:830} INFO - Processing file /opt/airflow/dags/logidata_pipeline_dag.py for tasks to queue
[2026-04-20T16:46:14.394+0000] {logging_mixin.py:188} INFO - [2026-04-20T16:46:14.394+0000] {dagbag.py:538} INFO - Filling up the DagBag from /opt/airflow/dags/logidata_pipeline_dag.py
[2026-04-20T16:46:14.468+0000] {processor.py:840} INFO - DAG(s) 'logidata_pipeline_dag' retrieved from /opt/airflow/dags/logidata_pipeline_dag.py
[2026-04-20T16:46:14.511+0000] {logging_mixin.py:188} INFO - [2026-04-20T16:46:14.511+0000] {dag.py:3036} INFO - Sync 1 DAGs
[2026-04-20T16:46:14.527+0000] {logging_mixin.py:188} INFO - [2026-04-20T16:46:14.527+0000] {dag.py:3823} INFO - Setting next_dagrun for logidata_pipeline_dag to None, run_after=None
[2026-04-20T16:46:14.587+0000] {processor.py:183} INFO - Processing /opt/airflow/dags/logidata_pipeline_dag.py took 0.198 seconds
[2026-04-20T16:46:46.666+0000] {processor.py:161} INFO - Started process (PID=39) to work on /opt/airflow/dags/logidata_pipeline_dag.py
[2026-04-20T16:46:46.668+0000] {processor.py:830} INFO - Processing file /opt/airflow/dags/logidata_pipeline_dag.py for tasks to queue
[2026-04-20T16:46:46.670+0000] {logging_mixin.py:188} INFO - [2026-04-20T16:46:46.669+0000] {dagbag.py:538} INFO - Filling up the DagBag from /opt/airflow/dags/logidata_pipeline_dag.py
[2026-04-20T16:46:46.791+0000] {processor.py:840} INFO - DAG(s) 'logidata_pipeline_dag' retrieved from /opt/airflow/dags/logidata_pipeline_dag.py
[2026-04-20T16:46:46.836+0000] {logging_mixin.py:188} INFO - [2026-04-20T16:46:46.836+0000] {dag.py:3036} INFO - Sync 1 DAGs
[2026-04-20T16:46:46.858+0000] {logging_mixin.py:188} INFO - [2026-04-20T16:46:46.857+0000] {dag.py:3823} INFO - Setting next_dagrun for logidata_pipeline_dag to None, run_after=None
[2026-04-20T16:46:46.951+0000] {processor.py:183} INFO - Processing /opt/airflow/dags/logidata_pipeline_dag.py took 0.288 seconds
[2026-04-20T16:47:17.109+0000] {processor.py:161} INFO - Started process (PID=40) to work on /opt/airflow/dags/logidata_pipeline_dag.py
[2026-04-20T16:47:17.110+0000] {processor.py:830} INFO - Processing file /opt/airflow/dags/logidata_pipeline_dag.py for tasks to queue
[2026-04-20T16:47:17.111+0000] {logging_mixin.py:188} INFO - [2026-04-20T16:47:17.111+0000] {dagbag.py:538} INFO - Filling up the DagBag from /opt/airflow/dags/logidata_pipeline_dag.py
[2026-04-20T16:47:17.183+0000] {processor.py:840} INFO - DAG(s) 'logidata_pipeline_dag' retrieved from /opt/airflow/dags/logidata_pipeline_dag.py
[2026-04-20T16:47:17.235+0000] {logging_mixin.py:188} INFO - [2026-04-20T16:47:17.235+0000] {dag.py:3036} INFO - Sync 1 DAGs
[2026-04-20T16:47:17.255+0000] {logging_mixin.py:188} INFO - [2026-04-20T16:47:17.255+0000] {dag.py:3823} INFO - Setting next_dagrun for logidata_pipeline_dag to None, run_after=None
[2026-04-20T16:47:17.335+0000] {processor.py:183} INFO - Processing /opt/airflow/dags/logidata_pipeline_dag.py took 0.230 seconds
[2026-04-20T16:47:48.120+0000] {processor.py:161} INFO - Started process (PID=41) to work on /opt/airflow/dags/logidata_pipeline_dag.py
[2026-04-20T16:47:48.123+0000] {processor.py:830} INFO - Processing file /opt/airflow/dags/logidata_pipeline_dag.py for tasks to queue
[2026-04-20T16:47:48.124+0000] {logging_mixin.py:188} INFO - [2026-04-20T16:47:48.124+0000] {dagbag.py:538} INFO - Filling up the DagBag from /opt/airflow/dags/logidata_pipeline_dag.py
[2026-04-20T16:47:48.207+0000] {processor.py:840} INFO - DAG(s) 'logidata_pipeline_dag' retrieved from /opt/airflow/dags/logidata_pipeline_dag.py
[2026-04-20T16:47:48.257+0000] {logging_mixin.py:188} INFO - [2026-04-20T16:47:48.257+0000] {dag.py:3036} INFO - Sync 1 DAGs
[2026-04-20T16:47:48.275+0000] {logging_mixin.py:188} INFO - [2026-04-20T16:47:48.275+0000] {dag.py:3823} INFO - Setting next_dagrun for logidata_pipeline_dag to None, run_after=None
[2026-04-20T16:47:48.347+0000] {processor.py:183} INFO - Processing /opt/airflow/dags/logidata_pipeline_dag.py took 0.230 seconds
[2026-04-20T16:48:19.855+0000] {processor.py:161} INFO - Started process (PID=42) to work on /opt/airflow/dags/logidata_pipeline_dag.py
[2026-04-20T16:48:19.862+0000] {processor.py:830} INFO - Processing file /opt/airflow/dags/logidata_pipeline_dag.py for tasks to queue
[2026-04-20T16:48:19.864+0000] {logging_mixin.py:188} INFO - [2026-04-20T16:48:19.864+0000] {dagbag.py:538} INFO - Filling up the DagBag from /opt/airflow/dags/logidata_pipeline_dag.py
[2026-04-20T16:48:20.119+0000] {processor.py:840} INFO - DAG(s) 'logidata_pipeline_dag' retrieved from /opt/airflow/dags/logidata_pipeline_dag.py
[2026-04-20T16:48:20.314+0000] {logging_mixin.py:188} INFO - [2026-04-20T16:48:20.314+0000] {dag.py:3036} INFO - Sync 1 DAGs
[2026-04-20T16:48:20.371+0000] {logging_mixin.py:188} INFO - [2026-04-20T16:48:20.371+0000] {dag.py:3823} INFO - Setting next_dagrun for logidata_pipeline_dag to None, run_after=None
[2026-04-20T16:48:20.738+0000] {processor.py:183} INFO - Processing /opt/airflow/dags/logidata_pipeline_dag.py took 0.889 seconds
[2026-04-20T16:48:51.659+0000] {processor.py:161} INFO - Started process (PID=43) to work on /opt/airflow/dags/logidata_pipeline_dag.py
[2026-04-20T16:48:51.661+0000] {processor.py:830} INFO - Processing file /opt/airflow/dags/logidata_pipeline_dag.py for tasks to queue
[2026-04-20T16:48:51.662+0000] {logging_mixin.py:188} INFO - [2026-04-20T16:48:51.662+0000] {dagbag.py:538} INFO - Filling up the DagBag from /opt/airflow/dags/logidata_pipeline_dag.py
[2026-04-20T16:48:51.739+0000] {processor.py:840} INFO - DAG(s) 'logidata_pipeline_dag' retrieved from /opt/airflow/dags/logidata_pipeline_dag.py
[2026-04-20T16:48:51.789+0000] {logging_mixin.py:188} INFO - [2026-04-20T16:48:51.789+0000] {dag.py:3036} INFO - Sync 1 DAGs
[2026-04-20T16:48:51.805+0000] {logging_mixin.py:188} INFO - [2026-04-20T16:48:51.805+0000] {dag.py:3823} INFO - Setting next_dagrun for logidata_pipeline_dag to None, run_after=None
[2026-04-20T16:48:51.881+0000] {processor.py:183} INFO - Processing /opt/airflow/dags/logidata_pipeline_dag.py took 0.226 seconds
[2026-04-20T16:49:22.282+0000] {processor.py:161} INFO - Started process (PID=44) to work on /opt/airflow/dags/logidata_pipeline_dag.py
[2026-04-20T16:49:22.285+0000] {processor.py:830} INFO - Processing file /opt/airflow/dags/logidata_pipeline_dag.py for tasks to queue
[2026-04-20T16:49:22.288+0000] {logging_mixin.py:188} INFO - [2026-04-20T16:49:22.287+0000] {dagbag.py:538} INFO - Filling up the DagBag from /opt/airflow/dags/logidata_pipeline_dag.py
[2026-04-20T16:49:22.409+0000] {processor.py:840} INFO - DAG(s) 'logidata_pipeline_dag' retrieved from /opt/airflow/dags/logidata_pipeline_dag.py
[2026-04-20T16:49:22.501+0000] {logging_mixin.py:188} INFO - [2026-04-20T16:49:22.501+0000] {dag.py:3036} INFO - Sync 1 DAGs
[2026-04-20T16:49:22.536+0000] {logging_mixin.py:188} INFO - [2026-04-20T16:49:22.535+0000] {dag.py:3823} INFO - Setting next_dagrun for logidata_pipeline_dag to None, run_after=None
[2026-04-20T16:49:22.721+0000] {processor.py:183} INFO - Processing /opt/airflow/dags/logidata_pipeline_dag.py took 0.447 seconds
[2026-04-20T16:49:53.466+0000] {processor.py:161} INFO - Started process (PID=45) to work on /opt/airflow/dags/logidata_pipeline_dag.py
[2026-04-20T16:49:53.470+0000] {processor.py:830} INFO - Processing file /opt/airflow/dags/logidata_pipeline_dag.py for tasks to queue
[2026-04-20T16:49:53.474+0000] {logging_mixin.py:188} INFO - [2026-04-20T16:49:53.473+0000] {dagbag.py:538} INFO - Filling up the DagBag from /opt/airflow/dags/logidata_pipeline_dag.py
[2026-04-20T16:49:53.636+0000] {processor.py:840} INFO - DAG(s) 'logidata_pipeline_dag' retrieved from /opt/airflow/dags/logidata_pipeline_dag.py
[2026-04-20T16:49:53.681+0000] {logging_mixin.py:188} INFO - [2026-04-20T16:49:53.681+0000] {dag.py:3036} INFO - Sync 1 DAGs
[2026-04-20T16:49:53.698+0000] {logging_mixin.py:188} INFO - [2026-04-20T16:49:53.698+0000] {dag.py:3823} INFO - Setting next_dagrun for logidata_pipeline_dag to None, run_after=None
[2026-04-20T16:49:53.805+0000] {processor.py:183} INFO - Processing /opt/airflow/dags/logidata_pipeline_dag.py took 0.351 seconds
[2026-04-20T16:50:24.148+0000] {processor.py:161} INFO - Started process (PID=46) to work on /opt/airflow/dags/logidata_pipeline_dag.py
[2026-04-20T16:50:24.151+0000] {processor.py:830} INFO - Processing file /opt/airflow/dags/logidata_pipeline_dag.py for tasks to queue
[2026-04-20T16:50:24.155+0000] {logging_mixin.py:188} INFO - [2026-04-20T16:50:24.153+0000] {dagbag.py:538} INFO - Filling up the DagBag from /opt/airflow/dags/logidata_pipeline_dag.py
[2026-04-20T16:50:24.334+0000] {processor.py:840} INFO - DAG(s) 'logidata_pipeline_dag' retrieved from /opt/airflow/dags/logidata_pipeline_dag.py
[2026-04-20T16:50:24.388+0000] {logging_mixin.py:188} INFO - [2026-04-20T16:50:24.388+0000] {dag.py:3036} INFO - Sync 1 DAGs
[2026-04-20T16:50:24.406+0000] {logging_mixin.py:188} INFO - [2026-04-20T16:50:24.406+0000] {dag.py:3823} INFO - Setting next_dagrun for logidata_pipeline_dag to None, run_after=None
[2026-04-20T16:50:24.502+0000] {processor.py:183} INFO - Processing /opt/airflow/dags/logidata_pipeline_dag.py took 0.365 seconds
[2026-04-20T16:50:55.779+0000] {processor.py:161} INFO - Started process (PID=47) to work on /opt/airflow/dags/logidata_pipeline_dag.py
[2026-04-20T16:50:55.782+0000] {processor.py:830} INFO - Processing file /opt/airflow/dags/logidata_pipeline_dag.py for tasks to queue
[2026-04-20T16:50:55.785+0000] {logging_mixin.py:188} INFO - [2026-04-20T16:50:55.784+0000] {dagbag.py:538} INFO - Filling up the DagBag from /opt/airflow/dags/logidata_pipeline_dag.py
[2026-04-20T16:50:55.900+0000] {processor.py:840} INFO - DAG(s) 'logidata_pipeline_dag' retrieved from /opt/airflow/dags/logidata_pipeline_dag.py
[2026-04-20T16:50:55.944+0000] {logging_mixin.py:188} INFO - [2026-04-20T16:50:55.943+0000] {dag.py:3036} INFO - Sync 1 DAGs
[2026-04-20T16:50:55.963+0000] {logging_mixin.py:188} INFO - [2026-04-20T16:50:55.962+0000] {dag.py:3823} INFO - Setting next_dagrun for logidata_pipeline_dag to None, run_after=None
[2026-04-20T16:50:56.066+0000] {processor.py:183} INFO - Processing /opt/airflow/dags/logidata_pipeline_dag.py took 0.297 seconds
[2026-04-20T16:51:26.712+0000] {processor.py:161} INFO - Started process (PID=48) to work on /opt/airflow/dags/logidata_pipeline_dag.py
[2026-04-20T16:51:26.715+0000] {processor.py:830} INFO - Processing file /opt/airflow/dags/logidata_pipeline_dag.py for tasks to queue
[2026-04-20T16:51:26.718+0000] {logging_mixin.py:188} INFO - [2026-04-20T16:51:26.717+0000] {dagbag.py:538} INFO - Filling up the DagBag from /opt/airflow/dags/logidata_pipeline_dag.py
[2026-04-20T16:51:26.839+0000] {processor.py:840} INFO - DAG(s) 'logidata_pipeline_dag' retrieved from /opt/airflow/dags/logidata_pipeline_dag.py
[2026-04-20T16:51:26.912+0000] {logging_mixin.py:188} INFO - [2026-04-20T16:51:26.912+0000] {dag.py:3036} INFO - Sync 1 DAGs
[2026-04-20T16:51:26.959+0000] {logging_mixin.py:188} INFO - [2026-04-20T16:51:26.958+0000] {dag.py:3823} INFO - Setting next_dagrun for logidata_pipeline_dag to None, run_after=None
[2026-04-20T16:51:27.069+0000] {processor.py:183} INFO - Processing /opt/airflow/dags/logidata_pipeline_dag.py took 0.362 seconds
[2026-04-20T16:51:57.954+0000] {processor.py:161} INFO - Started process (PID=49) to work on /opt/airflow/dags/logidata_pipeline_dag.py
[2026-04-20T16:51:57.955+0000] {processor.py:830} INFO - Processing file /opt/airflow/dags/logidata_pipeline_dag.py for tasks to queue
[2026-04-20T16:51:57.957+0000] {logging_mixin.py:188} INFO - [2026-04-20T16:51:57.956+0000] {dagbag.py:538} INFO - Filling up the DagBag from /opt/airflow/dags/logidata_pipeline_dag.py
[2026-04-20T16:51:58.034+0000] {processor.py:840} INFO - DAG(s) 'logidata_pipeline_dag' retrieved from /opt/airflow/dags/logidata_pipeline_dag.py
[2026-04-20T16:51:58.075+0000] {logging_mixin.py:188} INFO - [2026-04-20T16:51:58.075+0000] {dag.py:3036} INFO - Sync 1 DAGs
[2026-04-20T16:51:58.090+0000] {logging_mixin.py:188} INFO - [2026-04-20T16:51:58.090+0000] {dag.py:3823} INFO - Setting next_dagrun for logidata_pipeline_dag to None, run_after=None
[2026-04-20T16:51:58.185+0000] {processor.py:183} INFO - Processing /opt/airflow/dags/logidata_pipeline_dag.py took 0.235 seconds
[2026-04-20T16:52:28.371+0000] {processor.py:161} INFO - Started process (PID=50) to work on /opt/airflow/dags/logidata_pipeline_dag.py
[2026-04-20T16:52:28.373+0000] {processor.py:830} INFO - Processing file /opt/airflow/dags/logidata_pipeline_dag.py for tasks to queue
[2026-04-20T16:52:28.375+0000] {logging_mixin.py:188} INFO - [2026-04-20T16:52:28.374+0000] {dagbag.py:538} INFO - Filling up the DagBag from /opt/airflow/dags/logidata_pipeline_dag.py
[2026-04-20T16:52:28.488+0000] {processor.py:840} INFO - DAG(s) 'logidata_pipeline_dag' retrieved from /opt/airflow/dags/logidata_pipeline_dag.py
[2026-04-20T16:52:28.543+0000] {logging_mixin.py:188} INFO - [2026-04-20T16:52:28.543+0000] {dag.py:3036} INFO - Sync 1 DAGs
[2026-04-20T16:52:28.563+0000] {logging_mixin.py:188} INFO - [2026-04-20T16:52:28.563+0000] {dag.py:3823} INFO - Setting next_dagrun for logidata_pipeline_dag to None, run_after=None
[2026-04-20T16:52:28.638+0000] {processor.py:183} INFO - Processing /opt/airflow/dags/logidata_pipeline_dag.py took 0.270 seconds
[2026-04-20T16:53:01.647+0000] {processor.py:161} INFO - Started process (PID=51) to work on /opt/airflow/dags/logidata_pipeline_dag.py
[2026-04-20T16:53:01.648+0000] {processor.py:830} INFO - Processing file /opt/airflow/dags/logidata_pipeline_dag.py for tasks to queue
[2026-04-20T16:53:01.649+0000] {logging_mixin.py:188} INFO - [2026-04-20T16:53:01.649+0000] {dagbag.py:538} INFO - Filling up the DagBag from /opt/airflow/dags/logidata_pipeline_dag.py
[2026-04-20T16:53:01.718+0000] {processor.py:840} INFO - DAG(s) 'logidata_pipeline_dag' retrieved from /opt/airflow/dags/logidata_pipeline_dag.py
[2026-04-20T16:53:01.761+0000] {logging_mixin.py:188} INFO - [2026-04-20T16:53:01.761+0000] {dag.py:3036} INFO - Sync 1 DAGs
[2026-04-20T16:53:01.777+0000] {logging_mixin.py:188} INFO - [2026-04-20T16:53:01.777+0000] {dag.py:3823} INFO - Setting next_dagrun for logidata_pipeline_dag to None, run_after=None
[2026-04-20T16:53:01.855+0000] {processor.py:183} INFO - Processing /opt/airflow/dags/logidata_pipeline_dag.py took 0.211 seconds
[2026-04-20T16:53:33.955+0000] {processor.py:161} INFO - Started process (PID=52) to work on /opt/airflow/dags/logidata_pipeline_dag.py
[2026-04-20T16:53:33.958+0000] {processor.py:830} INFO - Processing file /opt/airflow/dags/logidata_pipeline_dag.py for tasks to queue
[2026-04-20T16:53:33.960+0000] {logging_mixin.py:188} INFO - [2026-04-20T16:53:33.959+0000] {dagbag.py:538} INFO - Filling up the DagBag from /opt/airflow/dags/logidata_pipeline_dag.py
[2026-04-20T16:53:34.069+0000] {processor.py:840} INFO - DAG(s) 'logidata_pipeline_dag' retrieved from /opt/airflow/dags/logidata_pipeline_dag.py
[2026-04-20T16:53:34.127+0000] {logging_mixin.py:188} INFO - [2026-04-20T16:53:34.127+0000] {dag.py:3036} INFO - Sync 1 DAGs
[2026-04-20T16:53:34.154+0000] {logging_mixin.py:188} INFO - [2026-04-20T16:53:34.153+0000] {dag.py:3823} INFO - Setting next_dagrun for logidata_pipeline_dag to None, run_after=None
[2026-04-20T16:53:34.257+0000] {processor.py:183} INFO - Processing /opt/airflow/dags/logidata_pipeline_dag.py took 0.307 seconds
[2026-04-20T16:54:05.148+0000] {processor.py:161} INFO - Started process (PID=53) to work on /opt/airflow/dags/logidata_pipeline_dag.py
[2026-04-20T16:54:05.150+0000] {processor.py:830} INFO - Processing file /opt/airflow/dags/logidata_pipeline_dag.py for tasks to queue
[2026-04-20T16:54:05.151+0000] {logging_mixin.py:188} INFO - [2026-04-20T16:54:05.151+0000] {dagbag.py:538} INFO - Filling up the DagBag from /opt/airflow/dags/logidata_pipeline_dag.py
[2026-04-20T16:54:05.240+0000] {processor.py:840} INFO - DAG(s) 'logidata_pipeline_dag' retrieved from /opt/airflow/dags/logidata_pipeline_dag.py
[2026-04-20T16:54:05.299+0000] {logging_mixin.py:188} INFO - [2026-04-20T16:54:05.299+0000] {dag.py:3036} INFO - Sync 1 DAGs
[2026-04-20T16:54:05.318+0000] {logging_mixin.py:188} INFO - [2026-04-20T16:54:05.318+0000] {dag.py:3823} INFO - Setting next_dagrun for logidata_pipeline_dag to None, run_after=None
[2026-04-20T16:54:05.422+0000] {processor.py:183} INFO - Processing /opt/airflow/dags/logidata_pipeline_dag.py took 0.278 seconds
[2026-04-20T16:54:36.092+0000] {processor.py:161} INFO - Started process (PID=54) to work on /opt/airflow/dags/logidata_pipeline_dag.py
[2026-04-20T16:54:36.093+0000] {processor.py:830} INFO - Processing file /opt/airflow/dags/logidata_pipeline_dag.py for tasks to queue
[2026-04-20T16:54:36.096+0000] {logging_mixin.py:188} INFO - [2026-04-20T16:54:36.095+0000] {dagbag.py:538} INFO - Filling up the DagBag from /opt/airflow/dags/logidata_pipeline_dag.py
[2026-04-20T16:54:36.198+0000] {processor.py:840} INFO - DAG(s) 'logidata_pipeline_dag' retrieved from /opt/airflow/dags/logidata_pipeline_dag.py
[2026-04-20T16:54:36.254+0000] {logging_mixin.py:188} INFO - [2026-04-20T16:54:36.253+0000] {dag.py:3036} INFO - Sync 1 DAGs
[2026-04-20T16:54:36.282+0000] {logging_mixin.py:188} INFO - [2026-04-20T16:54:36.281+0000] {dag.py:3823} INFO - Setting next_dagrun for logidata_pipeline_dag to None, run_after=None
[2026-04-20T16:54:36.364+0000] {processor.py:183} INFO - Processing /opt/airflow/dags/logidata_pipeline_dag.py took 0.276 seconds
[2026-04-20T16:55:06.919+0000] {processor.py:161} INFO - Started process (PID=55) to work on /opt/airflow/dags/logidata_pipeline_dag.py
[2026-04-20T16:55:06.921+0000] {processor.py:830} INFO - Processing file /opt/airflow/dags/logidata_pipeline_dag.py for tasks to queue
[2026-04-20T16:55:06.923+0000] {logging_mixin.py:188} INFO - [2026-04-20T16:55:06.922+0000] {dagbag.py:538} INFO - Filling up the DagBag from /opt/airflow/dags/logidata_pipeline_dag.py
[2026-04-20T16:55:07.011+0000] {processor.py:840} INFO - DAG(s) 'logidata_pipeline_dag' retrieved from /opt/airflow/dags/logidata_pipeline_dag.py
[2026-04-20T16:55:07.056+0000] {logging_mixin.py:188} INFO - [2026-04-20T16:55:07.056+0000] {dag.py:3036} INFO - Sync 1 DAGs
[2026-04-20T16:55:07.072+0000] {logging_mixin.py:188} INFO - [2026-04-20T16:55:07.071+0000] {dag.py:3823} INFO - Setting next_dagrun for logidata_pipeline_dag to None, run_after=None
[2026-04-20T16:55:07.154+0000] {processor.py:183} INFO - Processing /opt/airflow/dags/logidata_pipeline_dag.py took 0.239 seconds
[2026-04-20T16:57:17.006+0000] {processor.py:161} INFO - Started process (PID=26) to work on /opt/airflow/dags/logidata_pipeline_dag.py
[2026-04-20T16:57:17.008+0000] {processor.py:830} INFO - Processing file /opt/airflow/dags/logidata_pipeline_dag.py for tasks to queue
[2026-04-20T16:57:17.009+0000] {logging_mixin.py:188} INFO - [2026-04-20T16:57:17.009+0000] {dagbag.py:538} INFO - Filling up the DagBag from /opt/airflow/dags/logidata_pipeline_dag.py
[2026-04-20T16:57:17.281+0000] {processor.py:840} INFO - DAG(s) 'logidata_pipeline_dag' retrieved from /opt/airflow/dags/logidata_pipeline_dag.py
[2026-04-20T16:57:17.524+0000] {logging_mixin.py:188} INFO - [2026-04-20T16:57:17.524+0000] {dag.py:3036} INFO - Sync 1 DAGs
[2026-04-20T16:57:17.537+0000] {logging_mixin.py:188} INFO - [2026-04-20T16:57:17.537+0000] {dag.py:3823} INFO - Setting next_dagrun for logidata_pipeline_dag to None, run_after=None
[2026-04-20T16:57:17.627+0000] {processor.py:183} INFO - Processing /opt/airflow/dags/logidata_pipeline_dag.py took 0.625 seconds
[2026-04-20T16:57:47.717+0000] {processor.py:161} INFO - Started process (PID=27) to work on /opt/airflow/dags/logidata_pipeline_dag.py
[2026-04-20T16:57:47.718+0000] {processor.py:830} INFO - Processing file /opt/airflow/dags/logidata_pipeline_dag.py for tasks to queue
[2026-04-20T16:57:47.719+0000] {logging_mixin.py:188} INFO - [2026-04-20T16:57:47.719+0000] {dagbag.py:538} INFO - Filling up the DagBag from /opt/airflow/dags/logidata_pipeline_dag.py
[2026-04-20T16:57:47.807+0000] {processor.py:840} INFO - DAG(s) 'logidata_pipeline_dag' retrieved from /opt/airflow/dags/logidata_pipeline_dag.py
[2026-04-20T16:57:47.845+0000] {logging_mixin.py:188} INFO - [2026-04-20T16:57:47.845+0000] {dag.py:3036} INFO - Sync 1 DAGs
[2026-04-20T16:57:47.864+0000] {logging_mixin.py:188} INFO - [2026-04-20T16:57:47.864+0000] {dag.py:3823} INFO - Setting next_dagrun for logidata_pipeline_dag to None, run_after=None
[2026-04-20T16:57:47.944+0000] {processor.py:183} INFO - Processing /opt/airflow/dags/logidata_pipeline_dag.py took 0.231 seconds
[2026-04-20T16:58:18.726+0000] {processor.py:161} INFO - Started process (PID=28) to work on /opt/airflow/dags/logidata_pipeline_dag.py
[2026-04-20T16:58:18.728+0000] {processor.py:830} INFO - Processing file /opt/airflow/dags/logidata_pipeline_dag.py for tasks to queue
[2026-04-20T16:58:18.730+0000] {logging_mixin.py:188} INFO - [2026-04-20T16:58:18.730+0000] {dagbag.py:538} INFO - Filling up the DagBag from /opt/airflow/dags/logidata_pipeline_dag.py
[2026-04-20T16:58:18.838+0000] {processor.py:840} INFO - DAG(s) 'logidata_pipeline_dag' retrieved from /opt/airflow/dags/logidata_pipeline_dag.py
[2026-04-20T16:58:18.874+0000] {logging_mixin.py:188} INFO - [2026-04-20T16:58:18.874+0000] {dag.py:3036} INFO - Sync 1 DAGs
[2026-04-20T16:58:18.892+0000] {logging_mixin.py:188} INFO - [2026-04-20T16:58:18.892+0000] {dag.py:3823} INFO - Setting next_dagrun for logidata_pipeline_dag to None, run_after=None
[2026-04-20T16:58:18.965+0000] {processor.py:183} INFO - Processing /opt/airflow/dags/logidata_pipeline_dag.py took 0.245 seconds
[2026-04-20T16:58:49.498+0000] {processor.py:161} INFO - Started process (PID=29) to work on /opt/airflow/dags/logidata_pipeline_dag.py
[2026-04-20T16:58:49.502+0000] {processor.py:830} INFO - Processing file /opt/airflow/dags/logidata_pipeline_dag.py for tasks to queue
[2026-04-20T16:58:49.503+0000] {logging_mixin.py:188} INFO - [2026-04-20T16:58:49.503+0000] {dagbag.py:538} INFO - Filling up the DagBag from /opt/airflow/dags/logidata_pipeline_dag.py
[2026-04-20T16:58:49.604+0000] {processor.py:840} INFO - DAG(s) 'logidata_pipeline_dag' retrieved from /opt/airflow/dags/logidata_pipeline_dag.py
[2026-04-20T16:58:49.652+0000] {logging_mixin.py:188} INFO - [2026-04-20T16:58:49.650+0000] {dag.py:3036} INFO - Sync 1 DAGs
[2026-04-20T16:58:49.671+0000] {logging_mixin.py:188} INFO - [2026-04-20T16:58:49.671+0000] {dag.py:3823} INFO - Setting next_dagrun for logidata_pipeline_dag to None, run_after=None
[2026-04-20T16:58:49.764+0000] {processor.py:183} INFO - Processing /opt/airflow/dags/logidata_pipeline_dag.py took 0.273 seconds
[2026-04-20T16:59:21.335+0000] {processor.py:161} INFO - Started process (PID=30) to work on /opt/airflow/dags/logidata_pipeline_dag.py
[2026-04-20T16:59:21.338+0000] {processor.py:830} INFO - Processing file /opt/airflow/dags/logidata_pipeline_dag.py for tasks to queue
[2026-04-20T16:59:21.340+0000] {logging_mixin.py:188} INFO - [2026-04-20T16:59:21.339+0000] {dagbag.py:538} INFO - Filling up the DagBag from /opt/airflow/dags/logidata_pipeline_dag.py
[2026-04-20T16:59:21.463+0000] {processor.py:840} INFO - DAG(s) 'logidata_pipeline_dag' retrieved from /opt/airflow/dags/logidata_pipeline_dag.py
[2026-04-20T16:59:21.513+0000] {logging_mixin.py:188} INFO - [2026-04-20T16:59:21.512+0000] {dag.py:3036} INFO - Sync 1 DAGs
[2026-04-20T16:59:21.531+0000] {logging_mixin.py:188} INFO - [2026-04-20T16:59:21.531+0000] {dag.py:3823} INFO - Setting next_dagrun for logidata_pipeline_dag to None, run_after=None
[2026-04-20T16:59:21.645+0000] {processor.py:183} INFO - Processing /opt/airflow/dags/logidata_pipeline_dag.py took 0.318 seconds
[2026-04-20T16:59:52.024+0000] {processor.py:161} INFO - Started process (PID=31) to work on /opt/airflow/dags/logidata_pipeline_dag.py
[2026-04-20T16:59:52.027+0000] {processor.py:830} INFO - Processing file /opt/airflow/dags/logidata_pipeline_dag.py for tasks to queue
[2026-04-20T16:59:52.029+0000] {logging_mixin.py:188} INFO - [2026-04-20T16:59:52.028+0000] {dagbag.py:538} INFO - Filling up the DagBag from /opt/airflow/dags/logidata_pipeline_dag.py
[2026-04-20T16:59:52.131+0000] {processor.py:840} INFO - DAG(s) 'logidata_pipeline_dag' retrieved from /opt/airflow/dags/logidata_pipeline_dag.py
[2026-04-20T16:59:52.172+0000] {logging_mixin.py:188} INFO - [2026-04-20T16:59:52.172+0000] {dag.py:3036} INFO - Sync 1 DAGs
[2026-04-20T16:59:52.191+0000] {logging_mixin.py:188} INFO - [2026-04-20T16:59:52.191+0000] {dag.py:3823} INFO - Setting next_dagrun for logidata_pipeline_dag to None, run_after=None
[2026-04-20T16:59:52.294+0000] {processor.py:183} INFO - Processing /opt/airflow/dags/logidata_pipeline_dag.py took 0.274 seconds
[2026-04-20T17:00:23.111+0000] {processor.py:161} INFO - Started process (PID=32) to work on /opt/airflow/dags/logidata_pipeline_dag.py
[2026-04-20T17:00:23.113+0000] {processor.py:830} INFO - Processing file /opt/airflow/dags/logidata_pipeline_dag.py for tasks to queue
[2026-04-20T17:00:23.114+0000] {logging_mixin.py:188} INFO - [2026-04-20T17:00:23.114+0000] {dagbag.py:538} INFO - Filling up the DagBag from /opt/airflow/dags/logidata_pipeline_dag.py
[2026-04-20T17:00:23.215+0000] {processor.py:840} INFO - DAG(s) 'logidata_pipeline_dag' retrieved from /opt/airflow/dags/logidata_pipeline_dag.py
[2026-04-20T17:00:23.264+0000] {logging_mixin.py:188} INFO - [2026-04-20T17:00:23.264+0000] {dag.py:3036} INFO - Sync 1 DAGs
[2026-04-20T17:00:23.282+0000] {logging_mixin.py:188} INFO - [2026-04-20T17:00:23.282+0000] {dag.py:3823} INFO - Setting next_dagrun for logidata_pipeline_dag to None, run_after=None
[2026-04-20T17:00:23.432+0000] {processor.py:183} INFO - Processing /opt/airflow/dags/logidata_pipeline_dag.py took 0.324 seconds
[2026-04-20T17:00:53.643+0000] {processor.py:161} INFO - Started process (PID=33) to work on /opt/airflow/dags/logidata_pipeline_dag.py
[2026-04-20T17:00:53.645+0000] {processor.py:830} INFO - Processing file /opt/airflow/dags/logidata_pipeline_dag.py for tasks to queue
[2026-04-20T17:00:53.647+0000] {logging_mixin.py:188} INFO - [2026-04-20T17:00:53.647+0000] {dagbag.py:538} INFO - Filling up the DagBag from /opt/airflow/dags/logidata_pipeline_dag.py
[2026-04-20T17:00:53.743+0000] {processor.py:840} INFO - DAG(s) 'logidata_pipeline_dag' retrieved from /opt/airflow/dags/logidata_pipeline_dag.py
[2026-04-20T17:00:53.795+0000] {logging_mixin.py:188} INFO - [2026-04-20T17:00:53.795+0000] {dag.py:3036} INFO - Sync 1 DAGs
[2026-04-20T17:00:53.812+0000] {logging_mixin.py:188} INFO - [2026-04-20T17:00:53.812+0000] {dag.py:3823} INFO - Setting next_dagrun for logidata_pipeline_dag to None, run_after=None
[2026-04-20T17:00:53.933+0000] {processor.py:183} INFO - Processing /opt/airflow/dags/logidata_pipeline_dag.py took 0.293 seconds
[2026-04-20T17:01:26.206+0000] {processor.py:161} INFO - Started process (PID=34) to work on /opt/airflow/dags/logidata_pipeline_dag.py
[2026-04-20T17:01:26.208+0000] {processor.py:830} INFO - Processing file /opt/airflow/dags/logidata_pipeline_dag.py for tasks to queue
[2026-04-20T17:01:26.209+0000] {logging_mixin.py:188} INFO - [2026-04-20T17:01:26.209+0000] {dagbag.py:538} INFO - Filling up the DagBag from /opt/airflow/dags/logidata_pipeline_dag.py
[2026-04-20T17:01:26.278+0000] {processor.py:840} INFO - DAG(s) 'logidata_pipeline_dag' retrieved from /opt/airflow/dags/logidata_pipeline_dag.py
[2026-04-20T17:01:26.323+0000] {logging_mixin.py:188} INFO - [2026-04-20T17:01:26.323+0000] {dag.py:3036} INFO - Sync 1 DAGs
[2026-04-20T17:01:26.342+0000] {logging_mixin.py:188} INFO - [2026-04-20T17:01:26.342+0000] {dag.py:3823} INFO - Setting next_dagrun for logidata_pipeline_dag to None, run_after=None
[2026-04-20T17:01:26.417+0000] {processor.py:183} INFO - Processing /opt/airflow/dags/logidata_pipeline_dag.py took 0.215 seconds
[2026-04-20T17:01:58.904+0000] {processor.py:161} INFO - Started process (PID=35) to work on /opt/airflow/dags/logidata_pipeline_dag.py
[2026-04-20T17:01:58.905+0000] {processor.py:830} INFO - Processing file /opt/airflow/dags/logidata_pipeline_dag.py for tasks to queue
[2026-04-20T17:01:58.906+0000] {logging_mixin.py:188} INFO - [2026-04-20T17:01:58.906+0000] {dagbag.py:538} INFO - Filling up the DagBag from /opt/airflow/dags/logidata_pipeline_dag.py
[2026-04-20T17:01:58.983+0000] {processor.py:840} INFO - DAG(s) 'logidata_pipeline_dag' retrieved from /opt/airflow/dags/logidata_pipeline_dag.py
[2026-04-20T17:01:59.022+0000] {logging_mixin.py:188} INFO - [2026-04-20T17:01:59.022+0000] {dag.py:3036} INFO - Sync 1 DAGs
[2026-04-20T17:01:59.041+0000] {logging_mixin.py:188} INFO - [2026-04-20T17:01:59.040+0000] {dag.py:3823} INFO - Setting next_dagrun for logidata_pipeline_dag to None, run_after=None
[2026-04-20T17:01:59.117+0000] {processor.py:183} INFO - Processing /opt/airflow/dags/logidata_pipeline_dag.py took 0.217 seconds
[2026-04-20T17:02:32.054+0000] {processor.py:161} INFO - Started process (PID=36) to work on /opt/airflow/dags/logidata_pipeline_dag.py
[2026-04-20T17:02:32.056+0000] {processor.py:830} INFO - Processing file /opt/airflow/dags/logidata_pipeline_dag.py for tasks to queue
[2026-04-20T17:02:32.057+0000] {logging_mixin.py:188} INFO - [2026-04-20T17:02:32.057+0000] {dagbag.py:538} INFO - Filling up the DagBag from /opt/airflow/dags/logidata_pipeline_dag.py
[2026-04-20T17:02:32.137+0000] {processor.py:840} INFO - DAG(s) 'logidata_pipeline_dag' retrieved from /opt/airflow/dags/logidata_pipeline_dag.py
[2026-04-20T17:02:32.186+0000] {logging_mixin.py:188} INFO - [2026-04-20T17:02:32.186+0000] {dag.py:3036} INFO - Sync 1 DAGs
[2026-04-20T17:02:32.210+0000] {logging_mixin.py:188} INFO - [2026-04-20T17:02:32.210+0000] {dag.py:3823} INFO - Setting next_dagrun for logidata_pipeline_dag to None, run_after=None
[2026-04-20T17:02:32.285+0000] {processor.py:183} INFO - Processing /opt/airflow/dags/logidata_pipeline_dag.py took 0.233 seconds
[2026-04-20T17:03:05.580+0000] {processor.py:161} INFO - Started process (PID=37) to work on /opt/airflow/dags/logidata_pipeline_dag.py
[2026-04-20T17:03:05.582+0000] {processor.py:830} INFO - Processing file /opt/airflow/dags/logidata_pipeline_dag.py for tasks to queue
[2026-04-20T17:03:05.584+0000] {logging_mixin.py:188} INFO - [2026-04-20T17:03:05.583+0000] {dagbag.py:538} INFO - Filling up the DagBag from /opt/airflow/dags/logidata_pipeline_dag.py
[2026-04-20T17:03:05.670+0000] {processor.py:840} INFO - DAG(s) 'logidata_pipeline_dag' retrieved from /opt/airflow/dags/logidata_pipeline_dag.py
[2026-04-20T17:03:05.720+0000] {logging_mixin.py:188} INFO - [2026-04-20T17:03:05.720+0000] {dag.py:3036} INFO - Sync 1 DAGs
[2026-04-20T17:03:05.739+0000] {logging_mixin.py:188} INFO - [2026-04-20T17:03:05.739+0000] {dag.py:3823} INFO - Setting next_dagrun for logidata_pipeline_dag to None, run_after=None
[2026-04-20T17:03:05.837+0000] {processor.py:183} INFO - Processing /opt/airflow/dags/logidata_pipeline_dag.py took 0.262 seconds
[2026-04-20T17:03:36.005+0000] {processor.py:161} INFO - Started process (PID=38) to work on /opt/airflow/dags/logidata_pipeline_dag.py
[2026-04-20T17:03:36.007+0000] {processor.py:830} INFO - Processing file /opt/airflow/dags/logidata_pipeline_dag.py for tasks to queue
[2026-04-20T17:03:36.009+0000] {logging_mixin.py:188} INFO - [2026-04-20T17:03:36.008+0000] {dagbag.py:538} INFO - Filling up the DagBag from /opt/airflow/dags/logidata_pipeline_dag.py
[2026-04-20T17:03:36.091+0000] {processor.py:840} INFO - DAG(s) 'logidata_pipeline_dag' retrieved from /opt/airflow/dags/logidata_pipeline_dag.py
[2026-04-20T17:03:36.139+0000] {logging_mixin.py:188} INFO - [2026-04-20T17:03:36.138+0000] {dag.py:3036} INFO - Sync 1 DAGs
[2026-04-20T17:03:36.158+0000] {logging_mixin.py:188} INFO - [2026-04-20T17:03:36.158+0000] {dag.py:3823} INFO - Setting next_dagrun for logidata_pipeline_dag to None, run_after=None
[2026-04-20T17:03:36.311+0000] {processor.py:183} INFO - Processing /opt/airflow/dags/logidata_pipeline_dag.py took 0.309 seconds
[2026-04-20T17:04:06.542+0000] {processor.py:161} INFO - Started process (PID=39) to work on /opt/airflow/dags/logidata_pipeline_dag.py
[2026-04-20T17:04:06.544+0000] {processor.py:830} INFO - Processing file /opt/airflow/dags/logidata_pipeline_dag.py for tasks to queue
[2026-04-20T17:04:06.546+0000] {logging_mixin.py:188} INFO - [2026-04-20T17:04:06.545+0000] {dagbag.py:538} INFO - Filling up the DagBag from /opt/airflow/dags/logidata_pipeline_dag.py
[2026-04-20T17:04:06.655+0000] {processor.py:840} INFO - DAG(s) 'logidata_pipeline_dag' retrieved from /opt/airflow/dags/logidata_pipeline_dag.py
[2026-04-20T17:04:06.705+0000] {logging_mixin.py:188} INFO - [2026-04-20T17:04:06.705+0000] {dag.py:3036} INFO - Sync 1 DAGs
[2026-04-20T17:04:06.723+0000] {logging_mixin.py:188} INFO - [2026-04-20T17:04:06.723+0000] {dag.py:3823} INFO - Setting next_dagrun for logidata_pipeline_dag to None, run_after=None
[2026-04-20T17:04:06.809+0000] {processor.py:183} INFO - Processing /opt/airflow/dags/logidata_pipeline_dag.py took 0.272 seconds
[2026-04-20T17:04:37.638+0000] {processor.py:161} INFO - Started process (PID=40) to work on /opt/airflow/dags/logidata_pipeline_dag.py
[2026-04-20T17:04:37.639+0000] {processor.py:830} INFO - Processing file /opt/airflow/dags/logidata_pipeline_dag.py for tasks to queue
[2026-04-20T17:04:37.641+0000] {logging_mixin.py:188} INFO - [2026-04-20T17:04:37.640+0000] {dagbag.py:538} INFO - Filling up the DagBag from /opt/airflow/dags/logidata_pipeline_dag.py
[2026-04-20T17:04:37.712+0000] {processor.py:840} INFO - DAG(s) 'logidata_pipeline_dag' retrieved from /opt/airflow/dags/logidata_pipeline_dag.py
[2026-04-20T17:04:37.758+0000] {logging_mixin.py:188} INFO - [2026-04-20T17:04:37.758+0000] {dag.py:3036} INFO - Sync 1 DAGs
[2026-04-20T17:04:37.776+0000] {logging_mixin.py:188} INFO - [2026-04-20T17:04:37.776+0000] {dag.py:3823} INFO - Setting next_dagrun for logidata_pipeline_dag to None, run_after=None
[2026-04-20T17:04:37.847+0000] {processor.py:183} INFO - Processing /opt/airflow/dags/logidata_pipeline_dag.py took 0.213 seconds
[2026-04-20T17:05:10.138+0000] {processor.py:161} INFO - Started process (PID=41) to work on /opt/airflow/dags/logidata_pipeline_dag.py
[2026-04-20T17:05:10.140+0000] {processor.py:830} INFO - Processing file /opt/airflow/dags/logidata_pipeline_dag.py for tasks to queue
[2026-04-20T17:05:10.141+0000] {logging_mixin.py:188} INFO - [2026-04-20T17:05:10.140+0000] {dagbag.py:538} INFO - Filling up the DagBag from /opt/airflow/dags/logidata_pipeline_dag.py
[2026-04-20T17:05:10.214+0000] {processor.py:840} INFO - DAG(s) 'logidata_pipeline_dag' retrieved from /opt/airflow/dags/logidata_pipeline_dag.py
[2026-04-20T17:05:10.277+0000] {logging_mixin.py:188} INFO - [2026-04-20T17:05:10.277+0000] {dag.py:3036} INFO - Sync 1 DAGs
[2026-04-20T17:05:10.294+0000] {logging_mixin.py:188} INFO - [2026-04-20T17:05:10.294+0000] {dag.py:3823} INFO - Setting next_dagrun for logidata_pipeline_dag to None, run_after=None
[2026-04-20T17:05:10.385+0000] {processor.py:183} INFO - Processing /opt/airflow/dags/logidata_pipeline_dag.py took 0.250 seconds
[2026-04-20T17:05:43.596+0000] {processor.py:161} INFO - Started process (PID=42) to work on /opt/airflow/dags/logidata_pipeline_dag.py
[2026-04-20T17:05:43.598+0000] {processor.py:830} INFO - Processing file /opt/airflow/dags/logidata_pipeline_dag.py for tasks to queue
[2026-04-20T17:05:43.599+0000] {logging_mixin.py:188} INFO - [2026-04-20T17:05:43.599+0000] {dagbag.py:538} INFO - Filling up the DagBag from /opt/airflow/dags/logidata_pipeline_dag.py
[2026-04-20T17:05:43.678+0000] {processor.py:840} INFO - DAG(s) 'logidata_pipeline_dag' retrieved from /opt/airflow/dags/logidata_pipeline_dag.py
[2026-04-20T17:05:43.724+0000] {logging_mixin.py:188} INFO - [2026-04-20T17:05:43.724+0000] {dag.py:3036} INFO - Sync 1 DAGs
[2026-04-20T17:05:43.741+0000] {logging_mixin.py:188} INFO - [2026-04-20T17:05:43.740+0000] {dag.py:3823} INFO - Setting next_dagrun for logidata_pipeline_dag to None, run_after=None
[2026-04-20T17:05:43.890+0000] {processor.py:183} INFO - Processing /opt/airflow/dags/logidata_pipeline_dag.py took 0.297 seconds
[2026-04-20T17:06:15.701+0000] {processor.py:161} INFO - Started process (PID=43) to work on /opt/airflow/dags/logidata_pipeline_dag.py
[2026-04-20T17:06:15.702+0000] {processor.py:830} INFO - Processing file /opt/airflow/dags/logidata_pipeline_dag.py for tasks to queue
[2026-04-20T17:06:15.704+0000] {logging_mixin.py:188} INFO - [2026-04-20T17:06:15.703+0000] {dagbag.py:538} INFO - Filling up the DagBag from /opt/airflow/dags/logidata_pipeline_dag.py
[2026-04-20T17:06:15.813+0000] {processor.py:840} INFO - DAG(s) 'logidata_pipeline_dag' retrieved from /opt/airflow/dags/logidata_pipeline_dag.py
[2026-04-20T17:06:15.868+0000] {logging_mixin.py:188} INFO - [2026-04-20T17:06:15.868+0000] {dag.py:3036} INFO - Sync 1 DAGs
[2026-04-20T17:06:15.890+0000] {logging_mixin.py:188} INFO - [2026-04-20T17:06:15.890+0000] {dag.py:3823} INFO - Setting next_dagrun for logidata_pipeline_dag to None, run_after=None
[2026-04-20T17:06:16.066+0000] {processor.py:183} INFO - Processing /opt/airflow/dags/logidata_pipeline_dag.py took 0.369 seconds
[2026-04-20T17:06:46.930+0000] {processor.py:161} INFO - Started process (PID=44) to work on /opt/airflow/dags/logidata_pipeline_dag.py
[2026-04-20T17:06:46.932+0000] {processor.py:830} INFO - Processing file /opt/airflow/dags/logidata_pipeline_dag.py for tasks to queue
[2026-04-20T17:06:46.934+0000] {logging_mixin.py:188} INFO - [2026-04-20T17:06:46.933+0000] {dagbag.py:538} INFO - Filling up the DagBag from /opt/airflow/dags/logidata_pipeline_dag.py
[2026-04-20T17:06:47.019+0000] {processor.py:840} INFO - DAG(s) 'logidata_pipeline_dag' retrieved from /opt/airflow/dags/logidata_pipeline_dag.py
[2026-04-20T17:06:47.063+0000] {logging_mixin.py:188} INFO - [2026-04-20T17:06:47.063+0000] {dag.py:3036} INFO - Sync 1 DAGs
[2026-04-20T17:06:47.081+0000] {logging_mixin.py:188} INFO - [2026-04-20T17:06:47.081+0000] {dag.py:3823} INFO - Setting next_dagrun for logidata_pipeline_dag to None, run_after=None
[2026-04-20T17:06:47.176+0000] {processor.py:183} INFO - Processing /opt/airflow/dags/logidata_pipeline_dag.py took 0.250 seconds
[2026-04-20T17:07:17.769+0000] {processor.py:161} INFO - Started process (PID=45) to work on /opt/airflow/dags/logidata_pipeline_dag.py
[2026-04-20T17:07:17.770+0000] {processor.py:830} INFO - Processing file /opt/airflow/dags/logidata_pipeline_dag.py for tasks to queue
[2026-04-20T17:07:17.772+0000] {logging_mixin.py:188} INFO - [2026-04-20T17:07:17.771+0000] {dagbag.py:538} INFO - Filling up the DagBag from /opt/airflow/dags/logidata_pipeline_dag.py
[2026-04-20T17:07:17.848+0000] {processor.py:840} INFO - DAG(s) 'logidata_pipeline_dag' retrieved from /opt/airflow/dags/logidata_pipeline_dag.py
[2026-04-20T17:07:17.910+0000] {logging_mixin.py:188} INFO - [2026-04-20T17:07:17.909+0000] {dag.py:3036} INFO - Sync 1 DAGs
[2026-04-20T17:07:17.935+0000] {logging_mixin.py:188} INFO - [2026-04-20T17:07:17.935+0000] {dag.py:3823} INFO - Setting next_dagrun for logidata_pipeline_dag to None, run_after=None
[2026-04-20T17:07:18.014+0000] {processor.py:183} INFO - Processing /opt/airflow/dags/logidata_pipeline_dag.py took 0.249 seconds
[2026-04-20T17:07:48.271+0000] {processor.py:161} INFO - Started process (PID=46) to work on /opt/airflow/dags/logidata_pipeline_dag.py
[2026-04-20T17:07:48.272+0000] {processor.py:830} INFO - Processing file /opt/airflow/dags/logidata_pipeline_dag.py for tasks to queue
[2026-04-20T17:07:48.274+0000] {logging_mixin.py:188} INFO - [2026-04-20T17:07:48.273+0000] {dagbag.py:538} INFO - Filling up the DagBag from /opt/airflow/dags/logidata_pipeline_dag.py
[2026-04-20T17:07:48.369+0000] {processor.py:840} INFO - DAG(s) 'logidata_pipeline_dag' retrieved from /opt/airflow/dags/logidata_pipeline_dag.py
[2026-04-20T17:07:48.418+0000] {logging_mixin.py:188} INFO - [2026-04-20T17:07:48.417+0000] {dag.py:3036} INFO - Sync 1 DAGs
[2026-04-20T17:07:48.436+0000] {logging_mixin.py:188} INFO - [2026-04-20T17:07:48.436+0000] {dag.py:3823} INFO - Setting next_dagrun for logidata_pipeline_dag to None, run_after=None
[2026-04-20T17:07:48.691+0000] {processor.py:183} INFO - Processing /opt/airflow/dags/logidata_pipeline_dag.py took 0.424 seconds
[2026-04-20T17:11:50.431+0000] {processor.py:161} INFO - Started process (PID=78) to work on /opt/airflow/dags/logidata_pipeline_dag.py
[2026-04-20T17:11:50.432+0000] {processor.py:830} INFO - Processing file /opt/airflow/dags/logidata_pipeline_dag.py for tasks to queue
[2026-04-20T17:11:50.433+0000] {logging_mixin.py:188} INFO - [2026-04-20T17:11:50.433+0000] {dagbag.py:538} INFO - Filling up the DagBag from /opt/airflow/dags/logidata_pipeline_dag.py
[2026-04-20T17:11:50.503+0000] {processor.py:840} INFO - DAG(s) 'logidata_pipeline_dag' retrieved from /opt/airflow/dags/logidata_pipeline_dag.py
[2026-04-20T17:11:50.541+0000] {logging_mixin.py:188} INFO - [2026-04-20T17:11:50.540+0000] {dag.py:3036} INFO - Sync 1 DAGs
[2026-04-20T17:11:50.558+0000] {logging_mixin.py:188} INFO - [2026-04-20T17:11:50.558+0000] {dag.py:3823} INFO - Setting next_dagrun for logidata_pipeline_dag to None, run_after=None
[2026-04-20T17:11:50.647+0000] {processor.py:183} INFO - Processing /opt/airflow/dags/logidata_pipeline_dag.py took 0.219 seconds
[2026-04-20T17:13:20.715+0000] {processor.py:161} INFO - Started process (PID=90) to work on /opt/airflow/dags/logidata_pipeline_dag.py
[2026-04-20T17:13:20.717+0000] {processor.py:830} INFO - Processing file /opt/airflow/dags/logidata_pipeline_dag.py for tasks to queue
[2026-04-20T17:13:20.719+0000] {logging_mixin.py:188} INFO - [2026-04-20T17:13:20.718+0000] {dagbag.py:538} INFO - Filling up the DagBag from /opt/airflow/dags/logidata_pipeline_dag.py
[2026-04-20T17:13:20.788+0000] {processor.py:840} INFO - DAG(s) 'logidata_pipeline_dag' retrieved from /opt/airflow/dags/logidata_pipeline_dag.py
[2026-04-20T17:13:20.831+0000] {logging_mixin.py:188} INFO - [2026-04-20T17:13:20.831+0000] {dag.py:3036} INFO - Sync 1 DAGs
[2026-04-20T17:13:20.847+0000] {logging_mixin.py:188} INFO - [2026-04-20T17:13:20.847+0000] {dag.py:3823} INFO - Setting next_dagrun for logidata_pipeline_dag to None, run_after=None
[2026-04-20T17:13:20.900+0000] {processor.py:183} INFO - Processing /opt/airflow/dags/logidata_pipeline_dag.py took 0.188 seconds
[2026-04-20T17:14:14.544+0000] {processor.py:161} INFO - Started process (PID=101) to work on /opt/airflow/dags/logidata_pipeline_dag.py
[2026-04-20T17:14:14.545+0000] {processor.py:830} INFO - Processing file /opt/airflow/dags/logidata_pipeline_dag.py for tasks to queue
[2026-04-20T17:14:14.546+0000] {logging_mixin.py:188} INFO - [2026-04-20T17:14:14.546+0000] {dagbag.py:538} INFO - Filling up the DagBag from /opt/airflow/dags/logidata_pipeline_dag.py
[2026-04-20T17:14:14.608+0000] {processor.py:840} INFO - DAG(s) 'logidata_pipeline_dag' retrieved from /opt/airflow/dags/logidata_pipeline_dag.py
[2026-04-20T17:14:14.647+0000] {logging_mixin.py:188} INFO - [2026-04-20T17:14:14.647+0000] {dag.py:3036} INFO - Sync 1 DAGs
[2026-04-20T17:14:14.665+0000] {logging_mixin.py:188} INFO - [2026-04-20T17:14:14.665+0000] {dag.py:3823} INFO - Setting next_dagrun for logidata_pipeline_dag to None, run_after=None
[2026-04-20T17:14:14.794+0000] {processor.py:183} INFO - Processing /opt/airflow/dags/logidata_pipeline_dag.py took 0.252 seconds
[2026-04-20T17:14:56.910+0000] {processor.py:161} INFO - Started process (PID=122) to work on /opt/airflow/dags/logidata_pipeline_dag.py
[2026-04-20T17:14:56.912+0000] {processor.py:830} INFO - Processing file /opt/airflow/dags/logidata_pipeline_dag.py for tasks to queue
[2026-04-20T17:14:56.912+0000] {logging_mixin.py:188} INFO - [2026-04-20T17:14:56.912+0000] {dagbag.py:538} INFO - Filling up the DagBag from /opt/airflow/dags/logidata_pipeline_dag.py
[2026-04-20T17:14:56.968+0000] {processor.py:840} INFO - DAG(s) 'logidata_pipeline_dag' retrieved from /opt/airflow/dags/logidata_pipeline_dag.py
[2026-04-20T17:14:57.014+0000] {logging_mixin.py:188} INFO - [2026-04-20T17:14:57.014+0000] {dag.py:3036} INFO - Sync 1 DAGs
[2026-04-20T17:14:57.027+0000] {logging_mixin.py:188} INFO - [2026-04-20T17:14:57.027+0000] {dag.py:3823} INFO - Setting next_dagrun for logidata_pipeline_dag to None, run_after=None
[2026-04-20T17:14:57.098+0000] {processor.py:183} INFO - Processing /opt/airflow/dags/logidata_pipeline_dag.py took 0.190 seconds
[2026-04-20T17:15:27.538+0000] {processor.py:161} INFO - Started process (PID=133) to work on /opt/airflow/dags/logidata_pipeline_dag.py
[2026-04-20T17:15:27.540+0000] {processor.py:830} INFO - Processing file /opt/airflow/dags/logidata_pipeline_dag.py for tasks to queue
[2026-04-20T17:15:27.549+0000] {logging_mixin.py:188} INFO - [2026-04-20T17:15:27.549+0000] {dagbag.py:538} INFO - Filling up the DagBag from /opt/airflow/dags/logidata_pipeline_dag.py
[2026-04-20T17:15:27.641+0000] {processor.py:840} INFO - DAG(s) 'logidata_pipeline_dag' retrieved from /opt/airflow/dags/logidata_pipeline_dag.py
[2026-04-20T17:15:27.688+0000] {logging_mixin.py:188} INFO - [2026-04-20T17:15:27.688+0000] {dag.py:3036} INFO - Sync 1 DAGs
[2026-04-20T17:15:27.706+0000] {logging_mixin.py:188} INFO - [2026-04-20T17:15:27.706+0000] {dag.py:3823} INFO - Setting next_dagrun for logidata_pipeline_dag to None, run_after=None
[2026-04-20T17:15:27.767+0000] {processor.py:183} INFO - Processing /opt/airflow/dags/logidata_pipeline_dag.py took 0.232 seconds
[2026-04-20T17:15:58.144+0000] {processor.py:161} INFO - Started process (PID=134) to work on /opt/airflow/dags/logidata_pipeline_dag.py
[2026-04-20T17:15:58.145+0000] {processor.py:830} INFO - Processing file /opt/airflow/dags/logidata_pipeline_dag.py for tasks to queue
[2026-04-20T17:15:58.146+0000] {logging_mixin.py:188} INFO - [2026-04-20T17:15:58.146+0000] {dagbag.py:538} INFO - Filling up the DagBag from /opt/airflow/dags/logidata_pipeline_dag.py
[2026-04-20T17:15:58.211+0000] {processor.py:840} INFO - DAG(s) 'logidata_pipeline_dag' retrieved from /opt/airflow/dags/logidata_pipeline_dag.py
[2026-04-20T17:15:58.263+0000] {logging_mixin.py:188} INFO - [2026-04-20T17:15:58.262+0000] {dag.py:3036} INFO - Sync 1 DAGs
[2026-04-20T17:15:58.282+0000] {logging_mixin.py:188} INFO - [2026-04-20T17:15:58.282+0000] {dag.py:3823} INFO - Setting next_dagrun for logidata_pipeline_dag to None, run_after=None
[2026-04-20T17:15:58.380+0000] {processor.py:183} INFO - Processing /opt/airflow/dags/logidata_pipeline_dag.py took 0.239 seconds
[2026-04-20T17:16:28.627+0000] {processor.py:161} INFO - Started process (PID=135) to work on /opt/airflow/dags/logidata_pipeline_dag.py
[2026-04-20T17:16:28.628+0000] {processor.py:830} INFO - Processing file /opt/airflow/dags/logidata_pipeline_dag.py for tasks to queue
[2026-04-20T17:16:28.630+0000] {logging_mixin.py:188} INFO - [2026-04-20T17:16:28.629+0000] {dagbag.py:538} INFO - Filling up the DagBag from /opt/airflow/dags/logidata_pipeline_dag.py
[2026-04-20T17:16:28.717+0000] {processor.py:840} INFO - DAG(s) 'logidata_pipeline_dag' retrieved from /opt/airflow/dags/logidata_pipeline_dag.py
[2026-04-20T17:16:28.764+0000] {logging_mixin.py:188} INFO - [2026-04-20T17:16:28.764+0000] {dag.py:3036} INFO - Sync 1 DAGs
[2026-04-20T17:16:28.783+0000] {logging_mixin.py:188} INFO - [2026-04-20T17:16:28.783+0000] {dag.py:3823} INFO - Setting next_dagrun for logidata_pipeline_dag to None, run_after=None
[2026-04-20T17:16:28.995+0000] {processor.py:183} INFO - Processing /opt/airflow/dags/logidata_pipeline_dag.py took 0.371 seconds
[2026-04-20T17:16:59.989+0000] {processor.py:161} INFO - Started process (PID=136) to work on /opt/airflow/dags/logidata_pipeline_dag.py
[2026-04-20T17:16:59.991+0000] {processor.py:830} INFO - Processing file /opt/airflow/dags/logidata_pipeline_dag.py for tasks to queue
[2026-04-20T17:16:59.992+0000] {logging_mixin.py:188} INFO - [2026-04-20T17:16:59.992+0000] {dagbag.py:538} INFO - Filling up the DagBag from /opt/airflow/dags/logidata_pipeline_dag.py
[2026-04-20T17:17:00.090+0000] {processor.py:840} INFO - DAG(s) 'logidata_pipeline_dag' retrieved from /opt/airflow/dags/logidata_pipeline_dag.py
[2026-04-20T17:17:00.130+0000] {logging_mixin.py:188} INFO - [2026-04-20T17:17:00.130+0000] {dag.py:3036} INFO - Sync 1 DAGs
[2026-04-20T17:17:00.146+0000] {logging_mixin.py:188} INFO - [2026-04-20T17:17:00.146+0000] {dag.py:3823} INFO - Setting next_dagrun for logidata_pipeline_dag to None, run_after=None
[2026-04-20T17:17:00.215+0000] {processor.py:183} INFO - Processing /opt/airflow/dags/logidata_pipeline_dag.py took 0.230 seconds
[2026-04-20T17:17:30.459+0000] {processor.py:161} INFO - Started process (PID=137) to work on /opt/airflow/dags/logidata_pipeline_dag.py
[2026-04-20T17:17:30.462+0000] {processor.py:830} INFO - Processing file /opt/airflow/dags/logidata_pipeline_dag.py for tasks to queue
[2026-04-20T17:17:30.465+0000] {logging_mixin.py:188} INFO - [2026-04-20T17:17:30.464+0000] {dagbag.py:538} INFO - Filling up the DagBag from /opt/airflow/dags/logidata_pipeline_dag.py
[2026-04-20T17:17:30.576+0000] {processor.py:840} INFO - DAG(s) 'logidata_pipeline_dag' retrieved from /opt/airflow/dags/logidata_pipeline_dag.py
[2026-04-20T17:17:30.653+0000] {logging_mixin.py:188} INFO - [2026-04-20T17:17:30.653+0000] {dag.py:3036} INFO - Sync 1 DAGs
[2026-04-20T17:17:30.675+0000] {logging_mixin.py:188} INFO - [2026-04-20T17:17:30.675+0000] {dag.py:3823} INFO - Setting next_dagrun for logidata_pipeline_dag to None, run_after=None
[2026-04-20T17:17:30.855+0000] {processor.py:183} INFO - Processing /opt/airflow/dags/logidata_pipeline_dag.py took 0.400 seconds
[2026-04-20T17:18:01.563+0000] {processor.py:161} INFO - Started process (PID=138) to work on /opt/airflow/dags/logidata_pipeline_dag.py
[2026-04-20T17:18:01.564+0000] {processor.py:830} INFO - Processing file /opt/airflow/dags/logidata_pipeline_dag.py for tasks to queue
[2026-04-20T17:18:01.565+0000] {logging_mixin.py:188} INFO - [2026-04-20T17:18:01.565+0000] {dagbag.py:538} INFO - Filling up the DagBag from /opt/airflow/dags/logidata_pipeline_dag.py
[2026-04-20T17:18:01.633+0000] {processor.py:840} INFO - DAG(s) 'logidata_pipeline_dag' retrieved from /opt/airflow/dags/logidata_pipeline_dag.py
[2026-04-20T17:18:01.682+0000] {logging_mixin.py:188} INFO - [2026-04-20T17:18:01.681+0000] {dag.py:3036} INFO - Sync 1 DAGs
[2026-04-20T17:18:01.704+0000] {logging_mixin.py:188} INFO - [2026-04-20T17:18:01.703+0000] {dag.py:3823} INFO - Setting next_dagrun for logidata_pipeline_dag to None, run_after=None
[2026-04-20T17:18:01.786+0000] {processor.py:183} INFO - Processing /opt/airflow/dags/logidata_pipeline_dag.py took 0.227 seconds
[2026-04-20T17:18:32.154+0000] {processor.py:161} INFO - Started process (PID=139) to work on /opt/airflow/dags/logidata_pipeline_dag.py
[2026-04-20T17:18:32.157+0000] {processor.py:830} INFO - Processing file /opt/airflow/dags/logidata_pipeline_dag.py for tasks to queue
[2026-04-20T17:18:32.158+0000] {logging_mixin.py:188} INFO - [2026-04-20T17:18:32.158+0000] {dagbag.py:538} INFO - Filling up the DagBag from /opt/airflow/dags/logidata_pipeline_dag.py
[2026-04-20T17:18:32.231+0000] {processor.py:840} INFO - DAG(s) 'logidata_pipeline_dag' retrieved from /opt/airflow/dags/logidata_pipeline_dag.py
[2026-04-20T17:18:32.282+0000] {logging_mixin.py:188} INFO - [2026-04-20T17:18:32.281+0000] {dag.py:3036} INFO - Sync 1 DAGs
[2026-04-20T17:18:32.302+0000] {logging_mixin.py:188} INFO - [2026-04-20T17:18:32.302+0000] {dag.py:3823} INFO - Setting next_dagrun for logidata_pipeline_dag to None, run_after=None
[2026-04-20T17:18:32.370+0000] {processor.py:183} INFO - Processing /opt/airflow/dags/logidata_pipeline_dag.py took 0.219 seconds
[2026-04-20T17:19:03.153+0000] {processor.py:161} INFO - Started process (PID=140) to work on /opt/airflow/dags/logidata_pipeline_dag.py
[2026-04-20T17:19:03.156+0000] {processor.py:830} INFO - Processing file /opt/airflow/dags/logidata_pipeline_dag.py for tasks to queue
[2026-04-20T17:19:03.157+0000] {logging_mixin.py:188} INFO - [2026-04-20T17:19:03.157+0000] {dagbag.py:538} INFO - Filling up the DagBag from /opt/airflow/dags/logidata_pipeline_dag.py
[2026-04-20T17:19:03.249+0000] {processor.py:840} INFO - DAG(s) 'logidata_pipeline_dag' retrieved from /opt/airflow/dags/logidata_pipeline_dag.py
[2026-04-20T17:19:03.301+0000] {logging_mixin.py:188} INFO - [2026-04-20T17:19:03.301+0000] {dag.py:3036} INFO - Sync 1 DAGs
[2026-04-20T17:19:03.321+0000] {logging_mixin.py:188} INFO - [2026-04-20T17:19:03.321+0000] {dag.py:3823} INFO - Setting next_dagrun for logidata_pipeline_dag to None, run_after=None
[2026-04-20T17:19:03.396+0000] {processor.py:183} INFO - Processing /opt/airflow/dags/logidata_pipeline_dag.py took 0.247 seconds
[2026-04-20T17:19:33.759+0000] {processor.py:161} INFO - Started process (PID=141) to work on /opt/airflow/dags/logidata_pipeline_dag.py
[2026-04-20T17:19:33.763+0000] {processor.py:830} INFO - Processing file /opt/airflow/dags/logidata_pipeline_dag.py for tasks to queue
[2026-04-20T17:19:33.769+0000] {logging_mixin.py:188} INFO - [2026-04-20T17:19:33.767+0000] {dagbag.py:538} INFO - Filling up the DagBag from /opt/airflow/dags/logidata_pipeline_dag.py
[2026-04-20T17:19:33.969+0000] {processor.py:840} INFO - DAG(s) 'logidata_pipeline_dag' retrieved from /opt/airflow/dags/logidata_pipeline_dag.py
[2026-04-20T17:19:34.052+0000] {logging_mixin.py:188} INFO - [2026-04-20T17:19:34.051+0000] {dag.py:3036} INFO - Sync 1 DAGs
[2026-04-20T17:19:34.111+0000] {logging_mixin.py:188} INFO - [2026-04-20T17:19:34.111+0000] {dag.py:3823} INFO - Setting next_dagrun for logidata_pipeline_dag to None, run_after=None
[2026-04-20T17:19:34.257+0000] {processor.py:183} INFO - Processing /opt/airflow/dags/logidata_pipeline_dag.py took 0.514 seconds
[2026-04-20T17:20:04.730+0000] {processor.py:161} INFO - Started process (PID=142) to work on /opt/airflow/dags/logidata_pipeline_dag.py
[2026-04-20T17:20:04.732+0000] {processor.py:830} INFO - Processing file /opt/airflow/dags/logidata_pipeline_dag.py for tasks to queue
[2026-04-20T17:20:04.735+0000] {logging_mixin.py:188} INFO - [2026-04-20T17:20:04.733+0000] {dagbag.py:538} INFO - Filling up the DagBag from /opt/airflow/dags/logidata_pipeline_dag.py
[2026-04-20T17:20:04.888+0000] {processor.py:840} INFO - DAG(s) 'logidata_pipeline_dag' retrieved from /opt/airflow/dags/logidata_pipeline_dag.py
[2026-04-20T17:20:04.930+0000] {logging_mixin.py:188} INFO - [2026-04-20T17:20:04.930+0000] {dag.py:3036} INFO - Sync 1 DAGs
[2026-04-20T17:20:04.949+0000] {logging_mixin.py:188} INFO - [2026-04-20T17:20:04.948+0000] {dag.py:3823} INFO - Setting next_dagrun for logidata_pipeline_dag to None, run_after=None
[2026-04-20T17:20:05.021+0000] {processor.py:183} INFO - Processing /opt/airflow/dags/logidata_pipeline_dag.py took 0.300 seconds
[2026-04-20T17:20:35.801+0000] {processor.py:161} INFO - Started process (PID=143) to work on /opt/airflow/dags/logidata_pipeline_dag.py
[2026-04-20T17:20:35.803+0000] {processor.py:830} INFO - Processing file /opt/airflow/dags/logidata_pipeline_dag.py for tasks to queue
[2026-04-20T17:20:35.805+0000] {logging_mixin.py:188} INFO - [2026-04-20T17:20:35.804+0000] {dagbag.py:538} INFO - Filling up the DagBag from /opt/airflow/dags/logidata_pipeline_dag.py
[2026-04-20T17:20:35.902+0000] {processor.py:840} INFO - DAG(s) 'logidata_pipeline_dag' retrieved from /opt/airflow/dags/logidata_pipeline_dag.py
[2026-04-20T17:20:35.951+0000] {logging_mixin.py:188} INFO - [2026-04-20T17:20:35.950+0000] {dag.py:3036} INFO - Sync 1 DAGs
[2026-04-20T17:20:35.968+0000] {logging_mixin.py:188} INFO - [2026-04-20T17:20:35.968+0000] {dag.py:3823} INFO - Setting next_dagrun for logidata_pipeline_dag to None, run_after=None
[2026-04-20T17:20:36.054+0000] {processor.py:183} INFO - Processing /opt/airflow/dags/logidata_pipeline_dag.py took 0.257 seconds
[2026-04-20T17:21:06.522+0000] {processor.py:161} INFO - Started process (PID=144) to work on /opt/airflow/dags/logidata_pipeline_dag.py
[2026-04-20T17:21:06.524+0000] {processor.py:830} INFO - Processing file /opt/airflow/dags/logidata_pipeline_dag.py for tasks to queue
[2026-04-20T17:21:06.526+0000] {logging_mixin.py:188} INFO - [2026-04-20T17:21:06.526+0000] {dagbag.py:538} INFO - Filling up the DagBag from /opt/airflow/dags/logidata_pipeline_dag.py
[2026-04-20T17:21:06.615+0000] {processor.py:840} INFO - DAG(s) 'logidata_pipeline_dag' retrieved from /opt/airflow/dags/logidata_pipeline_dag.py
[2026-04-20T17:21:06.672+0000] {logging_mixin.py:188} INFO - [2026-04-20T17:21:06.672+0000] {dag.py:3036} INFO - Sync 1 DAGs
[2026-04-20T17:21:06.701+0000] {logging_mixin.py:188} INFO - [2026-04-20T17:21:06.701+0000] {dag.py:3823} INFO - Setting next_dagrun for logidata_pipeline_dag to None, run_after=None
[2026-04-20T17:21:06.795+0000] {processor.py:183} INFO - Processing /opt/airflow/dags/logidata_pipeline_dag.py took 0.276 seconds
[2026-04-20T17:21:37.772+0000] {processor.py:161} INFO - Started process (PID=145) to work on /opt/airflow/dags/logidata_pipeline_dag.py
[2026-04-20T17:21:37.774+0000] {processor.py:830} INFO - Processing file /opt/airflow/dags/logidata_pipeline_dag.py for tasks to queue
[2026-04-20T17:21:37.776+0000] {logging_mixin.py:188} INFO - [2026-04-20T17:21:37.775+0000] {dagbag.py:538} INFO - Filling up the DagBag from /opt/airflow/dags/logidata_pipeline_dag.py
[2026-04-20T17:21:37.850+0000] {processor.py:840} INFO - DAG(s) 'logidata_pipeline_dag' retrieved from /opt/airflow/dags/logidata_pipeline_dag.py
[2026-04-20T17:21:37.890+0000] {logging_mixin.py:188} INFO - [2026-04-20T17:21:37.890+0000] {dag.py:3036} INFO - Sync 1 DAGs
[2026-04-20T17:21:37.906+0000] {logging_mixin.py:188} INFO - [2026-04-20T17:21:37.906+0000] {dag.py:3823} INFO - Setting next_dagrun for logidata_pipeline_dag to None, run_after=None
[2026-04-20T17:21:37.973+0000] {processor.py:183} INFO - Processing /opt/airflow/dags/logidata_pipeline_dag.py took 0.206 seconds
[2026-04-20T17:22:08.688+0000] {processor.py:161} INFO - Started process (PID=146) to work on /opt/airflow/dags/logidata_pipeline_dag.py
[2026-04-20T17:22:08.690+0000] {processor.py:830} INFO - Processing file /opt/airflow/dags/logidata_pipeline_dag.py for tasks to queue
[2026-04-20T17:22:08.691+0000] {logging_mixin.py:188} INFO - [2026-04-20T17:22:08.691+0000] {dagbag.py:538} INFO - Filling up the DagBag from /opt/airflow/dags/logidata_pipeline_dag.py
[2026-04-20T17:22:08.790+0000] {processor.py:840} INFO - DAG(s) 'logidata_pipeline_dag' retrieved from /opt/airflow/dags/logidata_pipeline_dag.py
[2026-04-20T17:22:08.847+0000] {logging_mixin.py:188} INFO - [2026-04-20T17:22:08.846+0000] {dag.py:3036} INFO - Sync 1 DAGs
[2026-04-20T17:22:08.867+0000] {logging_mixin.py:188} INFO - [2026-04-20T17:22:08.867+0000] {dag.py:3823} INFO - Setting next_dagrun for logidata_pipeline_dag to None, run_after=None
[2026-04-20T17:22:08.998+0000] {processor.py:183} INFO - Processing /opt/airflow/dags/logidata_pipeline_dag.py took 0.313 seconds
[2026-04-20T17:22:39.521+0000] {processor.py:161} INFO - Started process (PID=147) to work on /opt/airflow/dags/logidata_pipeline_dag.py
[2026-04-20T17:22:39.523+0000] {processor.py:830} INFO - Processing file /opt/airflow/dags/logidata_pipeline_dag.py for tasks to queue
[2026-04-20T17:22:39.524+0000] {logging_mixin.py:188} INFO - [2026-04-20T17:22:39.524+0000] {dagbag.py:538} INFO - Filling up the DagBag from /opt/airflow/dags/logidata_pipeline_dag.py
[2026-04-20T17:22:39.605+0000] {processor.py:840} INFO - DAG(s) 'logidata_pipeline_dag' retrieved from /opt/airflow/dags/logidata_pipeline_dag.py
[2026-04-20T17:22:39.655+0000] {logging_mixin.py:188} INFO - [2026-04-20T17:22:39.655+0000] {dag.py:3036} INFO - Sync 1 DAGs
[2026-04-20T17:22:39.674+0000] {logging_mixin.py:188} INFO - [2026-04-20T17:22:39.674+0000] {dag.py:3823} INFO - Setting next_dagrun for logidata_pipeline_dag to None, run_after=None
[2026-04-20T17:22:39.746+0000] {processor.py:183} INFO - Processing /opt/airflow/dags/logidata_pipeline_dag.py took 0.230 seconds
[2026-04-20T17:23:10.036+0000] {processor.py:161} INFO - Started process (PID=148) to work on /opt/airflow/dags/logidata_pipeline_dag.py
[2026-04-20T17:23:10.038+0000] {processor.py:830} INFO - Processing file /opt/airflow/dags/logidata_pipeline_dag.py for tasks to queue
[2026-04-20T17:23:10.039+0000] {logging_mixin.py:188} INFO - [2026-04-20T17:23:10.039+0000] {dagbag.py:538} INFO - Filling up the DagBag from /opt/airflow/dags/logidata_pipeline_dag.py
[2026-04-20T17:23:10.140+0000] {processor.py:840} INFO - DAG(s) 'logidata_pipeline_dag' retrieved from /opt/airflow/dags/logidata_pipeline_dag.py
[2026-04-20T17:23:10.172+0000] {logging_mixin.py:188} INFO - [2026-04-20T17:23:10.172+0000] {dag.py:3036} INFO - Sync 1 DAGs
[2026-04-20T17:23:10.186+0000] {logging_mixin.py:188} INFO - [2026-04-20T17:23:10.186+0000] {dag.py:3823} INFO - Setting next_dagrun for logidata_pipeline_dag to None, run_after=None
[2026-04-20T17:23:10.246+0000] {processor.py:183} INFO - Processing /opt/airflow/dags/logidata_pipeline_dag.py took 0.215 seconds
[2026-04-20T17:23:41.352+0000] {processor.py:161} INFO - Started process (PID=149) to work on /opt/airflow/dags/logidata_pipeline_dag.py
[2026-04-20T17:23:41.354+0000] {processor.py:830} INFO - Processing file /opt/airflow/dags/logidata_pipeline_dag.py for tasks to queue
[2026-04-20T17:23:41.355+0000] {logging_mixin.py:188} INFO - [2026-04-20T17:23:41.355+0000] {dagbag.py:538} INFO - Filling up the DagBag from /opt/airflow/dags/logidata_pipeline_dag.py
[2026-04-20T17:23:41.469+0000] {processor.py:840} INFO - DAG(s) 'logidata_pipeline_dag' retrieved from /opt/airflow/dags/logidata_pipeline_dag.py
[2026-04-20T17:23:41.508+0000] {logging_mixin.py:188} INFO - [2026-04-20T17:23:41.507+0000] {dag.py:3036} INFO - Sync 1 DAGs
[2026-04-20T17:23:41.530+0000] {logging_mixin.py:188} INFO - [2026-04-20T17:23:41.529+0000] {dag.py:3823} INFO - Setting next_dagrun for logidata_pipeline_dag to None, run_after=None
[2026-04-20T17:23:41.630+0000] {processor.py:183} INFO - Processing /opt/airflow/dags/logidata_pipeline_dag.py took 0.288 seconds
[2026-04-20T17:24:11.943+0000] {processor.py:161} INFO - Started process (PID=150) to work on /opt/airflow/dags/logidata_pipeline_dag.py
[2026-04-20T17:24:11.944+0000] {processor.py:830} INFO - Processing file /opt/airflow/dags/logidata_pipeline_dag.py for tasks to queue
[2026-04-20T17:24:11.946+0000] {logging_mixin.py:188} INFO - [2026-04-20T17:24:11.945+0000] {dagbag.py:538} INFO - Filling up the DagBag from /opt/airflow/dags/logidata_pipeline_dag.py
[2026-04-20T17:24:12.022+0000] {processor.py:840} INFO - DAG(s) 'logidata_pipeline_dag' retrieved from /opt/airflow/dags/logidata_pipeline_dag.py
[2026-04-20T17:24:12.070+0000] {logging_mixin.py:188} INFO - [2026-04-20T17:24:12.069+0000] {dag.py:3036} INFO - Sync 1 DAGs
[2026-04-20T17:24:12.086+0000] {logging_mixin.py:188} INFO - [2026-04-20T17:24:12.086+0000] {dag.py:3823} INFO - Setting next_dagrun for logidata_pipeline_dag to None, run_after=None
[2026-04-20T17:24:12.175+0000] {processor.py:183} INFO - Processing /opt/airflow/dags/logidata_pipeline_dag.py took 0.235 seconds
[2026-04-20T17:24:42.934+0000] {processor.py:161} INFO - Started process (PID=151) to work on /opt/airflow/dags/logidata_pipeline_dag.py
[2026-04-20T17:24:42.937+0000] {processor.py:830} INFO - Processing file /opt/airflow/dags/logidata_pipeline_dag.py for tasks to queue
[2026-04-20T17:24:42.939+0000] {logging_mixin.py:188} INFO - [2026-04-20T17:24:42.938+0000] {dagbag.py:538} INFO - Filling up the DagBag from /opt/airflow/dags/logidata_pipeline_dag.py
[2026-04-20T17:24:43.062+0000] {processor.py:840} INFO - DAG(s) 'logidata_pipeline_dag' retrieved from /opt/airflow/dags/logidata_pipeline_dag.py
[2026-04-20T17:24:43.104+0000] {logging_mixin.py:188} INFO - [2026-04-20T17:24:43.104+0000] {dag.py:3036} INFO - Sync 1 DAGs
[2026-04-20T17:24:43.118+0000] {logging_mixin.py:188} INFO - [2026-04-20T17:24:43.118+0000] {dag.py:3823} INFO - Setting next_dagrun for logidata_pipeline_dag to None, run_after=None
[2026-04-20T17:24:43.225+0000] {processor.py:183} INFO - Processing /opt/airflow/dags/logidata_pipeline_dag.py took 0.297 seconds
[2026-04-20T17:25:15.149+0000] {processor.py:161} INFO - Started process (PID=152) to work on /opt/airflow/dags/logidata_pipeline_dag.py
[2026-04-20T17:25:15.151+0000] {processor.py:830} INFO - Processing file /opt/airflow/dags/logidata_pipeline_dag.py for tasks to queue
[2026-04-20T17:25:15.152+0000] {logging_mixin.py:188} INFO - [2026-04-20T17:25:15.152+0000] {dagbag.py:538} INFO - Filling up the DagBag from /opt/airflow/dags/logidata_pipeline_dag.py
[2026-04-20T17:25:15.225+0000] {processor.py:840} INFO - DAG(s) 'logidata_pipeline_dag' retrieved from /opt/airflow/dags/logidata_pipeline_dag.py
[2026-04-20T17:25:15.268+0000] {logging_mixin.py:188} INFO - [2026-04-20T17:25:15.267+0000] {dag.py:3036} INFO - Sync 1 DAGs
[2026-04-20T17:25:15.292+0000] {logging_mixin.py:188} INFO - [2026-04-20T17:25:15.292+0000] {dag.py:3823} INFO - Setting next_dagrun for logidata_pipeline_dag to None, run_after=None
[2026-04-20T17:25:15.376+0000] {processor.py:183} INFO - Processing /opt/airflow/dags/logidata_pipeline_dag.py took 0.232 seconds
[2026-04-20T17:25:48.650+0000] {processor.py:161} INFO - Started process (PID=153) to work on /opt/airflow/dags/logidata_pipeline_dag.py
[2026-04-20T17:25:48.652+0000] {processor.py:830} INFO - Processing file /opt/airflow/dags/logidata_pipeline_dag.py for tasks to queue
[2026-04-20T17:25:48.654+0000] {logging_mixin.py:188} INFO - [2026-04-20T17:25:48.654+0000] {dagbag.py:538} INFO - Filling up the DagBag from /opt/airflow/dags/logidata_pipeline_dag.py
[2026-04-20T17:25:48.744+0000] {processor.py:840} INFO - DAG(s) 'logidata_pipeline_dag' retrieved from /opt/airflow/dags/logidata_pipeline_dag.py
[2026-04-20T17:25:48.790+0000] {logging_mixin.py:188} INFO - [2026-04-20T17:25:48.790+0000] {dag.py:3036} INFO - Sync 1 DAGs
[2026-04-20T17:25:48.808+0000] {logging_mixin.py:188} INFO - [2026-04-20T17:25:48.808+0000] {dag.py:3823} INFO - Setting next_dagrun for logidata_pipeline_dag to None, run_after=None
[2026-04-20T17:25:48.957+0000] {processor.py:183} INFO - Processing /opt/airflow/dags/logidata_pipeline_dag.py took 0.312 seconds
[2026-04-20T17:26:19.108+0000] {processor.py:161} INFO - Started process (PID=154) to work on /opt/airflow/dags/logidata_pipeline_dag.py
[2026-04-20T17:26:19.110+0000] {processor.py:830} INFO - Processing file /opt/airflow/dags/logidata_pipeline_dag.py for tasks to queue
[2026-04-20T17:26:19.112+0000] {logging_mixin.py:188} INFO - [2026-04-20T17:26:19.111+0000] {dagbag.py:538} INFO - Filling up the DagBag from /opt/airflow/dags/logidata_pipeline_dag.py
[2026-04-20T17:26:19.190+0000] {processor.py:840} INFO - DAG(s) 'logidata_pipeline_dag' retrieved from /opt/airflow/dags/logidata_pipeline_dag.py
[2026-04-20T17:26:19.237+0000] {logging_mixin.py:188} INFO - [2026-04-20T17:26:19.237+0000] {dag.py:3036} INFO - Sync 1 DAGs
[2026-04-20T17:26:19.256+0000] {logging_mixin.py:188} INFO - [2026-04-20T17:26:19.255+0000] {dag.py:3823} INFO - Setting next_dagrun for logidata_pipeline_dag to None, run_after=None
[2026-04-20T17:26:19.341+0000] {processor.py:183} INFO - Processing /opt/airflow/dags/logidata_pipeline_dag.py took 0.240 seconds
[2026-04-20T17:26:50.204+0000] {processor.py:161} INFO - Started process (PID=155) to work on /opt/airflow/dags/logidata_pipeline_dag.py
[2026-04-20T17:26:50.205+0000] {processor.py:830} INFO - Processing file /opt/airflow/dags/logidata_pipeline_dag.py for tasks to queue
[2026-04-20T17:26:50.207+0000] {logging_mixin.py:188} INFO - [2026-04-20T17:26:50.206+0000] {dagbag.py:538} INFO - Filling up the DagBag from /opt/airflow/dags/logidata_pipeline_dag.py
[2026-04-20T17:26:50.305+0000] {processor.py:840} INFO - DAG(s) 'logidata_pipeline_dag' retrieved from /opt/airflow/dags/logidata_pipeline_dag.py
[2026-04-20T17:26:50.341+0000] {logging_mixin.py:188} INFO - [2026-04-20T17:26:50.341+0000] {dag.py:3036} INFO - Sync 1 DAGs
[2026-04-20T17:26:50.356+0000] {logging_mixin.py:188} INFO - [2026-04-20T17:26:50.356+0000] {dag.py:3823} INFO - Setting next_dagrun for logidata_pipeline_dag to None, run_after=None
[2026-04-20T17:26:50.415+0000] {processor.py:183} INFO - Processing /opt/airflow/dags/logidata_pipeline_dag.py took 0.217 seconds
[2026-04-20T17:27:20.922+0000] {processor.py:161} INFO - Started process (PID=156) to work on /opt/airflow/dags/logidata_pipeline_dag.py
[2026-04-20T17:27:20.923+0000] {processor.py:830} INFO - Processing file /opt/airflow/dags/logidata_pipeline_dag.py for tasks to queue
[2026-04-20T17:27:20.924+0000] {logging_mixin.py:188} INFO - [2026-04-20T17:27:20.924+0000] {dagbag.py:538} INFO - Filling up the DagBag from /opt/airflow/dags/logidata_pipeline_dag.py
[2026-04-20T17:27:20.998+0000] {processor.py:840} INFO - DAG(s) 'logidata_pipeline_dag' retrieved from /opt/airflow/dags/logidata_pipeline_dag.py
[2026-04-20T17:27:21.039+0000] {logging_mixin.py:188} INFO - [2026-04-20T17:27:21.039+0000] {dag.py:3036} INFO - Sync 1 DAGs
[2026-04-20T17:27:21.055+0000] {logging_mixin.py:188} INFO - [2026-04-20T17:27:21.055+0000] {dag.py:3823} INFO - Setting next_dagrun for logidata_pipeline_dag to None, run_after=None
[2026-04-20T17:27:21.120+0000] {processor.py:183} INFO - Processing /opt/airflow/dags/logidata_pipeline_dag.py took 0.200 seconds
[2026-04-20T17:27:53.347+0000] {processor.py:161} INFO - Started process (PID=157) to work on /opt/airflow/dags/logidata_pipeline_dag.py
[2026-04-20T17:27:53.350+0000] {processor.py:830} INFO - Processing file /opt/airflow/dags/logidata_pipeline_dag.py for tasks to queue
[2026-04-20T17:27:53.352+0000] {logging_mixin.py:188} INFO - [2026-04-20T17:27:53.351+0000] {dagbag.py:538} INFO - Filling up the DagBag from /opt/airflow/dags/logidata_pipeline_dag.py
[2026-04-20T17:27:53.433+0000] {processor.py:840} INFO - DAG(s) 'logidata_pipeline_dag' retrieved from /opt/airflow/dags/logidata_pipeline_dag.py
[2026-04-20T17:27:53.471+0000] {logging_mixin.py:188} INFO - [2026-04-20T17:27:53.471+0000] {dag.py:3036} INFO - Sync 1 DAGs
[2026-04-20T17:27:53.487+0000] {logging_mixin.py:188} INFO - [2026-04-20T17:27:53.486+0000] {dag.py:3823} INFO - Setting next_dagrun for logidata_pipeline_dag to None, run_after=None
[2026-04-20T17:27:53.591+0000] {processor.py:183} INFO - Processing /opt/airflow/dags/logidata_pipeline_dag.py took 0.250 seconds
[2026-04-20T17:28:25.853+0000] {processor.py:161} INFO - Started process (PID=158) to work on /opt/airflow/dags/logidata_pipeline_dag.py
[2026-04-20T17:28:25.855+0000] {processor.py:830} INFO - Processing file /opt/airflow/dags/logidata_pipeline_dag.py for tasks to queue
[2026-04-20T17:28:25.856+0000] {logging_mixin.py:188} INFO - [2026-04-20T17:28:25.855+0000] {dagbag.py:538} INFO - Filling up the DagBag from /opt/airflow/dags/logidata_pipeline_dag.py
[2026-04-20T17:28:25.930+0000] {processor.py:840} INFO - DAG(s) 'logidata_pipeline_dag' retrieved from /opt/airflow/dags/logidata_pipeline_dag.py
[2026-04-20T17:28:25.972+0000] {logging_mixin.py:188} INFO - [2026-04-20T17:28:25.972+0000] {dag.py:3036} INFO - Sync 1 DAGs
[2026-04-20T17:28:25.989+0000] {logging_mixin.py:188} INFO - [2026-04-20T17:28:25.989+0000] {dag.py:3823} INFO - Setting next_dagrun for logidata_pipeline_dag to None, run_after=None
[2026-04-20T17:28:26.084+0000] {processor.py:183} INFO - Processing /opt/airflow/dags/logidata_pipeline_dag.py took 0.237 seconds
[2026-04-20T17:28:59.372+0000] {processor.py:161} INFO - Started process (PID=159) to work on /opt/airflow/dags/logidata_pipeline_dag.py
[2026-04-20T17:28:59.374+0000] {processor.py:830} INFO - Processing file /opt/airflow/dags/logidata_pipeline_dag.py for tasks to queue
[2026-04-20T17:28:59.376+0000] {logging_mixin.py:188} INFO - [2026-04-20T17:28:59.375+0000] {dagbag.py:538} INFO - Filling up the DagBag from /opt/airflow/dags/logidata_pipeline_dag.py
[2026-04-20T17:28:59.457+0000] {processor.py:840} INFO - DAG(s) 'logidata_pipeline_dag' retrieved from /opt/airflow/dags/logidata_pipeline_dag.py
[2026-04-20T17:28:59.494+0000] {logging_mixin.py:188} INFO - [2026-04-20T17:28:59.494+0000] {dag.py:3036} INFO - Sync 1 DAGs
[2026-04-20T17:28:59.509+0000] {logging_mixin.py:188} INFO - [2026-04-20T17:28:59.509+0000] {dag.py:3823} INFO - Setting next_dagrun for logidata_pipeline_dag to None, run_after=None
[2026-04-20T17:28:59.573+0000] {processor.py:183} INFO - Processing /opt/airflow/dags/logidata_pipeline_dag.py took 0.209 seconds
[2026-04-20T17:29:30.195+0000] {processor.py:161} INFO - Started process (PID=160) to work on /opt/airflow/dags/logidata_pipeline_dag.py
[2026-04-20T17:29:30.197+0000] {processor.py:830} INFO - Processing file /opt/airflow/dags/logidata_pipeline_dag.py for tasks to queue
[2026-04-20T17:29:30.198+0000] {logging_mixin.py:188} INFO - [2026-04-20T17:29:30.198+0000] {dagbag.py:538} INFO - Filling up the DagBag from /opt/airflow/dags/logidata_pipeline_dag.py
[2026-04-20T17:29:30.297+0000] {processor.py:840} INFO - DAG(s) 'logidata_pipeline_dag' retrieved from /opt/airflow/dags/logidata_pipeline_dag.py
[2026-04-20T17:29:30.335+0000] {logging_mixin.py:188} INFO - [2026-04-20T17:29:30.335+0000] {dag.py:3036} INFO - Sync 1 DAGs
[2026-04-20T17:29:30.355+0000] {logging_mixin.py:188} INFO - [2026-04-20T17:29:30.355+0000] {dag.py:3823} INFO - Setting next_dagrun for logidata_pipeline_dag to None, run_after=None
[2026-04-20T17:29:30.425+0000] {processor.py:183} INFO - Processing /opt/airflow/dags/logidata_pipeline_dag.py took 0.234 seconds
[2026-04-20T17:30:00.753+0000] {processor.py:161} INFO - Started process (PID=161) to work on /opt/airflow/dags/logidata_pipeline_dag.py
[2026-04-20T17:30:00.756+0000] {processor.py:830} INFO - Processing file /opt/airflow/dags/logidata_pipeline_dag.py for tasks to queue
[2026-04-20T17:30:00.762+0000] {logging_mixin.py:188} INFO - [2026-04-20T17:30:00.761+0000] {dagbag.py:538} INFO - Filling up the DagBag from /opt/airflow/dags/logidata_pipeline_dag.py
[2026-04-20T17:30:00.941+0000] {processor.py:840} INFO - DAG(s) 'logidata_pipeline_dag' retrieved from /opt/airflow/dags/logidata_pipeline_dag.py
[2026-04-20T17:30:00.991+0000] {logging_mixin.py:188} INFO - [2026-04-20T17:30:00.991+0000] {dag.py:3036} INFO - Sync 1 DAGs
[2026-04-20T17:30:01.008+0000] {logging_mixin.py:188} INFO - [2026-04-20T17:30:01.008+0000] {dag.py:3823} INFO - Setting next_dagrun for logidata_pipeline_dag to None, run_after=None
[2026-04-20T17:30:01.081+0000] {processor.py:183} INFO - Processing /opt/airflow/dags/logidata_pipeline_dag.py took 0.336 seconds
[2026-04-20T17:30:31.440+0000] {processor.py:161} INFO - Started process (PID=162) to work on /opt/airflow/dags/logidata_pipeline_dag.py
[2026-04-20T17:30:31.443+0000] {processor.py:830} INFO - Processing file /opt/airflow/dags/logidata_pipeline_dag.py for tasks to queue
[2026-04-20T17:30:31.446+0000] {logging_mixin.py:188} INFO - [2026-04-20T17:30:31.445+0000] {dagbag.py:538} INFO - Filling up the DagBag from /opt/airflow/dags/logidata_pipeline_dag.py
[2026-04-20T17:30:31.542+0000] {processor.py:840} INFO - DAG(s) 'logidata_pipeline_dag' retrieved from /opt/airflow/dags/logidata_pipeline_dag.py
[2026-04-20T17:30:31.588+0000] {logging_mixin.py:188} INFO - [2026-04-20T17:30:31.588+0000] {dag.py:3036} INFO - Sync 1 DAGs
[2026-04-20T17:30:31.611+0000] {logging_mixin.py:188} INFO - [2026-04-20T17:30:31.611+0000] {dag.py:3823} INFO - Setting next_dagrun for logidata_pipeline_dag to None, run_after=None
[2026-04-20T17:30:31.706+0000] {processor.py:183} INFO - Processing /opt/airflow/dags/logidata_pipeline_dag.py took 0.273 seconds
[2026-04-20T17:31:05.043+0000] {processor.py:161} INFO - Started process (PID=163) to work on /opt/airflow/dags/logidata_pipeline_dag.py
[2026-04-20T17:31:05.045+0000] {processor.py:830} INFO - Processing file /opt/airflow/dags/logidata_pipeline_dag.py for tasks to queue
[2026-04-20T17:31:05.054+0000] {logging_mixin.py:188} INFO - [2026-04-20T17:31:05.053+0000] {dagbag.py:538} INFO - Filling up the DagBag from /opt/airflow/dags/logidata_pipeline_dag.py
[2026-04-20T17:31:05.365+0000] {processor.py:840} INFO - DAG(s) 'logidata_pipeline_dag' retrieved from /opt/airflow/dags/logidata_pipeline_dag.py
[2026-04-20T17:31:05.489+0000] {logging_mixin.py:188} INFO - [2026-04-20T17:31:05.482+0000] {dag.py:3036} INFO - Sync 1 DAGs
[2026-04-20T17:31:05.547+0000] {logging_mixin.py:188} INFO - [2026-04-20T17:31:05.547+0000] {dag.py:3823} INFO - Setting next_dagrun for logidata_pipeline_dag to None, run_after=None
[2026-04-20T17:31:05.770+0000] {processor.py:183} INFO - Processing /opt/airflow/dags/logidata_pipeline_dag.py took 0.735 seconds
[2026-04-20T17:31:36.829+0000] {processor.py:161} INFO - Started process (PID=164) to work on /opt/airflow/dags/logidata_pipeline_dag.py
[2026-04-20T17:31:36.831+0000] {processor.py:830} INFO - Processing file /opt/airflow/dags/logidata_pipeline_dag.py for tasks to queue
[2026-04-20T17:31:36.833+0000] {logging_mixin.py:188} INFO - [2026-04-20T17:31:36.832+0000] {dagbag.py:538} INFO - Filling up the DagBag from /opt/airflow/dags/logidata_pipeline_dag.py
[2026-04-20T17:31:36.918+0000] {processor.py:840} INFO - DAG(s) 'logidata_pipeline_dag' retrieved from /opt/airflow/dags/logidata_pipeline_dag.py
[2026-04-20T17:31:36.980+0000] {logging_mixin.py:188} INFO - [2026-04-20T17:31:36.980+0000] {dag.py:3036} INFO - Sync 1 DAGs
[2026-04-20T17:31:36.994+0000] {logging_mixin.py:188} INFO - [2026-04-20T17:31:36.994+0000] {dag.py:3823} INFO - Setting next_dagrun for logidata_pipeline_dag to None, run_after=None
[2026-04-20T17:31:37.044+0000] {processor.py:183} INFO - Processing /opt/airflow/dags/logidata_pipeline_dag.py took 0.223 seconds
[2026-04-20T17:32:09.871+0000] {processor.py:161} INFO - Started process (PID=165) to work on /opt/airflow/dags/logidata_pipeline_dag.py
[2026-04-20T17:32:09.874+0000] {processor.py:830} INFO - Processing file /opt/airflow/dags/logidata_pipeline_dag.py for tasks to queue
[2026-04-20T17:32:09.876+0000] {logging_mixin.py:188} INFO - [2026-04-20T17:32:09.875+0000] {dagbag.py:538} INFO - Filling up the DagBag from /opt/airflow/dags/logidata_pipeline_dag.py
[2026-04-20T17:32:09.972+0000] {processor.py:840} INFO - DAG(s) 'logidata_pipeline_dag' retrieved from /opt/airflow/dags/logidata_pipeline_dag.py
[2026-04-20T17:32:10.056+0000] {logging_mixin.py:188} INFO - [2026-04-20T17:32:10.055+0000] {dag.py:3036} INFO - Sync 1 DAGs
[2026-04-20T17:32:10.092+0000] {logging_mixin.py:188} INFO - [2026-04-20T17:32:10.092+0000] {dag.py:3823} INFO - Setting next_dagrun for logidata_pipeline_dag to None, run_after=None
[2026-04-20T17:32:10.193+0000] {processor.py:183} INFO - Processing /opt/airflow/dags/logidata_pipeline_dag.py took 0.337 seconds
[2026-04-20T17:32:41.086+0000] {processor.py:161} INFO - Started process (PID=166) to work on /opt/airflow/dags/logidata_pipeline_dag.py
[2026-04-20T17:32:41.088+0000] {processor.py:830} INFO - Processing file /opt/airflow/dags/logidata_pipeline_dag.py for tasks to queue
[2026-04-20T17:32:41.089+0000] {logging_mixin.py:188} INFO - [2026-04-20T17:32:41.088+0000] {dagbag.py:538} INFO - Filling up the DagBag from /opt/airflow/dags/logidata_pipeline_dag.py
[2026-04-20T17:32:41.157+0000] {processor.py:840} INFO - DAG(s) 'logidata_pipeline_dag' retrieved from /opt/airflow/dags/logidata_pipeline_dag.py
[2026-04-20T17:32:41.199+0000] {logging_mixin.py:188} INFO - [2026-04-20T17:32:41.199+0000] {dag.py:3036} INFO - Sync 1 DAGs
[2026-04-20T17:32:41.217+0000] {logging_mixin.py:188} INFO - [2026-04-20T17:32:41.217+0000] {dag.py:3823} INFO - Setting next_dagrun for logidata_pipeline_dag to None, run_after=None
[2026-04-20T17:32:41.301+0000] {processor.py:183} INFO - Processing /opt/airflow/dags/logidata_pipeline_dag.py took 0.218 seconds
[2026-04-20T17:33:12.087+0000] {processor.py:161} INFO - Started process (PID=167) to work on /opt/airflow/dags/logidata_pipeline_dag.py
[2026-04-20T17:33:12.089+0000] {processor.py:830} INFO - Processing file /opt/airflow/dags/logidata_pipeline_dag.py for tasks to queue
[2026-04-20T17:33:12.091+0000] {logging_mixin.py:188} INFO - [2026-04-20T17:33:12.091+0000] {dagbag.py:538} INFO - Filling up the DagBag from /opt/airflow/dags/logidata_pipeline_dag.py
[2026-04-20T17:33:12.176+0000] {processor.py:840} INFO - DAG(s) 'logidata_pipeline_dag' retrieved from /opt/airflow/dags/logidata_pipeline_dag.py
[2026-04-20T17:33:12.218+0000] {logging_mixin.py:188} INFO - [2026-04-20T17:33:12.218+0000] {dag.py:3036} INFO - Sync 1 DAGs
[2026-04-20T17:33:12.233+0000] {logging_mixin.py:188} INFO - [2026-04-20T17:33:12.233+0000] {dag.py:3823} INFO - Setting next_dagrun for logidata_pipeline_dag to None, run_after=None
[2026-04-20T17:33:12.293+0000] {processor.py:183} INFO - Processing /opt/airflow/dags/logidata_pipeline_dag.py took 0.212 seconds
[2026-04-20T17:33:43.505+0000] {processor.py:161} INFO - Started process (PID=168) to work on /opt/airflow/dags/logidata_pipeline_dag.py
[2026-04-20T17:33:43.509+0000] {processor.py:830} INFO - Processing file /opt/airflow/dags/logidata_pipeline_dag.py for tasks to queue
[2026-04-20T17:33:43.511+0000] {logging_mixin.py:188} INFO - [2026-04-20T17:33:43.510+0000] {dagbag.py:538} INFO - Filling up the DagBag from /opt/airflow/dags/logidata_pipeline_dag.py
[2026-04-20T17:33:43.605+0000] {processor.py:840} INFO - DAG(s) 'logidata_pipeline_dag' retrieved from /opt/airflow/dags/logidata_pipeline_dag.py
[2026-04-20T17:33:43.649+0000] {logging_mixin.py:188} INFO - [2026-04-20T17:33:43.649+0000] {dag.py:3036} INFO - Sync 1 DAGs
[2026-04-20T17:33:43.664+0000] {logging_mixin.py:188} INFO - [2026-04-20T17:33:43.664+0000] {dag.py:3823} INFO - Setting next_dagrun for logidata_pipeline_dag to None, run_after=None
[2026-04-20T17:33:43.777+0000] {processor.py:183} INFO - Processing /opt/airflow/dags/logidata_pipeline_dag.py took 0.283 seconds
[2026-04-20T17:34:15.569+0000] {processor.py:161} INFO - Started process (PID=169) to work on /opt/airflow/dags/logidata_pipeline_dag.py
[2026-04-20T17:34:15.571+0000] {processor.py:830} INFO - Processing file /opt/airflow/dags/logidata_pipeline_dag.py for tasks to queue
[2026-04-20T17:34:15.575+0000] {logging_mixin.py:188} INFO - [2026-04-20T17:34:15.574+0000] {dagbag.py:538} INFO - Filling up the DagBag from /opt/airflow/dags/logidata_pipeline_dag.py
[2026-04-20T17:34:15.752+0000] {processor.py:840} INFO - DAG(s) 'logidata_pipeline_dag' retrieved from /opt/airflow/dags/logidata_pipeline_dag.py
[2026-04-20T17:34:15.822+0000] {logging_mixin.py:188} INFO - [2026-04-20T17:34:15.822+0000] {dag.py:3036} INFO - Sync 1 DAGs
[2026-04-20T17:34:15.838+0000] {logging_mixin.py:188} INFO - [2026-04-20T17:34:15.838+0000] {dag.py:3823} INFO - Setting next_dagrun for logidata_pipeline_dag to None, run_after=None
[2026-04-20T17:34:15.937+0000] {processor.py:183} INFO - Processing /opt/airflow/dags/logidata_pipeline_dag.py took 0.387 seconds
[2026-04-20T17:34:48.409+0000] {processor.py:161} INFO - Started process (PID=170) to work on /opt/airflow/dags/logidata_pipeline_dag.py
[2026-04-20T17:34:48.411+0000] {processor.py:830} INFO - Processing file /opt/airflow/dags/logidata_pipeline_dag.py for tasks to queue
[2026-04-20T17:34:48.413+0000] {logging_mixin.py:188} INFO - [2026-04-20T17:34:48.412+0000] {dagbag.py:538} INFO - Filling up the DagBag from /opt/airflow/dags/logidata_pipeline_dag.py
[2026-04-20T17:34:48.504+0000] {processor.py:840} INFO - DAG(s) 'logidata_pipeline_dag' retrieved from /opt/airflow/dags/logidata_pipeline_dag.py
[2026-04-20T17:34:48.544+0000] {logging_mixin.py:188} INFO - [2026-04-20T17:34:48.544+0000] {dag.py:3036} INFO - Sync 1 DAGs
[2026-04-20T17:34:48.561+0000] {logging_mixin.py:188} INFO - [2026-04-20T17:34:48.561+0000] {dag.py:3823} INFO - Setting next_dagrun for logidata_pipeline_dag to None, run_after=None
[2026-04-20T17:34:48.647+0000] {processor.py:183} INFO - Processing /opt/airflow/dags/logidata_pipeline_dag.py took 0.244 seconds
[2026-04-20T17:35:20.523+0000] {processor.py:161} INFO - Started process (PID=171) to work on /opt/airflow/dags/logidata_pipeline_dag.py
[2026-04-20T17:35:20.525+0000] {processor.py:830} INFO - Processing file /opt/airflow/dags/logidata_pipeline_dag.py for tasks to queue
[2026-04-20T17:35:20.527+0000] {logging_mixin.py:188} INFO - [2026-04-20T17:35:20.527+0000] {dagbag.py:538} INFO - Filling up the DagBag from /opt/airflow/dags/logidata_pipeline_dag.py
[2026-04-20T17:35:20.636+0000] {processor.py:840} INFO - DAG(s) 'logidata_pipeline_dag' retrieved from /opt/airflow/dags/logidata_pipeline_dag.py
[2026-04-20T17:35:20.713+0000] {logging_mixin.py:188} INFO - [2026-04-20T17:35:20.713+0000] {dag.py:3036} INFO - Sync 1 DAGs
[2026-04-20T17:35:20.764+0000] {logging_mixin.py:188} INFO - [2026-04-20T17:35:20.764+0000] {dag.py:3823} INFO - Setting next_dagrun for logidata_pipeline_dag to None, run_after=None
[2026-04-20T17:35:20.885+0000] {processor.py:183} INFO - Processing /opt/airflow/dags/logidata_pipeline_dag.py took 0.366 seconds
[2026-04-20T17:35:52.129+0000] {processor.py:161} INFO - Started process (PID=172) to work on /opt/airflow/dags/logidata_pipeline_dag.py
[2026-04-20T17:35:52.135+0000] {processor.py:830} INFO - Processing file /opt/airflow/dags/logidata_pipeline_dag.py for tasks to queue
[2026-04-20T17:35:52.137+0000] {logging_mixin.py:188} INFO - [2026-04-20T17:35:52.136+0000] {dagbag.py:538} INFO - Filling up the DagBag from /opt/airflow/dags/logidata_pipeline_dag.py
[2026-04-20T17:35:52.238+0000] {processor.py:840} INFO - DAG(s) 'logidata_pipeline_dag' retrieved from /opt/airflow/dags/logidata_pipeline_dag.py
[2026-04-20T17:35:52.289+0000] {logging_mixin.py:188} INFO - [2026-04-20T17:35:52.289+0000] {dag.py:3036} INFO - Sync 1 DAGs
[2026-04-20T17:35:52.307+0000] {logging_mixin.py:188} INFO - [2026-04-20T17:35:52.307+0000] {dag.py:3823} INFO - Setting next_dagrun for logidata_pipeline_dag to None, run_after=None
[2026-04-20T17:35:52.459+0000] {processor.py:183} INFO - Processing /opt/airflow/dags/logidata_pipeline_dag.py took 0.342 seconds
[2026-04-20T17:36:22.926+0000] {processor.py:161} INFO - Started process (PID=173) to work on /opt/airflow/dags/logidata_pipeline_dag.py
[2026-04-20T17:36:22.930+0000] {processor.py:830} INFO - Processing file /opt/airflow/dags/logidata_pipeline_dag.py for tasks to queue
[2026-04-20T17:36:22.933+0000] {logging_mixin.py:188} INFO - [2026-04-20T17:36:22.932+0000] {dagbag.py:538} INFO - Filling up the DagBag from /opt/airflow/dags/logidata_pipeline_dag.py
[2026-04-20T17:36:23.050+0000] {processor.py:840} INFO - DAG(s) 'logidata_pipeline_dag' retrieved from /opt/airflow/dags/logidata_pipeline_dag.py
[2026-04-20T17:36:23.098+0000] {logging_mixin.py:188} INFO - [2026-04-20T17:36:23.097+0000] {dag.py:3036} INFO - Sync 1 DAGs
[2026-04-20T17:36:23.114+0000] {logging_mixin.py:188} INFO - [2026-04-20T17:36:23.114+0000] {dag.py:3823} INFO - Setting next_dagrun for logidata_pipeline_dag to None, run_after=None
[2026-04-20T17:36:23.182+0000] {processor.py:183} INFO - Processing /opt/airflow/dags/logidata_pipeline_dag.py took 0.264 seconds
[2026-04-20T17:36:54.141+0000] {processor.py:161} INFO - Started process (PID=174) to work on /opt/airflow/dags/logidata_pipeline_dag.py
[2026-04-20T17:36:54.142+0000] {processor.py:830} INFO - Processing file /opt/airflow/dags/logidata_pipeline_dag.py for tasks to queue
[2026-04-20T17:36:54.144+0000] {logging_mixin.py:188} INFO - [2026-04-20T17:36:54.143+0000] {dagbag.py:538} INFO - Filling up the DagBag from /opt/airflow/dags/logidata_pipeline_dag.py
[2026-04-20T17:36:54.226+0000] {processor.py:840} INFO - DAG(s) 'logidata_pipeline_dag' retrieved from /opt/airflow/dags/logidata_pipeline_dag.py
[2026-04-20T17:36:54.275+0000] {logging_mixin.py:188} INFO - [2026-04-20T17:36:54.275+0000] {dag.py:3036} INFO - Sync 1 DAGs
[2026-04-20T17:36:54.292+0000] {logging_mixin.py:188} INFO - [2026-04-20T17:36:54.292+0000] {dag.py:3823} INFO - Setting next_dagrun for logidata_pipeline_dag to None, run_after=None
[2026-04-20T17:36:54.366+0000] {processor.py:183} INFO - Processing /opt/airflow/dags/logidata_pipeline_dag.py took 0.229 seconds
[2026-04-20T17:37:26.071+0000] {processor.py:161} INFO - Started process (PID=175) to work on /opt/airflow/dags/logidata_pipeline_dag.py
[2026-04-20T17:37:26.074+0000] {processor.py:830} INFO - Processing file /opt/airflow/dags/logidata_pipeline_dag.py for tasks to queue
[2026-04-20T17:37:26.075+0000] {logging_mixin.py:188} INFO - [2026-04-20T17:37:26.075+0000] {dagbag.py:538} INFO - Filling up the DagBag from /opt/airflow/dags/logidata_pipeline_dag.py
[2026-04-20T17:37:26.179+0000] {processor.py:840} INFO - DAG(s) 'logidata_pipeline_dag' retrieved from /opt/airflow/dags/logidata_pipeline_dag.py
[2026-04-20T17:37:26.215+0000] {logging_mixin.py:188} INFO - [2026-04-20T17:37:26.214+0000] {dag.py:3036} INFO - Sync 1 DAGs
[2026-04-20T17:37:26.230+0000] {logging_mixin.py:188} INFO - [2026-04-20T17:37:26.229+0000] {dag.py:3823} INFO - Setting next_dagrun for logidata_pipeline_dag to None, run_after=None
[2026-04-20T17:37:26.370+0000] {processor.py:183} INFO - Processing /opt/airflow/dags/logidata_pipeline_dag.py took 0.305 seconds
[2026-04-20T17:37:58.447+0000] {processor.py:161} INFO - Started process (PID=176) to work on /opt/airflow/dags/logidata_pipeline_dag.py
[2026-04-20T17:37:58.448+0000] {processor.py:830} INFO - Processing file /opt/airflow/dags/logidata_pipeline_dag.py for tasks to queue
[2026-04-20T17:37:58.449+0000] {logging_mixin.py:188} INFO - [2026-04-20T17:37:58.449+0000] {dagbag.py:538} INFO - Filling up the DagBag from /opt/airflow/dags/logidata_pipeline_dag.py
[2026-04-20T17:37:58.523+0000] {processor.py:840} INFO - DAG(s) 'logidata_pipeline_dag' retrieved from /opt/airflow/dags/logidata_pipeline_dag.py
[2026-04-20T17:37:58.568+0000] {logging_mixin.py:188} INFO - [2026-04-20T17:37:58.568+0000] {dag.py:3036} INFO - Sync 1 DAGs
[2026-04-20T17:37:58.582+0000] {logging_mixin.py:188} INFO - [2026-04-20T17:37:58.582+0000] {dag.py:3823} INFO - Setting next_dagrun for logidata_pipeline_dag to None, run_after=None
[2026-04-20T17:37:58.664+0000] {processor.py:183} INFO - Processing /opt/airflow/dags/logidata_pipeline_dag.py took 0.222 seconds
[2026-04-20T17:38:31.896+0000] {processor.py:161} INFO - Started process (PID=177) to work on /opt/airflow/dags/logidata_pipeline_dag.py
[2026-04-20T17:38:31.897+0000] {processor.py:830} INFO - Processing file /opt/airflow/dags/logidata_pipeline_dag.py for tasks to queue
[2026-04-20T17:38:31.899+0000] {logging_mixin.py:188} INFO - [2026-04-20T17:38:31.899+0000] {dagbag.py:538} INFO - Filling up the DagBag from /opt/airflow/dags/logidata_pipeline_dag.py
[2026-04-20T17:38:31.972+0000] {processor.py:840} INFO - DAG(s) 'logidata_pipeline_dag' retrieved from /opt/airflow/dags/logidata_pipeline_dag.py
[2026-04-20T17:38:32.032+0000] {logging_mixin.py:188} INFO - [2026-04-20T17:38:32.032+0000] {dag.py:3036} INFO - Sync 1 DAGs
[2026-04-20T17:38:32.061+0000] {logging_mixin.py:188} INFO - [2026-04-20T17:38:32.061+0000] {dag.py:3823} INFO - Setting next_dagrun for logidata_pipeline_dag to None, run_after=None
[2026-04-20T17:38:32.171+0000] {processor.py:183} INFO - Processing /opt/airflow/dags/logidata_pipeline_dag.py took 0.284 seconds
[2026-04-20T17:39:04.383+0000] {processor.py:161} INFO - Started process (PID=178) to work on /opt/airflow/dags/logidata_pipeline_dag.py
[2026-04-20T17:39:04.385+0000] {processor.py:830} INFO - Processing file /opt/airflow/dags/logidata_pipeline_dag.py for tasks to queue
[2026-04-20T17:39:04.387+0000] {logging_mixin.py:188} INFO - [2026-04-20T17:39:04.386+0000] {dagbag.py:538} INFO - Filling up the DagBag from /opt/airflow/dags/logidata_pipeline_dag.py
[2026-04-20T17:39:04.483+0000] {processor.py:840} INFO - DAG(s) 'logidata_pipeline_dag' retrieved from /opt/airflow/dags/logidata_pipeline_dag.py
[2026-04-20T17:39:04.535+0000] {logging_mixin.py:188} INFO - [2026-04-20T17:39:04.535+0000] {dag.py:3036} INFO - Sync 1 DAGs
[2026-04-20T17:39:04.557+0000] {logging_mixin.py:188} INFO - [2026-04-20T17:39:04.557+0000] {dag.py:3823} INFO - Setting next_dagrun for logidata_pipeline_dag to None, run_after=None
[2026-04-20T17:39:04.639+0000] {processor.py:183} INFO - Processing /opt/airflow/dags/logidata_pipeline_dag.py took 0.260 seconds
[2026-04-20T17:39:34.817+0000] {processor.py:161} INFO - Started process (PID=179) to work on /opt/airflow/dags/logidata_pipeline_dag.py
[2026-04-20T17:39:34.820+0000] {processor.py:830} INFO - Processing file /opt/airflow/dags/logidata_pipeline_dag.py for tasks to queue
[2026-04-20T17:39:34.822+0000] {logging_mixin.py:188} INFO - [2026-04-20T17:39:34.821+0000] {dagbag.py:538} INFO - Filling up the DagBag from /opt/airflow/dags/logidata_pipeline_dag.py
[2026-04-20T17:39:34.921+0000] {processor.py:840} INFO - DAG(s) 'logidata_pipeline_dag' retrieved from /opt/airflow/dags/logidata_pipeline_dag.py
[2026-04-20T17:39:34.983+0000] {logging_mixin.py:188} INFO - [2026-04-20T17:39:34.982+0000] {dag.py:3036} INFO - Sync 1 DAGs
[2026-04-20T17:39:35.007+0000] {logging_mixin.py:188} INFO - [2026-04-20T17:39:35.007+0000] {dag.py:3823} INFO - Setting next_dagrun for logidata_pipeline_dag to None, run_after=None
[2026-04-20T17:39:35.169+0000] {processor.py:183} INFO - Processing /opt/airflow/dags/logidata_pipeline_dag.py took 0.360 seconds
[2026-04-20T17:40:05.674+0000] {processor.py:161} INFO - Started process (PID=180) to work on /opt/airflow/dags/logidata_pipeline_dag.py
[2026-04-20T17:40:05.676+0000] {processor.py:830} INFO - Processing file /opt/airflow/dags/logidata_pipeline_dag.py for tasks to queue
[2026-04-20T17:40:05.677+0000] {logging_mixin.py:188} INFO - [2026-04-20T17:40:05.677+0000] {dagbag.py:538} INFO - Filling up the DagBag from /opt/airflow/dags/logidata_pipeline_dag.py
[2026-04-20T17:40:05.752+0000] {processor.py:840} INFO - DAG(s) 'logidata_pipeline_dag' retrieved from /opt/airflow/dags/logidata_pipeline_dag.py
[2026-04-20T17:40:05.797+0000] {logging_mixin.py:188} INFO - [2026-04-20T17:40:05.797+0000] {dag.py:3036} INFO - Sync 1 DAGs
[2026-04-20T17:40:05.813+0000] {logging_mixin.py:188} INFO - [2026-04-20T17:40:05.812+0000] {dag.py:3823} INFO - Setting next_dagrun for logidata_pipeline_dag to None, run_after=None
[2026-04-20T17:40:05.877+0000] {processor.py:183} INFO - Processing /opt/airflow/dags/logidata_pipeline_dag.py took 0.207 seconds
[2026-04-20T17:40:36.841+0000] {processor.py:161} INFO - Started process (PID=181) to work on /opt/airflow/dags/logidata_pipeline_dag.py
[2026-04-20T17:40:36.843+0000] {processor.py:830} INFO - Processing file /opt/airflow/dags/logidata_pipeline_dag.py for tasks to queue
[2026-04-20T17:40:36.845+0000] {logging_mixin.py:188} INFO - [2026-04-20T17:40:36.844+0000] {dagbag.py:538} INFO - Filling up the DagBag from /opt/airflow/dags/logidata_pipeline_dag.py
[2026-04-20T17:40:36.918+0000] {processor.py:840} INFO - DAG(s) 'logidata_pipeline_dag' retrieved from /opt/airflow/dags/logidata_pipeline_dag.py
[2026-04-20T17:40:36.957+0000] {logging_mixin.py:188} INFO - [2026-04-20T17:40:36.957+0000] {dag.py:3036} INFO - Sync 1 DAGs
[2026-04-20T17:40:36.971+0000] {logging_mixin.py:188} INFO - [2026-04-20T17:40:36.971+0000] {dag.py:3823} INFO - Setting next_dagrun for logidata_pipeline_dag to None, run_after=None
[2026-04-20T17:40:37.030+0000] {processor.py:183} INFO - Processing /opt/airflow/dags/logidata_pipeline_dag.py took 0.192 seconds
[2026-04-20T17:41:09.200+0000] {processor.py:161} INFO - Started process (PID=182) to work on /opt/airflow/dags/logidata_pipeline_dag.py
[2026-04-20T17:41:09.203+0000] {processor.py:830} INFO - Processing file /opt/airflow/dags/logidata_pipeline_dag.py for tasks to queue
[2026-04-20T17:41:09.205+0000] {logging_mixin.py:188} INFO - [2026-04-20T17:41:09.205+0000] {dagbag.py:538} INFO - Filling up the DagBag from /opt/airflow/dags/logidata_pipeline_dag.py
[2026-04-20T17:41:09.358+0000] {processor.py:840} INFO - DAG(s) 'logidata_pipeline_dag' retrieved from /opt/airflow/dags/logidata_pipeline_dag.py
[2026-04-20T17:41:09.432+0000] {logging_mixin.py:188} INFO - [2026-04-20T17:41:09.432+0000] {dag.py:3036} INFO - Sync 1 DAGs
[2026-04-20T17:41:09.451+0000] {logging_mixin.py:188} INFO - [2026-04-20T17:41:09.451+0000] {dag.py:3823} INFO - Setting next_dagrun for logidata_pipeline_dag to None, run_after=None
[2026-04-20T17:41:09.585+0000] {processor.py:183} INFO - Processing /opt/airflow/dags/logidata_pipeline_dag.py took 0.397 seconds
[2026-04-20T17:41:42.354+0000] {processor.py:161} INFO - Started process (PID=183) to work on /opt/airflow/dags/logidata_pipeline_dag.py
[2026-04-20T17:41:42.358+0000] {processor.py:830} INFO - Processing file /opt/airflow/dags/logidata_pipeline_dag.py for tasks to queue
[2026-04-20T17:41:42.360+0000] {logging_mixin.py:188} INFO - [2026-04-20T17:41:42.359+0000] {dagbag.py:538} INFO - Filling up the DagBag from /opt/airflow/dags/logidata_pipeline_dag.py
[2026-04-20T17:41:42.445+0000] {processor.py:840} INFO - DAG(s) 'logidata_pipeline_dag' retrieved from /opt/airflow/dags/logidata_pipeline_dag.py
[2026-04-20T17:41:42.494+0000] {logging_mixin.py:188} INFO - [2026-04-20T17:41:42.494+0000] {dag.py:3036} INFO - Sync 1 DAGs
[2026-04-20T17:41:42.511+0000] {logging_mixin.py:188} INFO - [2026-04-20T17:41:42.511+0000] {dag.py:3823} INFO - Setting next_dagrun for logidata_pipeline_dag to None, run_after=None
[2026-04-20T17:41:42.617+0000] {processor.py:183} INFO - Processing /opt/airflow/dags/logidata_pipeline_dag.py took 0.284 seconds
[2026-04-20T17:42:13.588+0000] {processor.py:161} INFO - Started process (PID=184) to work on /opt/airflow/dags/logidata_pipeline_dag.py
[2026-04-20T17:42:13.589+0000] {processor.py:830} INFO - Processing file /opt/airflow/dags/logidata_pipeline_dag.py for tasks to queue
[2026-04-20T17:42:13.591+0000] {logging_mixin.py:188} INFO - [2026-04-20T17:42:13.591+0000] {dagbag.py:538} INFO - Filling up the DagBag from /opt/airflow/dags/logidata_pipeline_dag.py
[2026-04-20T17:42:13.668+0000] {processor.py:840} INFO - DAG(s) 'logidata_pipeline_dag' retrieved from /opt/airflow/dags/logidata_pipeline_dag.py
[2026-04-20T17:42:13.716+0000] {logging_mixin.py:188} INFO - [2026-04-20T17:42:13.716+0000] {dag.py:3036} INFO - Sync 1 DAGs
[2026-04-20T17:42:13.733+0000] {logging_mixin.py:188} INFO - [2026-04-20T17:42:13.733+0000] {dag.py:3823} INFO - Setting next_dagrun for logidata_pipeline_dag to None, run_after=None
[2026-04-20T17:42:13.803+0000] {processor.py:183} INFO - Processing /opt/airflow/dags/logidata_pipeline_dag.py took 0.224 seconds
[2026-04-20T17:42:44.492+0000] {processor.py:161} INFO - Started process (PID=185) to work on /opt/airflow/dags/logidata_pipeline_dag.py
[2026-04-20T17:42:44.495+0000] {processor.py:830} INFO - Processing file /opt/airflow/dags/logidata_pipeline_dag.py for tasks to queue
[2026-04-20T17:42:44.497+0000] {logging_mixin.py:188} INFO - [2026-04-20T17:42:44.496+0000] {dagbag.py:538} INFO - Filling up the DagBag from /opt/airflow/dags/logidata_pipeline_dag.py
[2026-04-20T17:42:44.593+0000] {processor.py:840} INFO - DAG(s) 'logidata_pipeline_dag' retrieved from /opt/airflow/dags/logidata_pipeline_dag.py
[2026-04-20T17:42:44.630+0000] {logging_mixin.py:188} INFO - [2026-04-20T17:42:44.630+0000] {dag.py:3036} INFO - Sync 1 DAGs
[2026-04-20T17:42:44.644+0000] {logging_mixin.py:188} INFO - [2026-04-20T17:42:44.643+0000] {dag.py:3823} INFO - Setting next_dagrun for logidata_pipeline_dag to None, run_after=None
[2026-04-20T17:42:44.724+0000] {processor.py:183} INFO - Processing /opt/airflow/dags/logidata_pipeline_dag.py took 0.244 seconds
[2026-04-20T17:43:16.887+0000] {processor.py:161} INFO - Started process (PID=186) to work on /opt/airflow/dags/logidata_pipeline_dag.py
[2026-04-20T17:43:16.891+0000] {processor.py:830} INFO - Processing file /opt/airflow/dags/logidata_pipeline_dag.py for tasks to queue
[2026-04-20T17:43:16.894+0000] {logging_mixin.py:188} INFO - [2026-04-20T17:43:16.893+0000] {dagbag.py:538} INFO - Filling up the DagBag from /opt/airflow/dags/logidata_pipeline_dag.py
[2026-04-20T17:43:17.011+0000] {processor.py:840} INFO - DAG(s) 'logidata_pipeline_dag' retrieved from /opt/airflow/dags/logidata_pipeline_dag.py
[2026-04-20T17:43:17.052+0000] {logging_mixin.py:188} INFO - [2026-04-20T17:43:17.052+0000] {dag.py:3036} INFO - Sync 1 DAGs
[2026-04-20T17:43:17.068+0000] {logging_mixin.py:188} INFO - [2026-04-20T17:43:17.068+0000] {dag.py:3823} INFO - Setting next_dagrun for logidata_pipeline_dag to None, run_after=None
[2026-04-20T17:43:17.136+0000] {processor.py:183} INFO - Processing /opt/airflow/dags/logidata_pipeline_dag.py took 0.255 seconds
[2026-04-20T17:43:49.023+0000] {processor.py:161} INFO - Started process (PID=187) to work on /opt/airflow/dags/logidata_pipeline_dag.py
[2026-04-20T17:43:49.024+0000] {processor.py:830} INFO - Processing file /opt/airflow/dags/logidata_pipeline_dag.py for tasks to queue
[2026-04-20T17:43:49.026+0000] {logging_mixin.py:188} INFO - [2026-04-20T17:43:49.025+0000] {dagbag.py:538} INFO - Filling up the DagBag from /opt/airflow/dags/logidata_pipeline_dag.py
[2026-04-20T17:43:49.105+0000] {processor.py:840} INFO - DAG(s) 'logidata_pipeline_dag' retrieved from /opt/airflow/dags/logidata_pipeline_dag.py
[2026-04-20T17:43:49.170+0000] {logging_mixin.py:188} INFO - [2026-04-20T17:43:49.170+0000] {dag.py:3036} INFO - Sync 1 DAGs
[2026-04-20T17:43:49.187+0000] {logging_mixin.py:188} INFO - [2026-04-20T17:43:49.187+0000] {dag.py:3823} INFO - Setting next_dagrun for logidata_pipeline_dag to None, run_after=None
[2026-04-20T17:43:49.290+0000] {processor.py:183} INFO - Processing /opt/airflow/dags/logidata_pipeline_dag.py took 0.271 seconds
[2026-04-20T17:44:22.023+0000] {processor.py:161} INFO - Started process (PID=188) to work on /opt/airflow/dags/logidata_pipeline_dag.py
[2026-04-20T17:44:22.024+0000] {processor.py:830} INFO - Processing file /opt/airflow/dags/logidata_pipeline_dag.py for tasks to queue
[2026-04-20T17:44:22.026+0000] {logging_mixin.py:188} INFO - [2026-04-20T17:44:22.025+0000] {dagbag.py:538} INFO - Filling up the DagBag from /opt/airflow/dags/logidata_pipeline_dag.py
[2026-04-20T17:44:22.097+0000] {processor.py:840} INFO - DAG(s) 'logidata_pipeline_dag' retrieved from /opt/airflow/dags/logidata_pipeline_dag.py
[2026-04-20T17:44:22.139+0000] {logging_mixin.py:188} INFO - [2026-04-20T17:44:22.139+0000] {dag.py:3036} INFO - Sync 1 DAGs
[2026-04-20T17:44:22.151+0000] {logging_mixin.py:188} INFO - [2026-04-20T17:44:22.151+0000] {dag.py:3823} INFO - Setting next_dagrun for logidata_pipeline_dag to None, run_after=None
[2026-04-20T17:44:22.200+0000] {processor.py:183} INFO - Processing /opt/airflow/dags/logidata_pipeline_dag.py took 0.181 seconds
[2026-04-20T17:44:55.209+0000] {processor.py:161} INFO - Started process (PID=189) to work on /opt/airflow/dags/logidata_pipeline_dag.py
[2026-04-20T17:44:55.211+0000] {processor.py:830} INFO - Processing file /opt/airflow/dags/logidata_pipeline_dag.py for tasks to queue
[2026-04-20T17:44:55.213+0000] {logging_mixin.py:188} INFO - [2026-04-20T17:44:55.212+0000] {dagbag.py:538} INFO - Filling up the DagBag from /opt/airflow/dags/logidata_pipeline_dag.py
[2026-04-20T17:44:55.328+0000] {processor.py:840} INFO - DAG(s) 'logidata_pipeline_dag' retrieved from /opt/airflow/dags/logidata_pipeline_dag.py
[2026-04-20T17:44:55.373+0000] {logging_mixin.py:188} INFO - [2026-04-20T17:44:55.373+0000] {dag.py:3036} INFO - Sync 1 DAGs
[2026-04-20T17:44:55.389+0000] {logging_mixin.py:188} INFO - [2026-04-20T17:44:55.389+0000] {dag.py:3823} INFO - Setting next_dagrun for logidata_pipeline_dag to None, run_after=None
[2026-04-20T17:44:55.520+0000] {processor.py:183} INFO - Processing /opt/airflow/dags/logidata_pipeline_dag.py took 0.318 seconds
[2026-04-20T17:45:26.285+0000] {processor.py:161} INFO - Started process (PID=190) to work on /opt/airflow/dags/logidata_pipeline_dag.py
[2026-04-20T17:45:26.287+0000] {processor.py:830} INFO - Processing file /opt/airflow/dags/logidata_pipeline_dag.py for tasks to queue
[2026-04-20T17:45:26.289+0000] {logging_mixin.py:188} INFO - [2026-04-20T17:45:26.288+0000] {dagbag.py:538} INFO - Filling up the DagBag from /opt/airflow/dags/logidata_pipeline_dag.py
[2026-04-20T17:45:26.394+0000] {processor.py:840} INFO - DAG(s) 'logidata_pipeline_dag' retrieved from /opt/airflow/dags/logidata_pipeline_dag.py
[2026-04-20T17:45:26.452+0000] {logging_mixin.py:188} INFO - [2026-04-20T17:45:26.452+0000] {dag.py:3036} INFO - Sync 1 DAGs
[2026-04-20T17:45:26.468+0000] {logging_mixin.py:188} INFO - [2026-04-20T17:45:26.468+0000] {dag.py:3823} INFO - Setting next_dagrun for logidata_pipeline_dag to None, run_after=None
[2026-04-20T17:45:26.541+0000] {processor.py:183} INFO - Processing /opt/airflow/dags/logidata_pipeline_dag.py took 0.269 seconds
[2026-04-20T17:45:57.137+0000] {processor.py:161} INFO - Started process (PID=191) to work on /opt/airflow/dags/logidata_pipeline_dag.py
[2026-04-20T17:45:57.138+0000] {processor.py:830} INFO - Processing file /opt/airflow/dags/logidata_pipeline_dag.py for tasks to queue
[2026-04-20T17:45:57.140+0000] {logging_mixin.py:188} INFO - [2026-04-20T17:45:57.140+0000] {dagbag.py:538} INFO - Filling up the DagBag from /opt/airflow/dags/logidata_pipeline_dag.py
[2026-04-20T17:45:57.228+0000] {processor.py:840} INFO - DAG(s) 'logidata_pipeline_dag' retrieved from /opt/airflow/dags/logidata_pipeline_dag.py
[2026-04-20T17:45:57.281+0000] {logging_mixin.py:188} INFO - [2026-04-20T17:45:57.281+0000] {dag.py:3036} INFO - Sync 1 DAGs
[2026-04-20T17:45:57.297+0000] {logging_mixin.py:188} INFO - [2026-04-20T17:45:57.297+0000] {dag.py:3823} INFO - Setting next_dagrun for logidata_pipeline_dag to None, run_after=None
[2026-04-20T17:45:57.461+0000] {processor.py:183} INFO - Processing /opt/airflow/dags/logidata_pipeline_dag.py took 0.328 seconds
[2026-04-20T17:46:28.496+0000] {processor.py:161} INFO - Started process (PID=192) to work on /opt/airflow/dags/logidata_pipeline_dag.py
[2026-04-20T17:46:28.497+0000] {processor.py:830} INFO - Processing file /opt/airflow/dags/logidata_pipeline_dag.py for tasks to queue
[2026-04-20T17:46:28.498+0000] {logging_mixin.py:188} INFO - [2026-04-20T17:46:28.498+0000] {dagbag.py:538} INFO - Filling up the DagBag from /opt/airflow/dags/logidata_pipeline_dag.py
[2026-04-20T17:46:28.572+0000] {processor.py:840} INFO - DAG(s) 'logidata_pipeline_dag' retrieved from /opt/airflow/dags/logidata_pipeline_dag.py
[2026-04-20T17:46:28.623+0000] {logging_mixin.py:188} INFO - [2026-04-20T17:46:28.623+0000] {dag.py:3036} INFO - Sync 1 DAGs
[2026-04-20T17:46:28.638+0000] {logging_mixin.py:188} INFO - [2026-04-20T17:46:28.638+0000] {dag.py:3823} INFO - Setting next_dagrun for logidata_pipeline_dag to None, run_after=None
[2026-04-20T17:46:28.710+0000] {processor.py:183} INFO - Processing /opt/airflow/dags/logidata_pipeline_dag.py took 0.218 seconds
[2026-04-20T17:46:59.621+0000] {processor.py:161} INFO - Started process (PID=193) to work on /opt/airflow/dags/logidata_pipeline_dag.py
[2026-04-20T17:46:59.623+0000] {processor.py:830} INFO - Processing file /opt/airflow/dags/logidata_pipeline_dag.py for tasks to queue
[2026-04-20T17:46:59.625+0000] {logging_mixin.py:188} INFO - [2026-04-20T17:46:59.624+0000] {dagbag.py:538} INFO - Filling up the DagBag from /opt/airflow/dags/logidata_pipeline_dag.py
[2026-04-20T17:46:59.705+0000] {processor.py:840} INFO - DAG(s) 'logidata_pipeline_dag' retrieved from /opt/airflow/dags/logidata_pipeline_dag.py
[2026-04-20T17:46:59.747+0000] {logging_mixin.py:188} INFO - [2026-04-20T17:46:59.747+0000] {dag.py:3036} INFO - Sync 1 DAGs
[2026-04-20T17:46:59.766+0000] {logging_mixin.py:188} INFO - [2026-04-20T17:46:59.766+0000] {dag.py:3823} INFO - Setting next_dagrun for logidata_pipeline_dag to None, run_after=None
[2026-04-20T17:46:59.876+0000] {processor.py:183} INFO - Processing /opt/airflow/dags/logidata_pipeline_dag.py took 0.263 seconds
[2026-04-20T17:47:32.263+0000] {processor.py:161} INFO - Started process (PID=194) to work on /opt/airflow/dags/logidata_pipeline_dag.py
[2026-04-20T17:47:32.265+0000] {processor.py:830} INFO - Processing file /opt/airflow/dags/logidata_pipeline_dag.py for tasks to queue
[2026-04-20T17:47:32.267+0000] {logging_mixin.py:188} INFO - [2026-04-20T17:47:32.267+0000] {dagbag.py:538} INFO - Filling up the DagBag from /opt/airflow/dags/logidata_pipeline_dag.py
[2026-04-20T17:47:32.363+0000] {processor.py:840} INFO - DAG(s) 'logidata_pipeline_dag' retrieved from /opt/airflow/dags/logidata_pipeline_dag.py
[2026-04-20T17:47:32.427+0000] {logging_mixin.py:188} INFO - [2026-04-20T17:47:32.427+0000] {dag.py:3036} INFO - Sync 1 DAGs
[2026-04-20T17:47:32.449+0000] {logging_mixin.py:188} INFO - [2026-04-20T17:47:32.449+0000] {dag.py:3823} INFO - Setting next_dagrun for logidata_pipeline_dag to None, run_after=None
[2026-04-20T17:47:32.524+0000] {processor.py:183} INFO - Processing /opt/airflow/dags/logidata_pipeline_dag.py took 0.270 seconds
[2026-04-20T17:48:04.236+0000] {processor.py:161} INFO - Started process (PID=195) to work on /opt/airflow/dags/logidata_pipeline_dag.py
[2026-04-20T17:48:04.243+0000] {processor.py:830} INFO - Processing file /opt/airflow/dags/logidata_pipeline_dag.py for tasks to queue
[2026-04-20T17:48:04.246+0000] {logging_mixin.py:188} INFO - [2026-04-20T17:48:04.246+0000] {dagbag.py:538} INFO - Filling up the DagBag from /opt/airflow/dags/logidata_pipeline_dag.py
[2026-04-20T17:48:04.339+0000] {processor.py:840} INFO - DAG(s) 'logidata_pipeline_dag' retrieved from /opt/airflow/dags/logidata_pipeline_dag.py
[2026-04-20T17:48:04.399+0000] {logging_mixin.py:188} INFO - [2026-04-20T17:48:04.399+0000] {dag.py:3036} INFO - Sync 1 DAGs
[2026-04-20T17:48:04.416+0000] {logging_mixin.py:188} INFO - [2026-04-20T17:48:04.416+0000] {dag.py:3823} INFO - Setting next_dagrun for logidata_pipeline_dag to None, run_after=None
[2026-04-20T17:48:04.494+0000] {processor.py:183} INFO - Processing /opt/airflow/dags/logidata_pipeline_dag.py took 0.269 seconds
[2026-04-20T17:48:35.127+0000] {processor.py:161} INFO - Started process (PID=196) to work on /opt/airflow/dags/logidata_pipeline_dag.py
[2026-04-20T17:48:35.128+0000] {processor.py:830} INFO - Processing file /opt/airflow/dags/logidata_pipeline_dag.py for tasks to queue
[2026-04-20T17:48:35.130+0000] {logging_mixin.py:188} INFO - [2026-04-20T17:48:35.129+0000] {dagbag.py:538} INFO - Filling up the DagBag from /opt/airflow/dags/logidata_pipeline_dag.py
[2026-04-20T17:48:35.206+0000] {processor.py:840} INFO - DAG(s) 'logidata_pipeline_dag' retrieved from /opt/airflow/dags/logidata_pipeline_dag.py
[2026-04-20T17:48:35.255+0000] {logging_mixin.py:188} INFO - [2026-04-20T17:48:35.255+0000] {dag.py:3036} INFO - Sync 1 DAGs
[2026-04-20T17:48:35.274+0000] {logging_mixin.py:188} INFO - [2026-04-20T17:48:35.274+0000] {dag.py:3823} INFO - Setting next_dagrun for logidata_pipeline_dag to None, run_after=None
[2026-04-20T17:48:35.365+0000] {processor.py:183} INFO - Processing /opt/airflow/dags/logidata_pipeline_dag.py took 0.247 seconds
[2026-04-20T17:52:28.937+0000] {processor.py:161} INFO - Started process (PID=197) to work on /opt/airflow/dags/logidata_pipeline_dag.py
[2026-04-20T17:52:28.940+0000] {processor.py:830} INFO - Processing file /opt/airflow/dags/logidata_pipeline_dag.py for tasks to queue
[2026-04-20T17:52:28.943+0000] {logging_mixin.py:188} INFO - [2026-04-20T17:52:28.942+0000] {dagbag.py:538} INFO - Filling up the DagBag from /opt/airflow/dags/logidata_pipeline_dag.py
[2026-04-20T17:52:29.254+0000] {processor.py:840} INFO - DAG(s) 'logidata_pipeline_dag' retrieved from /opt/airflow/dags/logidata_pipeline_dag.py
[2026-04-20T17:52:29.328+0000] {logging_mixin.py:188} INFO - [2026-04-20T17:52:29.328+0000] {dag.py:3036} INFO - Sync 1 DAGs
[2026-04-20T17:52:29.345+0000] {logging_mixin.py:188} INFO - [2026-04-20T17:52:29.345+0000] {dag.py:3823} INFO - Setting next_dagrun for logidata_pipeline_dag to None, run_after=None
[2026-04-20T17:52:29.418+0000] {processor.py:183} INFO - Processing /opt/airflow/dags/logidata_pipeline_dag.py took 0.492 seconds
[2026-04-20T17:52:59.698+0000] {processor.py:161} INFO - Started process (PID=198) to work on /opt/airflow/dags/logidata_pipeline_dag.py
[2026-04-20T17:52:59.699+0000] {processor.py:830} INFO - Processing file /opt/airflow/dags/logidata_pipeline_dag.py for tasks to queue
[2026-04-20T17:52:59.700+0000] {logging_mixin.py:188} INFO - [2026-04-20T17:52:59.700+0000] {dagbag.py:538} INFO - Filling up the DagBag from /opt/airflow/dags/logidata_pipeline_dag.py
[2026-04-20T17:52:59.765+0000] {processor.py:840} INFO - DAG(s) 'logidata_pipeline_dag' retrieved from /opt/airflow/dags/logidata_pipeline_dag.py
[2026-04-20T17:52:59.813+0000] {logging_mixin.py:188} INFO - [2026-04-20T17:52:59.813+0000] {dag.py:3036} INFO - Sync 1 DAGs
[2026-04-20T17:52:59.830+0000] {logging_mixin.py:188} INFO - [2026-04-20T17:52:59.830+0000] {dag.py:3823} INFO - Setting next_dagrun for logidata_pipeline_dag to None, run_after=None
[2026-04-20T17:52:59.922+0000] {processor.py:183} INFO - Processing /opt/airflow/dags/logidata_pipeline_dag.py took 0.226 seconds
[2026-04-20T17:53:30.959+0000] {processor.py:161} INFO - Started process (PID=199) to work on /opt/airflow/dags/logidata_pipeline_dag.py
[2026-04-20T17:53:30.961+0000] {processor.py:830} INFO - Processing file /opt/airflow/dags/logidata_pipeline_dag.py for tasks to queue
[2026-04-20T17:53:30.962+0000] {logging_mixin.py:188} INFO - [2026-04-20T17:53:30.962+0000] {dagbag.py:538} INFO - Filling up the DagBag from /opt/airflow/dags/logidata_pipeline_dag.py
[2026-04-20T17:53:31.026+0000] {processor.py:840} INFO - DAG(s) 'logidata_pipeline_dag' retrieved from /opt/airflow/dags/logidata_pipeline_dag.py
[2026-04-20T17:53:31.080+0000] {logging_mixin.py:188} INFO - [2026-04-20T17:53:31.080+0000] {dag.py:3036} INFO - Sync 1 DAGs
[2026-04-20T17:53:31.098+0000] {logging_mixin.py:188} INFO - [2026-04-20T17:53:31.098+0000] {dag.py:3823} INFO - Setting next_dagrun for logidata_pipeline_dag to None, run_after=None
[2026-04-20T17:53:31.196+0000] {processor.py:183} INFO - Processing /opt/airflow/dags/logidata_pipeline_dag.py took 0.239 seconds
[2026-04-20T17:54:02.526+0000] {processor.py:161} INFO - Started process (PID=200) to work on /opt/airflow/dags/logidata_pipeline_dag.py
[2026-04-20T17:54:02.529+0000] {processor.py:830} INFO - Processing file /opt/airflow/dags/logidata_pipeline_dag.py for tasks to queue
[2026-04-20T17:54:02.530+0000] {logging_mixin.py:188} INFO - [2026-04-20T17:54:02.530+0000] {dagbag.py:538} INFO - Filling up the DagBag from /opt/airflow/dags/logidata_pipeline_dag.py
[2026-04-20T17:54:02.709+0000] {processor.py:840} INFO - DAG(s) 'logidata_pipeline_dag' retrieved from /opt/airflow/dags/logidata_pipeline_dag.py
[2026-04-20T17:54:02.801+0000] {logging_mixin.py:188} INFO - [2026-04-20T17:54:02.800+0000] {dag.py:3036} INFO - Sync 1 DAGs
[2026-04-20T17:54:02.828+0000] {logging_mixin.py:188} INFO - [2026-04-20T17:54:02.828+0000] {dag.py:3823} INFO - Setting next_dagrun for logidata_pipeline_dag to None, run_after=None
[2026-04-20T17:54:02.984+0000] {processor.py:183} INFO - Processing /opt/airflow/dags/logidata_pipeline_dag.py took 0.462 seconds
[2026-04-20T17:54:33.492+0000] {processor.py:161} INFO - Started process (PID=201) to work on /opt/airflow/dags/logidata_pipeline_dag.py
[2026-04-20T17:54:33.493+0000] {processor.py:830} INFO - Processing file /opt/airflow/dags/logidata_pipeline_dag.py for tasks to queue
[2026-04-20T17:54:33.494+0000] {logging_mixin.py:188} INFO - [2026-04-20T17:54:33.494+0000] {dagbag.py:538} INFO - Filling up the DagBag from /opt/airflow/dags/logidata_pipeline_dag.py
[2026-04-20T17:54:33.566+0000] {processor.py:840} INFO - DAG(s) 'logidata_pipeline_dag' retrieved from /opt/airflow/dags/logidata_pipeline_dag.py
[2026-04-20T17:54:33.612+0000] {logging_mixin.py:188} INFO - [2026-04-20T17:54:33.612+0000] {dag.py:3036} INFO - Sync 1 DAGs
[2026-04-20T17:54:33.628+0000] {logging_mixin.py:188} INFO - [2026-04-20T17:54:33.628+0000] {dag.py:3823} INFO - Setting next_dagrun for logidata_pipeline_dag to None, run_after=None
[2026-04-20T17:54:33.764+0000] {processor.py:183} INFO - Processing /opt/airflow/dags/logidata_pipeline_dag.py took 0.275 seconds
[2026-04-20T17:55:03.928+0000] {processor.py:161} INFO - Started process (PID=202) to work on /opt/airflow/dags/logidata_pipeline_dag.py
[2026-04-20T17:55:03.929+0000] {processor.py:830} INFO - Processing file /opt/airflow/dags/logidata_pipeline_dag.py for tasks to queue
[2026-04-20T17:55:03.930+0000] {logging_mixin.py:188} INFO - [2026-04-20T17:55:03.930+0000] {dagbag.py:538} INFO - Filling up the DagBag from /opt/airflow/dags/logidata_pipeline_dag.py
[2026-04-20T17:55:04.084+0000] {processor.py:840} INFO - DAG(s) 'logidata_pipeline_dag' retrieved from /opt/airflow/dags/logidata_pipeline_dag.py
[2026-04-20T17:55:04.149+0000] {logging_mixin.py:188} INFO - [2026-04-20T17:55:04.148+0000] {dag.py:3036} INFO - Sync 1 DAGs
[2026-04-20T17:55:04.172+0000] {logging_mixin.py:188} INFO - [2026-04-20T17:55:04.172+0000] {dag.py:3823} INFO - Setting next_dagrun for logidata_pipeline_dag to None, run_after=None
[2026-04-20T17:55:04.258+0000] {processor.py:183} INFO - Processing /opt/airflow/dags/logidata_pipeline_dag.py took 0.333 seconds
[2026-04-20T17:55:35.327+0000] {processor.py:161} INFO - Started process (PID=203) to work on /opt/airflow/dags/logidata_pipeline_dag.py
[2026-04-20T17:55:35.329+0000] {processor.py:830} INFO - Processing file /opt/airflow/dags/logidata_pipeline_dag.py for tasks to queue
[2026-04-20T17:55:35.330+0000] {logging_mixin.py:188} INFO - [2026-04-20T17:55:35.329+0000] {dagbag.py:538} INFO - Filling up the DagBag from /opt/airflow/dags/logidata_pipeline_dag.py
[2026-04-20T17:55:35.391+0000] {processor.py:840} INFO - DAG(s) 'logidata_pipeline_dag' retrieved from /opt/airflow/dags/logidata_pipeline_dag.py
[2026-04-20T17:55:35.436+0000] {logging_mixin.py:188} INFO - [2026-04-20T17:55:35.436+0000] {dag.py:3036} INFO - Sync 1 DAGs
[2026-04-20T17:55:35.457+0000] {logging_mixin.py:188} INFO - [2026-04-20T17:55:35.457+0000] {dag.py:3823} INFO - Setting next_dagrun for logidata_pipeline_dag to None, run_after=None
[2026-04-20T17:55:35.566+0000] {processor.py:183} INFO - Processing /opt/airflow/dags/logidata_pipeline_dag.py took 0.242 seconds
[2026-04-20T17:56:16.311+0000] {processor.py:161} INFO - Started process (PID=204) to work on /opt/airflow/dags/logidata_pipeline_dag.py
[2026-04-20T17:56:16.313+0000] {processor.py:830} INFO - Processing file /opt/airflow/dags/logidata_pipeline_dag.py for tasks to queue
[2026-04-20T17:56:16.314+0000] {logging_mixin.py:188} INFO - [2026-04-20T17:56:16.314+0000] {dagbag.py:538} INFO - Filling up the DagBag from /opt/airflow/dags/logidata_pipeline_dag.py
[2026-04-20T17:56:16.396+0000] {processor.py:840} INFO - DAG(s) 'logidata_pipeline_dag' retrieved from /opt/airflow/dags/logidata_pipeline_dag.py
[2026-04-20T17:56:16.433+0000] {logging_mixin.py:188} INFO - [2026-04-20T17:56:16.433+0000] {dag.py:3036} INFO - Sync 1 DAGs
[2026-04-20T17:56:16.449+0000] {logging_mixin.py:188} INFO - [2026-04-20T17:56:16.449+0000] {dag.py:3823} INFO - Setting next_dagrun for logidata_pipeline_dag to None, run_after=None
[2026-04-20T17:56:16.576+0000] {processor.py:183} INFO - Processing /opt/airflow/dags/logidata_pipeline_dag.py took 0.270 seconds
[2026-04-20T17:56:47.806+0000] {processor.py:161} INFO - Started process (PID=207) to work on /opt/airflow/dags/logidata_pipeline_dag.py
[2026-04-20T17:56:47.807+0000] {processor.py:830} INFO - Processing file /opt/airflow/dags/logidata_pipeline_dag.py for tasks to queue
[2026-04-20T17:56:47.808+0000] {logging_mixin.py:188} INFO - [2026-04-20T17:56:47.808+0000] {dagbag.py:538} INFO - Filling up the DagBag from /opt/airflow/dags/logidata_pipeline_dag.py
[2026-04-20T17:56:47.880+0000] {processor.py:840} INFO - DAG(s) 'logidata_pipeline_dag' retrieved from /opt/airflow/dags/logidata_pipeline_dag.py
[2026-04-20T17:56:47.922+0000] {logging_mixin.py:188} INFO - [2026-04-20T17:56:47.922+0000] {dag.py:3036} INFO - Sync 1 DAGs
[2026-04-20T17:56:47.938+0000] {logging_mixin.py:188} INFO - [2026-04-20T17:56:47.938+0000] {dag.py:3823} INFO - Setting next_dagrun for logidata_pipeline_dag to None, run_after=None
[2026-04-20T17:56:48.048+0000] {processor.py:183} INFO - Processing /opt/airflow/dags/logidata_pipeline_dag.py took 0.245 seconds
[2026-04-20T17:57:18.364+0000] {processor.py:161} INFO - Started process (PID=208) to work on /opt/airflow/dags/logidata_pipeline_dag.py
[2026-04-20T17:57:18.365+0000] {processor.py:830} INFO - Processing file /opt/airflow/dags/logidata_pipeline_dag.py for tasks to queue
[2026-04-20T17:57:18.366+0000] {logging_mixin.py:188} INFO - [2026-04-20T17:57:18.366+0000] {dagbag.py:538} INFO - Filling up the DagBag from /opt/airflow/dags/logidata_pipeline_dag.py
[2026-04-20T17:57:18.442+0000] {processor.py:840} INFO - DAG(s) 'logidata_pipeline_dag' retrieved from /opt/airflow/dags/logidata_pipeline_dag.py
[2026-04-20T17:57:18.487+0000] {logging_mixin.py:188} INFO - [2026-04-20T17:57:18.487+0000] {dag.py:3036} INFO - Sync 1 DAGs
[2026-04-20T17:57:18.505+0000] {logging_mixin.py:188} INFO - [2026-04-20T17:57:18.505+0000] {dag.py:3823} INFO - Setting next_dagrun for logidata_pipeline_dag to None, run_after=None
[2026-04-20T17:57:18.583+0000] {processor.py:183} INFO - Processing /opt/airflow/dags/logidata_pipeline_dag.py took 0.223 seconds
[2026-04-20T17:57:48.843+0000] {processor.py:161} INFO - Started process (PID=209) to work on /opt/airflow/dags/logidata_pipeline_dag.py
[2026-04-20T17:57:48.844+0000] {processor.py:830} INFO - Processing file /opt/airflow/dags/logidata_pipeline_dag.py for tasks to queue
[2026-04-20T17:57:48.845+0000] {logging_mixin.py:188} INFO - [2026-04-20T17:57:48.845+0000] {dagbag.py:538} INFO - Filling up the DagBag from /opt/airflow/dags/logidata_pipeline_dag.py
[2026-04-20T17:57:49.004+0000] {processor.py:840} INFO - DAG(s) 'logidata_pipeline_dag' retrieved from /opt/airflow/dags/logidata_pipeline_dag.py
[2026-04-20T17:57:49.051+0000] {logging_mixin.py:188} INFO - [2026-04-20T17:57:49.051+0000] {dag.py:3036} INFO - Sync 1 DAGs
[2026-04-20T17:57:49.069+0000] {logging_mixin.py:188} INFO - [2026-04-20T17:57:49.069+0000] {dag.py:3823} INFO - Setting next_dagrun for logidata_pipeline_dag to None, run_after=None
[2026-04-20T17:57:49.135+0000] {processor.py:183} INFO - Processing /opt/airflow/dags/logidata_pipeline_dag.py took 0.295 seconds
[2026-04-20T17:58:19.389+0000] {processor.py:161} INFO - Started process (PID=210) to work on /opt/airflow/dags/logidata_pipeline_dag.py
[2026-04-20T17:58:19.391+0000] {processor.py:830} INFO - Processing file /opt/airflow/dags/logidata_pipeline_dag.py for tasks to queue
[2026-04-20T17:58:19.392+0000] {logging_mixin.py:188} INFO - [2026-04-20T17:58:19.391+0000] {dagbag.py:538} INFO - Filling up the DagBag from /opt/airflow/dags/logidata_pipeline_dag.py
[2026-04-20T17:58:19.449+0000] {processor.py:840} INFO - DAG(s) 'logidata_pipeline_dag' retrieved from /opt/airflow/dags/logidata_pipeline_dag.py
[2026-04-20T17:58:19.492+0000] {logging_mixin.py:188} INFO - [2026-04-20T17:58:19.492+0000] {dag.py:3036} INFO - Sync 1 DAGs
[2026-04-20T17:58:19.509+0000] {logging_mixin.py:188} INFO - [2026-04-20T17:58:19.508+0000] {dag.py:3823} INFO - Setting next_dagrun for logidata_pipeline_dag to None, run_after=None
[2026-04-20T17:58:19.570+0000] {processor.py:183} INFO - Processing /opt/airflow/dags/logidata_pipeline_dag.py took 0.183 seconds
[2026-04-20T17:58:49.680+0000] {processor.py:161} INFO - Started process (PID=211) to work on /opt/airflow/dags/logidata_pipeline_dag.py
[2026-04-20T17:58:49.681+0000] {processor.py:830} INFO - Processing file /opt/airflow/dags/logidata_pipeline_dag.py for tasks to queue
[2026-04-20T17:58:49.682+0000] {logging_mixin.py:188} INFO - [2026-04-20T17:58:49.682+0000] {dagbag.py:538} INFO - Filling up the DagBag from /opt/airflow/dags/logidata_pipeline_dag.py
[2026-04-20T17:58:49.811+0000] {processor.py:840} INFO - DAG(s) 'logidata_pipeline_dag' retrieved from /opt/airflow/dags/logidata_pipeline_dag.py
[2026-04-20T17:58:49.881+0000] {logging_mixin.py:188} INFO - [2026-04-20T17:58:49.881+0000] {dag.py:3036} INFO - Sync 1 DAGs
[2026-04-20T17:58:49.911+0000] {logging_mixin.py:188} INFO - [2026-04-20T17:58:49.911+0000] {dag.py:3823} INFO - Setting next_dagrun for logidata_pipeline_dag to None, run_after=None
[2026-04-20T17:58:49.995+0000] {processor.py:183} INFO - Processing /opt/airflow/dags/logidata_pipeline_dag.py took 0.317 seconds
[2026-04-20T17:59:20.759+0000] {processor.py:161} INFO - Started process (PID=212) to work on /opt/airflow/dags/logidata_pipeline_dag.py
[2026-04-20T17:59:20.761+0000] {processor.py:830} INFO - Processing file /opt/airflow/dags/logidata_pipeline_dag.py for tasks to queue
[2026-04-20T17:59:20.763+0000] {logging_mixin.py:188} INFO - [2026-04-20T17:59:20.763+0000] {dagbag.py:538} INFO - Filling up the DagBag from /opt/airflow/dags/logidata_pipeline_dag.py
[2026-04-20T17:59:20.869+0000] {processor.py:840} INFO - DAG(s) 'logidata_pipeline_dag' retrieved from /opt/airflow/dags/logidata_pipeline_dag.py
[2026-04-20T17:59:20.929+0000] {logging_mixin.py:188} INFO - [2026-04-20T17:59:20.929+0000] {dag.py:3036} INFO - Sync 1 DAGs
[2026-04-20T17:59:20.952+0000] {logging_mixin.py:188} INFO - [2026-04-20T17:59:20.952+0000] {dag.py:3823} INFO - Setting next_dagrun for logidata_pipeline_dag to None, run_after=None
[2026-04-20T17:59:21.145+0000] {processor.py:183} INFO - Processing /opt/airflow/dags/logidata_pipeline_dag.py took 0.391 seconds
[2026-04-20T17:59:52.363+0000] {processor.py:161} INFO - Started process (PID=213) to work on /opt/airflow/dags/logidata_pipeline_dag.py
[2026-04-20T17:59:52.366+0000] {processor.py:830} INFO - Processing file /opt/airflow/dags/logidata_pipeline_dag.py for tasks to queue
[2026-04-20T17:59:52.368+0000] {logging_mixin.py:188} INFO - [2026-04-20T17:59:52.368+0000] {dagbag.py:538} INFO - Filling up the DagBag from /opt/airflow/dags/logidata_pipeline_dag.py
[2026-04-20T17:59:52.472+0000] {processor.py:840} INFO - DAG(s) 'logidata_pipeline_dag' retrieved from /opt/airflow/dags/logidata_pipeline_dag.py
[2026-04-20T17:59:52.520+0000] {logging_mixin.py:188} INFO - [2026-04-20T17:59:52.520+0000] {dag.py:3036} INFO - Sync 1 DAGs
[2026-04-20T17:59:52.540+0000] {logging_mixin.py:188} INFO - [2026-04-20T17:59:52.539+0000] {dag.py:3823} INFO - Setting next_dagrun for logidata_pipeline_dag to None, run_after=None
[2026-04-20T17:59:52.683+0000] {processor.py:183} INFO - Processing /opt/airflow/dags/logidata_pipeline_dag.py took 0.328 seconds
[2026-04-20T18:00:22.801+0000] {processor.py:161} INFO - Started process (PID=214) to work on /opt/airflow/dags/logidata_pipeline_dag.py
[2026-04-20T18:00:22.802+0000] {processor.py:830} INFO - Processing file /opt/airflow/dags/logidata_pipeline_dag.py for tasks to queue
[2026-04-20T18:00:22.803+0000] {logging_mixin.py:188} INFO - [2026-04-20T18:00:22.803+0000] {dagbag.py:538} INFO - Filling up the DagBag from /opt/airflow/dags/logidata_pipeline_dag.py
[2026-04-20T18:00:22.866+0000] {processor.py:840} INFO - DAG(s) 'logidata_pipeline_dag' retrieved from /opt/airflow/dags/logidata_pipeline_dag.py
[2026-04-20T18:00:22.924+0000] {logging_mixin.py:188} INFO - [2026-04-20T18:00:22.923+0000] {dag.py:3036} INFO - Sync 1 DAGs
[2026-04-20T18:00:22.950+0000] {logging_mixin.py:188} INFO - [2026-04-20T18:00:22.950+0000] {dag.py:3823} INFO - Setting next_dagrun for logidata_pipeline_dag to None, run_after=None
[2026-04-20T18:00:23.112+0000] {processor.py:183} INFO - Processing /opt/airflow/dags/logidata_pipeline_dag.py took 0.314 seconds
[2026-04-20T18:00:53.430+0000] {processor.py:161} INFO - Started process (PID=215) to work on /opt/airflow/dags/logidata_pipeline_dag.py
[2026-04-20T18:00:53.432+0000] {processor.py:830} INFO - Processing file /opt/airflow/dags/logidata_pipeline_dag.py for tasks to queue
[2026-04-20T18:00:53.433+0000] {logging_mixin.py:188} INFO - [2026-04-20T18:00:53.432+0000] {dagbag.py:538} INFO - Filling up the DagBag from /opt/airflow/dags/logidata_pipeline_dag.py
[2026-04-20T18:00:53.496+0000] {processor.py:840} INFO - DAG(s) 'logidata_pipeline_dag' retrieved from /opt/airflow/dags/logidata_pipeline_dag.py
[2026-04-20T18:00:53.558+0000] {logging_mixin.py:188} INFO - [2026-04-20T18:00:53.558+0000] {dag.py:3036} INFO - Sync 1 DAGs
[2026-04-20T18:00:53.574+0000] {logging_mixin.py:188} INFO - [2026-04-20T18:00:53.573+0000] {dag.py:3823} INFO - Setting next_dagrun for logidata_pipeline_dag to None, run_after=None
[2026-04-20T18:00:53.710+0000] {processor.py:183} INFO - Processing /opt/airflow/dags/logidata_pipeline_dag.py took 0.283 seconds
[2026-04-20T18:01:24.259+0000] {processor.py:161} INFO - Started process (PID=216) to work on /opt/airflow/dags/logidata_pipeline_dag.py
[2026-04-20T18:01:24.261+0000] {processor.py:830} INFO - Processing file /opt/airflow/dags/logidata_pipeline_dag.py for tasks to queue
[2026-04-20T18:01:24.262+0000] {logging_mixin.py:188} INFO - [2026-04-20T18:01:24.262+0000] {dagbag.py:538} INFO - Filling up the DagBag from /opt/airflow/dags/logidata_pipeline_dag.py
[2026-04-20T18:01:24.320+0000] {processor.py:840} INFO - DAG(s) 'logidata_pipeline_dag' retrieved from /opt/airflow/dags/logidata_pipeline_dag.py
[2026-04-20T18:01:24.362+0000] {logging_mixin.py:188} INFO - [2026-04-20T18:01:24.361+0000] {dag.py:3036} INFO - Sync 1 DAGs
[2026-04-20T18:01:24.379+0000] {logging_mixin.py:188} INFO - [2026-04-20T18:01:24.379+0000] {dag.py:3823} INFO - Setting next_dagrun for logidata_pipeline_dag to None, run_after=None
[2026-04-20T18:01:24.461+0000] {processor.py:183} INFO - Processing /opt/airflow/dags/logidata_pipeline_dag.py took 0.204 seconds
[2026-04-20T18:01:55.684+0000] {processor.py:161} INFO - Started process (PID=217) to work on /opt/airflow/dags/logidata_pipeline_dag.py
[2026-04-20T18:01:55.686+0000] {processor.py:830} INFO - Processing file /opt/airflow/dags/logidata_pipeline_dag.py for tasks to queue
[2026-04-20T18:01:55.687+0000] {logging_mixin.py:188} INFO - [2026-04-20T18:01:55.687+0000] {dagbag.py:538} INFO - Filling up the DagBag from /opt/airflow/dags/logidata_pipeline_dag.py
[2026-04-20T18:01:55.865+0000] {processor.py:840} INFO - DAG(s) 'logidata_pipeline_dag' retrieved from /opt/airflow/dags/logidata_pipeline_dag.py
[2026-04-20T18:01:55.916+0000] {logging_mixin.py:188} INFO - [2026-04-20T18:01:55.915+0000] {dag.py:3036} INFO - Sync 1 DAGs
[2026-04-20T18:01:55.937+0000] {logging_mixin.py:188} INFO - [2026-04-20T18:01:55.937+0000] {dag.py:3823} INFO - Setting next_dagrun for logidata_pipeline_dag to None, run_after=None
[2026-04-20T18:01:56.019+0000] {processor.py:183} INFO - Processing /opt/airflow/dags/logidata_pipeline_dag.py took 0.338 seconds
[2026-04-20T18:02:26.923+0000] {processor.py:161} INFO - Started process (PID=218) to work on /opt/airflow/dags/logidata_pipeline_dag.py
[2026-04-20T18:02:26.924+0000] {processor.py:830} INFO - Processing file /opt/airflow/dags/logidata_pipeline_dag.py for tasks to queue
[2026-04-20T18:02:26.926+0000] {logging_mixin.py:188} INFO - [2026-04-20T18:02:26.925+0000] {dagbag.py:538} INFO - Filling up the DagBag from /opt/airflow/dags/logidata_pipeline_dag.py
[2026-04-20T18:02:27.009+0000] {processor.py:840} INFO - DAG(s) 'logidata_pipeline_dag' retrieved from /opt/airflow/dags/logidata_pipeline_dag.py
[2026-04-20T18:02:27.055+0000] {logging_mixin.py:188} INFO - [2026-04-20T18:02:27.054+0000] {dag.py:3036} INFO - Sync 1 DAGs
[2026-04-20T18:02:27.071+0000] {logging_mixin.py:188} INFO - [2026-04-20T18:02:27.071+0000] {dag.py:3823} INFO - Setting next_dagrun for logidata_pipeline_dag to None, run_after=None
[2026-04-20T18:02:27.154+0000] {processor.py:183} INFO - Processing /opt/airflow/dags/logidata_pipeline_dag.py took 0.235 seconds
[2026-04-20T18:02:57.971+0000] {processor.py:161} INFO - Started process (PID=219) to work on /opt/airflow/dags/logidata_pipeline_dag.py
[2026-04-20T18:02:57.974+0000] {processor.py:830} INFO - Processing file /opt/airflow/dags/logidata_pipeline_dag.py for tasks to queue
[2026-04-20T18:02:57.976+0000] {logging_mixin.py:188} INFO - [2026-04-20T18:02:57.975+0000] {dagbag.py:538} INFO - Filling up the DagBag from /opt/airflow/dags/logidata_pipeline_dag.py
[2026-04-20T18:02:58.092+0000] {processor.py:840} INFO - DAG(s) 'logidata_pipeline_dag' retrieved from /opt/airflow/dags/logidata_pipeline_dag.py
[2026-04-20T18:02:58.148+0000] {logging_mixin.py:188} INFO - [2026-04-20T18:02:58.148+0000] {dag.py:3036} INFO - Sync 1 DAGs
[2026-04-20T18:02:58.169+0000] {logging_mixin.py:188} INFO - [2026-04-20T18:02:58.168+0000] {dag.py:3823} INFO - Setting next_dagrun for logidata_pipeline_dag to None, run_after=None
[2026-04-20T18:02:58.344+0000] {processor.py:183} INFO - Processing /opt/airflow/dags/logidata_pipeline_dag.py took 0.382 seconds
[2026-04-20T18:03:28.710+0000] {processor.py:161} INFO - Started process (PID=220) to work on /opt/airflow/dags/logidata_pipeline_dag.py
[2026-04-20T18:03:28.711+0000] {processor.py:830} INFO - Processing file /opt/airflow/dags/logidata_pipeline_dag.py for tasks to queue
[2026-04-20T18:03:28.712+0000] {logging_mixin.py:188} INFO - [2026-04-20T18:03:28.712+0000] {dagbag.py:538} INFO - Filling up the DagBag from /opt/airflow/dags/logidata_pipeline_dag.py
[2026-04-20T18:03:28.782+0000] {processor.py:840} INFO - DAG(s) 'logidata_pipeline_dag' retrieved from /opt/airflow/dags/logidata_pipeline_dag.py
[2026-04-20T18:03:28.840+0000] {logging_mixin.py:188} INFO - [2026-04-20T18:03:28.840+0000] {dag.py:3036} INFO - Sync 1 DAGs
[2026-04-20T18:03:28.856+0000] {logging_mixin.py:188} INFO - [2026-04-20T18:03:28.856+0000] {dag.py:3823} INFO - Setting next_dagrun for logidata_pipeline_dag to None, run_after=None
[2026-04-20T18:03:29.016+0000] {processor.py:183} INFO - Processing /opt/airflow/dags/logidata_pipeline_dag.py took 0.309 seconds
[2026-04-20T18:03:59.259+0000] {processor.py:161} INFO - Started process (PID=221) to work on /opt/airflow/dags/logidata_pipeline_dag.py
[2026-04-20T18:03:59.261+0000] {processor.py:830} INFO - Processing file /opt/airflow/dags/logidata_pipeline_dag.py for tasks to queue
[2026-04-20T18:03:59.262+0000] {logging_mixin.py:188} INFO - [2026-04-20T18:03:59.261+0000] {dagbag.py:538} INFO - Filling up the DagBag from /opt/airflow/dags/logidata_pipeline_dag.py
[2026-04-20T18:03:59.331+0000] {processor.py:840} INFO - DAG(s) 'logidata_pipeline_dag' retrieved from /opt/airflow/dags/logidata_pipeline_dag.py
[2026-04-20T18:03:59.387+0000] {logging_mixin.py:188} INFO - [2026-04-20T18:03:59.387+0000] {dag.py:3036} INFO - Sync 1 DAGs
[2026-04-20T18:03:59.406+0000] {logging_mixin.py:188} INFO - [2026-04-20T18:03:59.406+0000] {dag.py:3823} INFO - Setting next_dagrun for logidata_pipeline_dag to None, run_after=None
[2026-04-20T18:03:59.477+0000] {processor.py:183} INFO - Processing /opt/airflow/dags/logidata_pipeline_dag.py took 0.220 seconds
[2026-04-20T18:04:30.650+0000] {processor.py:161} INFO - Started process (PID=222) to work on /opt/airflow/dags/logidata_pipeline_dag.py
[2026-04-20T18:04:30.651+0000] {processor.py:830} INFO - Processing file /opt/airflow/dags/logidata_pipeline_dag.py for tasks to queue
[2026-04-20T18:04:30.652+0000] {logging_mixin.py:188} INFO - [2026-04-20T18:04:30.652+0000] {dagbag.py:538} INFO - Filling up the DagBag from /opt/airflow/dags/logidata_pipeline_dag.py
[2026-04-20T18:04:30.721+0000] {processor.py:840} INFO - DAG(s) 'logidata_pipeline_dag' retrieved from /opt/airflow/dags/logidata_pipeline_dag.py
[2026-04-20T18:04:30.766+0000] {logging_mixin.py:188} INFO - [2026-04-20T18:04:30.766+0000] {dag.py:3036} INFO - Sync 1 DAGs
[2026-04-20T18:04:30.782+0000] {logging_mixin.py:188} INFO - [2026-04-20T18:04:30.782+0000] {dag.py:3823} INFO - Setting next_dagrun for logidata_pipeline_dag to None, run_after=None
[2026-04-20T18:04:30.933+0000] {processor.py:183} INFO - Processing /opt/airflow/dags/logidata_pipeline_dag.py took 0.286 seconds
[2026-04-20T18:05:01.792+0000] {processor.py:161} INFO - Started process (PID=223) to work on /opt/airflow/dags/logidata_pipeline_dag.py
[2026-04-20T18:05:01.793+0000] {processor.py:830} INFO - Processing file /opt/airflow/dags/logidata_pipeline_dag.py for tasks to queue
[2026-04-20T18:05:01.795+0000] {logging_mixin.py:188} INFO - [2026-04-20T18:05:01.794+0000] {dagbag.py:538} INFO - Filling up the DagBag from /opt/airflow/dags/logidata_pipeline_dag.py
[2026-04-20T18:05:01.885+0000] {processor.py:840} INFO - DAG(s) 'logidata_pipeline_dag' retrieved from /opt/airflow/dags/logidata_pipeline_dag.py
[2026-04-20T18:05:01.928+0000] {logging_mixin.py:188} INFO - [2026-04-20T18:05:01.928+0000] {dag.py:3036} INFO - Sync 1 DAGs
[2026-04-20T18:05:01.947+0000] {logging_mixin.py:188} INFO - [2026-04-20T18:05:01.946+0000] {dag.py:3823} INFO - Setting next_dagrun for logidata_pipeline_dag to None, run_after=None
[2026-04-20T18:05:02.054+0000] {processor.py:183} INFO - Processing /opt/airflow/dags/logidata_pipeline_dag.py took 0.265 seconds
[2026-04-20T18:05:32.911+0000] {processor.py:161} INFO - Started process (PID=224) to work on /opt/airflow/dags/logidata_pipeline_dag.py
[2026-04-20T18:05:32.913+0000] {processor.py:830} INFO - Processing file /opt/airflow/dags/logidata_pipeline_dag.py for tasks to queue
[2026-04-20T18:05:32.915+0000] {logging_mixin.py:188} INFO - [2026-04-20T18:05:32.914+0000] {dagbag.py:538} INFO - Filling up the DagBag from /opt/airflow/dags/logidata_pipeline_dag.py
[2026-04-20T18:05:33.008+0000] {processor.py:840} INFO - DAG(s) 'logidata_pipeline_dag' retrieved from /opt/airflow/dags/logidata_pipeline_dag.py
[2026-04-20T18:05:33.051+0000] {logging_mixin.py:188} INFO - [2026-04-20T18:05:33.051+0000] {dag.py:3036} INFO - Sync 1 DAGs
[2026-04-20T18:05:33.072+0000] {logging_mixin.py:188} INFO - [2026-04-20T18:05:33.072+0000] {dag.py:3823} INFO - Setting next_dagrun for logidata_pipeline_dag to None, run_after=None
[2026-04-20T18:05:33.282+0000] {processor.py:183} INFO - Processing /opt/airflow/dags/logidata_pipeline_dag.py took 0.375 seconds
[2026-04-20T18:06:04.016+0000] {processor.py:161} INFO - Started process (PID=225) to work on /opt/airflow/dags/logidata_pipeline_dag.py
[2026-04-20T18:06:04.018+0000] {processor.py:830} INFO - Processing file /opt/airflow/dags/logidata_pipeline_dag.py for tasks to queue
[2026-04-20T18:06:04.020+0000] {logging_mixin.py:188} INFO - [2026-04-20T18:06:04.020+0000] {dagbag.py:538} INFO - Filling up the DagBag from /opt/airflow/dags/logidata_pipeline_dag.py
[2026-04-20T18:06:04.117+0000] {processor.py:840} INFO - DAG(s) 'logidata_pipeline_dag' retrieved from /opt/airflow/dags/logidata_pipeline_dag.py
[2026-04-20T18:06:04.164+0000] {logging_mixin.py:188} INFO - [2026-04-20T18:06:04.164+0000] {dag.py:3036} INFO - Sync 1 DAGs
[2026-04-20T18:06:04.182+0000] {logging_mixin.py:188} INFO - [2026-04-20T18:06:04.181+0000] {dag.py:3823} INFO - Setting next_dagrun for logidata_pipeline_dag to None, run_after=None
[2026-04-20T18:06:04.336+0000] {processor.py:183} INFO - Processing /opt/airflow/dags/logidata_pipeline_dag.py took 0.325 seconds
[2026-04-20T18:06:34.793+0000] {processor.py:161} INFO - Started process (PID=226) to work on /opt/airflow/dags/logidata_pipeline_dag.py
[2026-04-20T18:06:34.794+0000] {processor.py:830} INFO - Processing file /opt/airflow/dags/logidata_pipeline_dag.py for tasks to queue
[2026-04-20T18:06:34.796+0000] {logging_mixin.py:188} INFO - [2026-04-20T18:06:34.795+0000] {dagbag.py:538} INFO - Filling up the DagBag from /opt/airflow/dags/logidata_pipeline_dag.py
[2026-04-20T18:06:34.885+0000] {processor.py:840} INFO - DAG(s) 'logidata_pipeline_dag' retrieved from /opt/airflow/dags/logidata_pipeline_dag.py
[2026-04-20T18:06:34.938+0000] {logging_mixin.py:188} INFO - [2026-04-20T18:06:34.938+0000] {dag.py:3036} INFO - Sync 1 DAGs
[2026-04-20T18:06:34.963+0000] {logging_mixin.py:188} INFO - [2026-04-20T18:06:34.963+0000] {dag.py:3823} INFO - Setting next_dagrun for logidata_pipeline_dag to None, run_after=None
[2026-04-20T18:06:35.114+0000] {processor.py:183} INFO - Processing /opt/airflow/dags/logidata_pipeline_dag.py took 0.325 seconds
[2026-04-20T18:07:05.965+0000] {processor.py:161} INFO - Started process (PID=227) to work on /opt/airflow/dags/logidata_pipeline_dag.py
[2026-04-20T18:07:05.967+0000] {processor.py:830} INFO - Processing file /opt/airflow/dags/logidata_pipeline_dag.py for tasks to queue
[2026-04-20T18:07:05.969+0000] {logging_mixin.py:188} INFO - [2026-04-20T18:07:05.969+0000] {dagbag.py:538} INFO - Filling up the DagBag from /opt/airflow/dags/logidata_pipeline_dag.py
[2026-04-20T18:07:06.092+0000] {processor.py:840} INFO - DAG(s) 'logidata_pipeline_dag' retrieved from /opt/airflow/dags/logidata_pipeline_dag.py
[2026-04-20T18:07:06.129+0000] {logging_mixin.py:188} INFO - [2026-04-20T18:07:06.128+0000] {dag.py:3036} INFO - Sync 1 DAGs
[2026-04-20T18:07:06.147+0000] {logging_mixin.py:188} INFO - [2026-04-20T18:07:06.147+0000] {dag.py:3823} INFO - Setting next_dagrun for logidata_pipeline_dag to None, run_after=None
[2026-04-20T18:07:06.246+0000] {processor.py:183} INFO - Processing /opt/airflow/dags/logidata_pipeline_dag.py took 0.285 seconds
[2026-04-20T18:07:36.575+0000] {processor.py:161} INFO - Started process (PID=228) to work on /opt/airflow/dags/logidata_pipeline_dag.py
[2026-04-20T18:07:36.577+0000] {processor.py:830} INFO - Processing file /opt/airflow/dags/logidata_pipeline_dag.py for tasks to queue
[2026-04-20T18:07:36.578+0000] {logging_mixin.py:188} INFO - [2026-04-20T18:07:36.578+0000] {dagbag.py:538} INFO - Filling up the DagBag from /opt/airflow/dags/logidata_pipeline_dag.py
[2026-04-20T18:07:36.647+0000] {processor.py:840} INFO - DAG(s) 'logidata_pipeline_dag' retrieved from /opt/airflow/dags/logidata_pipeline_dag.py
[2026-04-20T18:07:36.698+0000] {logging_mixin.py:188} INFO - [2026-04-20T18:07:36.698+0000] {dag.py:3036} INFO - Sync 1 DAGs
[2026-04-20T18:07:36.718+0000] {logging_mixin.py:188} INFO - [2026-04-20T18:07:36.718+0000] {dag.py:3823} INFO - Setting next_dagrun for logidata_pipeline_dag to None, run_after=None
[2026-04-20T18:07:36.807+0000] {processor.py:183} INFO - Processing /opt/airflow/dags/logidata_pipeline_dag.py took 0.235 seconds
[2026-04-20T18:08:06.942+0000] {processor.py:161} INFO - Started process (PID=229) to work on /opt/airflow/dags/logidata_pipeline_dag.py
[2026-04-20T18:08:06.944+0000] {processor.py:830} INFO - Processing file /opt/airflow/dags/logidata_pipeline_dag.py for tasks to queue
[2026-04-20T18:08:06.946+0000] {logging_mixin.py:188} INFO - [2026-04-20T18:08:06.945+0000] {dagbag.py:538} INFO - Filling up the DagBag from /opt/airflow/dags/logidata_pipeline_dag.py
[2026-04-20T18:08:07.021+0000] {processor.py:840} INFO - DAG(s) 'logidata_pipeline_dag' retrieved from /opt/airflow/dags/logidata_pipeline_dag.py
[2026-04-20T18:08:07.071+0000] {logging_mixin.py:188} INFO - [2026-04-20T18:08:07.071+0000] {dag.py:3036} INFO - Sync 1 DAGs
[2026-04-20T18:08:07.089+0000] {logging_mixin.py:188} INFO - [2026-04-20T18:08:07.089+0000] {dag.py:3823} INFO - Setting next_dagrun for logidata_pipeline_dag to None, run_after=None
[2026-04-20T18:08:07.167+0000] {processor.py:183} INFO - Processing /opt/airflow/dags/logidata_pipeline_dag.py took 0.228 seconds
[2026-04-20T18:08:38.204+0000] {processor.py:161} INFO - Started process (PID=230) to work on /opt/airflow/dags/logidata_pipeline_dag.py
[2026-04-20T18:08:38.206+0000] {processor.py:830} INFO - Processing file /opt/airflow/dags/logidata_pipeline_dag.py for tasks to queue
[2026-04-20T18:08:38.207+0000] {logging_mixin.py:188} INFO - [2026-04-20T18:08:38.207+0000] {dagbag.py:538} INFO - Filling up the DagBag from /opt/airflow/dags/logidata_pipeline_dag.py
[2026-04-20T18:08:38.277+0000] {processor.py:840} INFO - DAG(s) 'logidata_pipeline_dag' retrieved from /opt/airflow/dags/logidata_pipeline_dag.py
[2026-04-20T18:08:38.327+0000] {logging_mixin.py:188} INFO - [2026-04-20T18:08:38.327+0000] {dag.py:3036} INFO - Sync 1 DAGs
[2026-04-20T18:08:38.345+0000] {logging_mixin.py:188} INFO - [2026-04-20T18:08:38.345+0000] {dag.py:3823} INFO - Setting next_dagrun for logidata_pipeline_dag to None, run_after=None
[2026-04-20T18:08:38.505+0000] {processor.py:183} INFO - Processing /opt/airflow/dags/logidata_pipeline_dag.py took 0.304 seconds
[2026-04-20T18:09:08.985+0000] {processor.py:161} INFO - Started process (PID=231) to work on /opt/airflow/dags/logidata_pipeline_dag.py
[2026-04-20T18:09:08.986+0000] {processor.py:830} INFO - Processing file /opt/airflow/dags/logidata_pipeline_dag.py for tasks to queue
[2026-04-20T18:09:08.987+0000] {logging_mixin.py:188} INFO - [2026-04-20T18:09:08.987+0000] {dagbag.py:538} INFO - Filling up the DagBag from /opt/airflow/dags/logidata_pipeline_dag.py
[2026-04-20T18:09:09.053+0000] {processor.py:840} INFO - DAG(s) 'logidata_pipeline_dag' retrieved from /opt/airflow/dags/logidata_pipeline_dag.py
[2026-04-20T18:09:09.101+0000] {logging_mixin.py:188} INFO - [2026-04-20T18:09:09.100+0000] {dag.py:3036} INFO - Sync 1 DAGs
[2026-04-20T18:09:09.120+0000] {logging_mixin.py:188} INFO - [2026-04-20T18:09:09.120+0000] {dag.py:3823} INFO - Setting next_dagrun for logidata_pipeline_dag to None, run_after=None
[2026-04-20T18:09:09.235+0000] {processor.py:183} INFO - Processing /opt/airflow/dags/logidata_pipeline_dag.py took 0.254 seconds
[2026-04-20T18:09:57.323+0000] {processor.py:161} INFO - Started process (PID=234) to work on /opt/airflow/dags/logidata_pipeline_dag.py
[2026-04-20T18:09:57.325+0000] {processor.py:830} INFO - Processing file /opt/airflow/dags/logidata_pipeline_dag.py for tasks to queue
[2026-04-20T18:09:57.327+0000] {logging_mixin.py:188} INFO - [2026-04-20T18:09:57.326+0000] {dagbag.py:538} INFO - Filling up the DagBag from /opt/airflow/dags/logidata_pipeline_dag.py
[2026-04-20T18:09:57.423+0000] {processor.py:840} INFO - DAG(s) 'logidata_pipeline_dag' retrieved from /opt/airflow/dags/logidata_pipeline_dag.py
[2026-04-20T18:09:57.478+0000] {logging_mixin.py:188} INFO - [2026-04-20T18:09:57.478+0000] {dag.py:3036} INFO - Sync 1 DAGs
[2026-04-20T18:09:57.498+0000] {logging_mixin.py:188} INFO - [2026-04-20T18:09:57.497+0000] {dag.py:3823} INFO - Setting next_dagrun for logidata_pipeline_dag to None, run_after=None
[2026-04-20T18:09:57.565+0000] {processor.py:183} INFO - Processing /opt/airflow/dags/logidata_pipeline_dag.py took 0.245 seconds
[2026-04-20T18:10:27.865+0000] {processor.py:161} INFO - Started process (PID=235) to work on /opt/airflow/dags/logidata_pipeline_dag.py
[2026-04-20T18:10:27.867+0000] {processor.py:830} INFO - Processing file /opt/airflow/dags/logidata_pipeline_dag.py for tasks to queue
[2026-04-20T18:10:27.868+0000] {logging_mixin.py:188} INFO - [2026-04-20T18:10:27.868+0000] {dagbag.py:538} INFO - Filling up the DagBag from /opt/airflow/dags/logidata_pipeline_dag.py
[2026-04-20T18:10:27.954+0000] {processor.py:840} INFO - DAG(s) 'logidata_pipeline_dag' retrieved from /opt/airflow/dags/logidata_pipeline_dag.py
[2026-04-20T18:10:28.023+0000] {logging_mixin.py:188} INFO - [2026-04-20T18:10:28.023+0000] {dag.py:3036} INFO - Sync 1 DAGs
[2026-04-20T18:10:28.044+0000] {logging_mixin.py:188} INFO - [2026-04-20T18:10:28.044+0000] {dag.py:3823} INFO - Setting next_dagrun for logidata_pipeline_dag to None, run_after=None
[2026-04-20T18:10:28.247+0000] {processor.py:183} INFO - Processing /opt/airflow/dags/logidata_pipeline_dag.py took 0.386 seconds
[2026-04-20T18:10:59.385+0000] {processor.py:161} INFO - Started process (PID=236) to work on /opt/airflow/dags/logidata_pipeline_dag.py
[2026-04-20T18:10:59.387+0000] {processor.py:830} INFO - Processing file /opt/airflow/dags/logidata_pipeline_dag.py for tasks to queue
[2026-04-20T18:10:59.389+0000] {logging_mixin.py:188} INFO - [2026-04-20T18:10:59.388+0000] {dagbag.py:538} INFO - Filling up the DagBag from /opt/airflow/dags/logidata_pipeline_dag.py
[2026-04-20T18:10:59.485+0000] {processor.py:840} INFO - DAG(s) 'logidata_pipeline_dag' retrieved from /opt/airflow/dags/logidata_pipeline_dag.py
[2026-04-20T18:10:59.536+0000] {logging_mixin.py:188} INFO - [2026-04-20T18:10:59.535+0000] {dag.py:3036} INFO - Sync 1 DAGs
[2026-04-20T18:10:59.554+0000] {logging_mixin.py:188} INFO - [2026-04-20T18:10:59.554+0000] {dag.py:3823} INFO - Setting next_dagrun for logidata_pipeline_dag to None, run_after=None
[2026-04-20T18:10:59.702+0000] {processor.py:183} INFO - Processing /opt/airflow/dags/logidata_pipeline_dag.py took 0.322 seconds
[2026-04-20T18:11:30.783+0000] {processor.py:161} INFO - Started process (PID=237) to work on /opt/airflow/dags/logidata_pipeline_dag.py
[2026-04-20T18:11:30.785+0000] {processor.py:830} INFO - Processing file /opt/airflow/dags/logidata_pipeline_dag.py for tasks to queue
[2026-04-20T18:11:30.787+0000] {logging_mixin.py:188} INFO - [2026-04-20T18:11:30.787+0000] {dagbag.py:538} INFO - Filling up the DagBag from /opt/airflow/dags/logidata_pipeline_dag.py
[2026-04-20T18:11:30.880+0000] {processor.py:840} INFO - DAG(s) 'logidata_pipeline_dag' retrieved from /opt/airflow/dags/logidata_pipeline_dag.py
[2026-04-20T18:11:30.919+0000] {logging_mixin.py:188} INFO - [2026-04-20T18:11:30.919+0000] {dag.py:3036} INFO - Sync 1 DAGs
[2026-04-20T18:11:30.938+0000] {logging_mixin.py:188} INFO - [2026-04-20T18:11:30.938+0000] {dag.py:3823} INFO - Setting next_dagrun for logidata_pipeline_dag to None, run_after=None
[2026-04-20T18:11:31.083+0000] {processor.py:183} INFO - Processing /opt/airflow/dags/logidata_pipeline_dag.py took 0.304 seconds
[2026-04-20T18:12:02.153+0000] {processor.py:161} INFO - Started process (PID=238) to work on /opt/airflow/dags/logidata_pipeline_dag.py
[2026-04-20T18:12:02.155+0000] {processor.py:830} INFO - Processing file /opt/airflow/dags/logidata_pipeline_dag.py for tasks to queue
[2026-04-20T18:12:02.156+0000] {logging_mixin.py:188} INFO - [2026-04-20T18:12:02.156+0000] {dagbag.py:538} INFO - Filling up the DagBag from /opt/airflow/dags/logidata_pipeline_dag.py
[2026-04-20T18:12:02.271+0000] {processor.py:840} INFO - DAG(s) 'logidata_pipeline_dag' retrieved from /opt/airflow/dags/logidata_pipeline_dag.py
[2026-04-20T18:12:02.316+0000] {logging_mixin.py:188} INFO - [2026-04-20T18:12:02.316+0000] {dag.py:3036} INFO - Sync 1 DAGs
[2026-04-20T18:12:02.674+0000] {logging_mixin.py:188} INFO - [2026-04-20T18:12:02.673+0000] {dag.py:3823} INFO - Setting next_dagrun for logidata_pipeline_dag to None, run_after=None
[2026-04-20T18:12:02.743+0000] {processor.py:183} INFO - Processing /opt/airflow/dags/logidata_pipeline_dag.py took 0.595 seconds
[2026-04-20T18:12:33.704+0000] {processor.py:161} INFO - Started process (PID=239) to work on /opt/airflow/dags/logidata_pipeline_dag.py
[2026-04-20T18:12:33.705+0000] {processor.py:830} INFO - Processing file /opt/airflow/dags/logidata_pipeline_dag.py for tasks to queue
[2026-04-20T18:12:33.706+0000] {logging_mixin.py:188} INFO - [2026-04-20T18:12:33.706+0000] {dagbag.py:538} INFO - Filling up the DagBag from /opt/airflow/dags/logidata_pipeline_dag.py
[2026-04-20T18:12:33.775+0000] {processor.py:840} INFO - DAG(s) 'logidata_pipeline_dag' retrieved from /opt/airflow/dags/logidata_pipeline_dag.py
[2026-04-20T18:12:33.823+0000] {logging_mixin.py:188} INFO - [2026-04-20T18:12:33.823+0000] {dag.py:3036} INFO - Sync 1 DAGs
[2026-04-20T18:12:33.835+0000] {logging_mixin.py:188} INFO - [2026-04-20T18:12:33.835+0000] {dag.py:3823} INFO - Setting next_dagrun for logidata_pipeline_dag to None, run_after=None
[2026-04-20T18:12:33.914+0000] {processor.py:183} INFO - Processing /opt/airflow/dags/logidata_pipeline_dag.py took 0.213 seconds
[2026-04-20T18:13:04.425+0000] {processor.py:161} INFO - Started process (PID=240) to work on /opt/airflow/dags/logidata_pipeline_dag.py
[2026-04-20T18:13:04.427+0000] {processor.py:830} INFO - Processing file /opt/airflow/dags/logidata_pipeline_dag.py for tasks to queue
[2026-04-20T18:13:04.428+0000] {logging_mixin.py:188} INFO - [2026-04-20T18:13:04.428+0000] {dagbag.py:538} INFO - Filling up the DagBag from /opt/airflow/dags/logidata_pipeline_dag.py
[2026-04-20T18:13:04.500+0000] {processor.py:840} INFO - DAG(s) 'logidata_pipeline_dag' retrieved from /opt/airflow/dags/logidata_pipeline_dag.py
[2026-04-20T18:13:04.549+0000] {logging_mixin.py:188} INFO - [2026-04-20T18:13:04.549+0000] {dag.py:3036} INFO - Sync 1 DAGs
[2026-04-20T18:13:04.566+0000] {logging_mixin.py:188} INFO - [2026-04-20T18:13:04.566+0000] {dag.py:3823} INFO - Setting next_dagrun for logidata_pipeline_dag to None, run_after=None
[2026-04-20T18:13:04.680+0000] {processor.py:183} INFO - Processing /opt/airflow/dags/logidata_pipeline_dag.py took 0.259 seconds
[2026-04-20T18:13:36.042+0000] {processor.py:161} INFO - Started process (PID=241) to work on /opt/airflow/dags/logidata_pipeline_dag.py
[2026-04-20T18:13:36.044+0000] {processor.py:830} INFO - Processing file /opt/airflow/dags/logidata_pipeline_dag.py for tasks to queue
[2026-04-20T18:13:36.046+0000] {logging_mixin.py:188} INFO - [2026-04-20T18:13:36.045+0000] {dagbag.py:538} INFO - Filling up the DagBag from /opt/airflow/dags/logidata_pipeline_dag.py
[2026-04-20T18:13:36.128+0000] {processor.py:840} INFO - DAG(s) 'logidata_pipeline_dag' retrieved from /opt/airflow/dags/logidata_pipeline_dag.py
[2026-04-20T18:13:36.176+0000] {logging_mixin.py:188} INFO - [2026-04-20T18:13:36.175+0000] {dag.py:3036} INFO - Sync 1 DAGs
[2026-04-20T18:13:36.194+0000] {logging_mixin.py:188} INFO - [2026-04-20T18:13:36.194+0000] {dag.py:3823} INFO - Setting next_dagrun for logidata_pipeline_dag to None, run_after=None
[2026-04-20T18:13:36.331+0000] {processor.py:183} INFO - Processing /opt/airflow/dags/logidata_pipeline_dag.py took 0.294 seconds
[2026-04-20T18:14:07.577+0000] {processor.py:161} INFO - Started process (PID=242) to work on /opt/airflow/dags/logidata_pipeline_dag.py
[2026-04-20T18:14:07.579+0000] {processor.py:830} INFO - Processing file /opt/airflow/dags/logidata_pipeline_dag.py for tasks to queue
[2026-04-20T18:14:07.583+0000] {logging_mixin.py:188} INFO - [2026-04-20T18:14:07.582+0000] {dagbag.py:538} INFO - Filling up the DagBag from /opt/airflow/dags/logidata_pipeline_dag.py
[2026-04-20T18:14:07.686+0000] {processor.py:840} INFO - DAG(s) 'logidata_pipeline_dag' retrieved from /opt/airflow/dags/logidata_pipeline_dag.py
[2026-04-20T18:14:07.741+0000] {logging_mixin.py:188} INFO - [2026-04-20T18:14:07.741+0000] {dag.py:3036} INFO - Sync 1 DAGs
[2026-04-20T18:14:07.912+0000] {logging_mixin.py:188} INFO - [2026-04-20T18:14:07.911+0000] {dag.py:3823} INFO - Setting next_dagrun for logidata_pipeline_dag to None, run_after=None
[2026-04-20T18:14:08.045+0000] {processor.py:183} INFO - Processing /opt/airflow/dags/logidata_pipeline_dag.py took 0.474 seconds
[2026-04-20T18:14:39.285+0000] {processor.py:161} INFO - Started process (PID=243) to work on /opt/airflow/dags/logidata_pipeline_dag.py
[2026-04-20T18:14:39.288+0000] {processor.py:830} INFO - Processing file /opt/airflow/dags/logidata_pipeline_dag.py for tasks to queue
[2026-04-20T18:14:39.290+0000] {logging_mixin.py:188} INFO - [2026-04-20T18:14:39.289+0000] {dagbag.py:538} INFO - Filling up the DagBag from /opt/airflow/dags/logidata_pipeline_dag.py
[2026-04-20T18:14:39.380+0000] {processor.py:840} INFO - DAG(s) 'logidata_pipeline_dag' retrieved from /opt/airflow/dags/logidata_pipeline_dag.py
[2026-04-20T18:14:39.429+0000] {logging_mixin.py:188} INFO - [2026-04-20T18:14:39.429+0000] {dag.py:3036} INFO - Sync 1 DAGs
[2026-04-20T18:14:39.449+0000] {logging_mixin.py:188} INFO - [2026-04-20T18:14:39.449+0000] {dag.py:3823} INFO - Setting next_dagrun for logidata_pipeline_dag to None, run_after=None
[2026-04-20T18:14:39.597+0000] {processor.py:183} INFO - Processing /opt/airflow/dags/logidata_pipeline_dag.py took 0.315 seconds
[2026-04-20T18:15:09.770+0000] {processor.py:161} INFO - Started process (PID=244) to work on /opt/airflow/dags/logidata_pipeline_dag.py
[2026-04-20T18:15:09.772+0000] {processor.py:830} INFO - Processing file /opt/airflow/dags/logidata_pipeline_dag.py for tasks to queue
[2026-04-20T18:15:09.778+0000] {logging_mixin.py:188} INFO - [2026-04-20T18:15:09.777+0000] {dagbag.py:538} INFO - Filling up the DagBag from /opt/airflow/dags/logidata_pipeline_dag.py
[2026-04-20T18:15:09.912+0000] {processor.py:840} INFO - DAG(s) 'logidata_pipeline_dag' retrieved from /opt/airflow/dags/logidata_pipeline_dag.py
[2026-04-20T18:15:09.954+0000] {logging_mixin.py:188} INFO - [2026-04-20T18:15:09.954+0000] {dag.py:3036} INFO - Sync 1 DAGs
[2026-04-20T18:15:09.971+0000] {logging_mixin.py:188} INFO - [2026-04-20T18:15:09.971+0000] {dag.py:3823} INFO - Setting next_dagrun for logidata_pipeline_dag to None, run_after=None
[2026-04-20T18:15:10.062+0000] {processor.py:183} INFO - Processing /opt/airflow/dags/logidata_pipeline_dag.py took 0.296 seconds
[2026-04-20T18:15:40.572+0000] {processor.py:161} INFO - Started process (PID=245) to work on /opt/airflow/dags/logidata_pipeline_dag.py
[2026-04-20T18:15:40.575+0000] {processor.py:830} INFO - Processing file /opt/airflow/dags/logidata_pipeline_dag.py for tasks to queue
[2026-04-20T18:15:40.578+0000] {logging_mixin.py:188} INFO - [2026-04-20T18:15:40.577+0000] {dagbag.py:538} INFO - Filling up the DagBag from /opt/airflow/dags/logidata_pipeline_dag.py
[2026-04-20T18:15:40.669+0000] {processor.py:840} INFO - DAG(s) 'logidata_pipeline_dag' retrieved from /opt/airflow/dags/logidata_pipeline_dag.py
[2026-04-20T18:15:40.715+0000] {logging_mixin.py:188} INFO - [2026-04-20T18:15:40.715+0000] {dag.py:3036} INFO - Sync 1 DAGs
[2026-04-20T18:15:40.734+0000] {logging_mixin.py:188} INFO - [2026-04-20T18:15:40.734+0000] {dag.py:3823} INFO - Setting next_dagrun for logidata_pipeline_dag to None, run_after=None
[2026-04-20T18:15:40.848+0000] {processor.py:183} INFO - Processing /opt/airflow/dags/logidata_pipeline_dag.py took 0.288 seconds
[2026-04-20T18:16:11.336+0000] {processor.py:161} INFO - Started process (PID=246) to work on /opt/airflow/dags/logidata_pipeline_dag.py
[2026-04-20T18:16:11.339+0000] {processor.py:830} INFO - Processing file /opt/airflow/dags/logidata_pipeline_dag.py for tasks to queue
[2026-04-20T18:16:11.342+0000] {logging_mixin.py:188} INFO - [2026-04-20T18:16:11.341+0000] {dagbag.py:538} INFO - Filling up the DagBag from /opt/airflow/dags/logidata_pipeline_dag.py
[2026-04-20T18:16:11.487+0000] {processor.py:840} INFO - DAG(s) 'logidata_pipeline_dag' retrieved from /opt/airflow/dags/logidata_pipeline_dag.py
[2026-04-20T18:16:11.561+0000] {logging_mixin.py:188} INFO - [2026-04-20T18:16:11.560+0000] {dag.py:3036} INFO - Sync 1 DAGs
[2026-04-20T18:16:11.762+0000] {logging_mixin.py:188} INFO - [2026-04-20T18:16:11.761+0000] {dag.py:3823} INFO - Setting next_dagrun for logidata_pipeline_dag to None, run_after=None
[2026-04-20T18:16:11.976+0000] {processor.py:183} INFO - Processing /opt/airflow/dags/logidata_pipeline_dag.py took 0.650 seconds
[2026-04-20T18:16:42.512+0000] {processor.py:161} INFO - Started process (PID=247) to work on /opt/airflow/dags/logidata_pipeline_dag.py
[2026-04-20T18:16:42.514+0000] {processor.py:830} INFO - Processing file /opt/airflow/dags/logidata_pipeline_dag.py for tasks to queue
[2026-04-20T18:16:42.516+0000] {logging_mixin.py:188} INFO - [2026-04-20T18:16:42.515+0000] {dagbag.py:538} INFO - Filling up the DagBag from /opt/airflow/dags/logidata_pipeline_dag.py
[2026-04-20T18:16:42.607+0000] {processor.py:840} INFO - DAG(s) 'logidata_pipeline_dag' retrieved from /opt/airflow/dags/logidata_pipeline_dag.py
[2026-04-20T18:16:42.696+0000] {logging_mixin.py:188} INFO - [2026-04-20T18:16:42.696+0000] {dag.py:3036} INFO - Sync 1 DAGs
[2026-04-20T18:16:42.731+0000] {logging_mixin.py:188} INFO - [2026-04-20T18:16:42.731+0000] {dag.py:3823} INFO - Setting next_dagrun for logidata_pipeline_dag to None, run_after=None
[2026-04-20T18:16:42.841+0000] {processor.py:183} INFO - Processing /opt/airflow/dags/logidata_pipeline_dag.py took 0.333 seconds
[2026-04-20T18:17:14.065+0000] {processor.py:161} INFO - Started process (PID=248) to work on /opt/airflow/dags/logidata_pipeline_dag.py
[2026-04-20T18:17:14.068+0000] {processor.py:830} INFO - Processing file /opt/airflow/dags/logidata_pipeline_dag.py for tasks to queue
[2026-04-20T18:17:14.070+0000] {logging_mixin.py:188} INFO - [2026-04-20T18:17:14.069+0000] {dagbag.py:538} INFO - Filling up the DagBag from /opt/airflow/dags/logidata_pipeline_dag.py
[2026-04-20T18:17:14.178+0000] {processor.py:840} INFO - DAG(s) 'logidata_pipeline_dag' retrieved from /opt/airflow/dags/logidata_pipeline_dag.py
[2026-04-20T18:17:14.241+0000] {logging_mixin.py:188} INFO - [2026-04-20T18:17:14.241+0000] {dag.py:3036} INFO - Sync 1 DAGs
[2026-04-20T18:17:14.260+0000] {logging_mixin.py:188} INFO - [2026-04-20T18:17:14.259+0000] {dag.py:3823} INFO - Setting next_dagrun for logidata_pipeline_dag to None, run_after=None
[2026-04-20T18:17:14.402+0000] {processor.py:183} INFO - Processing /opt/airflow/dags/logidata_pipeline_dag.py took 0.345 seconds
[2026-04-20T18:17:45.260+0000] {processor.py:161} INFO - Started process (PID=249) to work on /opt/airflow/dags/logidata_pipeline_dag.py
[2026-04-20T18:17:45.265+0000] {processor.py:830} INFO - Processing file /opt/airflow/dags/logidata_pipeline_dag.py for tasks to queue
[2026-04-20T18:17:45.268+0000] {logging_mixin.py:188} INFO - [2026-04-20T18:17:45.267+0000] {dagbag.py:538} INFO - Filling up the DagBag from /opt/airflow/dags/logidata_pipeline_dag.py
[2026-04-20T18:17:45.436+0000] {processor.py:840} INFO - DAG(s) 'logidata_pipeline_dag' retrieved from /opt/airflow/dags/logidata_pipeline_dag.py
[2026-04-20T18:17:45.481+0000] {logging_mixin.py:188} INFO - [2026-04-20T18:17:45.480+0000] {dag.py:3036} INFO - Sync 1 DAGs
[2026-04-20T18:17:45.503+0000] {logging_mixin.py:188} INFO - [2026-04-20T18:17:45.502+0000] {dag.py:3823} INFO - Setting next_dagrun for logidata_pipeline_dag to None, run_after=None
[2026-04-20T18:17:45.689+0000] {processor.py:183} INFO - Processing /opt/airflow/dags/logidata_pipeline_dag.py took 0.439 seconds
[2026-04-20T18:18:16.176+0000] {processor.py:161} INFO - Started process (PID=250) to work on /opt/airflow/dags/logidata_pipeline_dag.py
[2026-04-20T18:18:16.178+0000] {processor.py:830} INFO - Processing file /opt/airflow/dags/logidata_pipeline_dag.py for tasks to queue
[2026-04-20T18:18:16.179+0000] {logging_mixin.py:188} INFO - [2026-04-20T18:18:16.179+0000] {dagbag.py:538} INFO - Filling up the DagBag from /opt/airflow/dags/logidata_pipeline_dag.py
[2026-04-20T18:18:16.287+0000] {processor.py:840} INFO - DAG(s) 'logidata_pipeline_dag' retrieved from /opt/airflow/dags/logidata_pipeline_dag.py
[2026-04-20T18:18:16.337+0000] {logging_mixin.py:188} INFO - [2026-04-20T18:18:16.336+0000] {dag.py:3036} INFO - Sync 1 DAGs
[2026-04-20T18:18:16.493+0000] {logging_mixin.py:188} INFO - [2026-04-20T18:18:16.493+0000] {dag.py:3823} INFO - Setting next_dagrun for logidata_pipeline_dag to None, run_after=None
[2026-04-20T18:18:16.629+0000] {processor.py:183} INFO - Processing /opt/airflow/dags/logidata_pipeline_dag.py took 0.457 seconds
[2026-04-20T18:18:47.867+0000] {processor.py:161} INFO - Started process (PID=251) to work on /opt/airflow/dags/logidata_pipeline_dag.py
[2026-04-20T18:18:47.869+0000] {processor.py:830} INFO - Processing file /opt/airflow/dags/logidata_pipeline_dag.py for tasks to queue
[2026-04-20T18:18:47.871+0000] {logging_mixin.py:188} INFO - [2026-04-20T18:18:47.871+0000] {dagbag.py:538} INFO - Filling up the DagBag from /opt/airflow/dags/logidata_pipeline_dag.py
[2026-04-20T18:18:47.977+0000] {processor.py:840} INFO - DAG(s) 'logidata_pipeline_dag' retrieved from /opt/airflow/dags/logidata_pipeline_dag.py
[2026-04-20T18:18:48.018+0000] {logging_mixin.py:188} INFO - [2026-04-20T18:18:48.018+0000] {dag.py:3036} INFO - Sync 1 DAGs
[2026-04-20T18:18:48.034+0000] {logging_mixin.py:188} INFO - [2026-04-20T18:18:48.034+0000] {dag.py:3823} INFO - Setting next_dagrun for logidata_pipeline_dag to None, run_after=None
[2026-04-20T18:18:48.104+0000] {processor.py:183} INFO - Processing /opt/airflow/dags/logidata_pipeline_dag.py took 0.242 seconds
[2026-04-20T18:19:19.123+0000] {processor.py:161} INFO - Started process (PID=252) to work on /opt/airflow/dags/logidata_pipeline_dag.py
[2026-04-20T18:19:19.125+0000] {processor.py:830} INFO - Processing file /opt/airflow/dags/logidata_pipeline_dag.py for tasks to queue
[2026-04-20T18:19:19.127+0000] {logging_mixin.py:188} INFO - [2026-04-20T18:19:19.126+0000] {dagbag.py:538} INFO - Filling up the DagBag from /opt/airflow/dags/logidata_pipeline_dag.py
[2026-04-20T18:19:19.225+0000] {processor.py:840} INFO - DAG(s) 'logidata_pipeline_dag' retrieved from /opt/airflow/dags/logidata_pipeline_dag.py
[2026-04-20T18:19:19.311+0000] {logging_mixin.py:188} INFO - [2026-04-20T18:19:19.311+0000] {dag.py:3036} INFO - Sync 1 DAGs
[2026-04-20T18:19:19.330+0000] {logging_mixin.py:188} INFO - [2026-04-20T18:19:19.330+0000] {dag.py:3823} INFO - Setting next_dagrun for logidata_pipeline_dag to None, run_after=None
[2026-04-20T18:19:19.477+0000] {processor.py:183} INFO - Processing /opt/airflow/dags/logidata_pipeline_dag.py took 0.358 seconds
[2026-04-20T18:19:50.653+0000] {processor.py:161} INFO - Started process (PID=253) to work on /opt/airflow/dags/logidata_pipeline_dag.py
[2026-04-20T18:19:50.656+0000] {processor.py:830} INFO - Processing file /opt/airflow/dags/logidata_pipeline_dag.py for tasks to queue
[2026-04-20T18:19:50.657+0000] {logging_mixin.py:188} INFO - [2026-04-20T18:19:50.657+0000] {dagbag.py:538} INFO - Filling up the DagBag from /opt/airflow/dags/logidata_pipeline_dag.py
[2026-04-20T18:19:50.787+0000] {processor.py:840} INFO - DAG(s) 'logidata_pipeline_dag' retrieved from /opt/airflow/dags/logidata_pipeline_dag.py
[2026-04-20T18:19:50.848+0000] {logging_mixin.py:188} INFO - [2026-04-20T18:19:50.847+0000] {dag.py:3036} INFO - Sync 1 DAGs
[2026-04-20T18:19:50.866+0000] {logging_mixin.py:188} INFO - [2026-04-20T18:19:50.866+0000] {dag.py:3823} INFO - Setting next_dagrun for logidata_pipeline_dag to None, run_after=None
[2026-04-20T18:19:51.007+0000] {processor.py:183} INFO - Processing /opt/airflow/dags/logidata_pipeline_dag.py took 0.360 seconds
[2026-04-20T18:20:21.139+0000] {processor.py:161} INFO - Started process (PID=254) to work on /opt/airflow/dags/logidata_pipeline_dag.py
[2026-04-20T18:20:21.141+0000] {processor.py:830} INFO - Processing file /opt/airflow/dags/logidata_pipeline_dag.py for tasks to queue
[2026-04-20T18:20:21.142+0000] {logging_mixin.py:188} INFO - [2026-04-20T18:20:21.142+0000] {dagbag.py:538} INFO - Filling up the DagBag from /opt/airflow/dags/logidata_pipeline_dag.py
[2026-04-20T18:20:21.222+0000] {processor.py:840} INFO - DAG(s) 'logidata_pipeline_dag' retrieved from /opt/airflow/dags/logidata_pipeline_dag.py
[2026-04-20T18:20:21.275+0000] {logging_mixin.py:188} INFO - [2026-04-20T18:20:21.275+0000] {dag.py:3036} INFO - Sync 1 DAGs
[2026-04-20T18:20:21.462+0000] {logging_mixin.py:188} INFO - [2026-04-20T18:20:21.461+0000] {dag.py:3823} INFO - Setting next_dagrun for logidata_pipeline_dag to None, run_after=None
[2026-04-20T18:20:21.554+0000] {processor.py:183} INFO - Processing /opt/airflow/dags/logidata_pipeline_dag.py took 0.419 seconds
[2026-04-20T18:20:51.972+0000] {processor.py:161} INFO - Started process (PID=255) to work on /opt/airflow/dags/logidata_pipeline_dag.py
[2026-04-20T18:20:51.975+0000] {processor.py:830} INFO - Processing file /opt/airflow/dags/logidata_pipeline_dag.py for tasks to queue
[2026-04-20T18:20:51.978+0000] {logging_mixin.py:188} INFO - [2026-04-20T18:20:51.977+0000] {dagbag.py:538} INFO - Filling up the DagBag from /opt/airflow/dags/logidata_pipeline_dag.py
[2026-04-20T18:20:52.095+0000] {processor.py:840} INFO - DAG(s) 'logidata_pipeline_dag' retrieved from /opt/airflow/dags/logidata_pipeline_dag.py
[2026-04-20T18:20:52.140+0000] {logging_mixin.py:188} INFO - [2026-04-20T18:20:52.140+0000] {dag.py:3036} INFO - Sync 1 DAGs
[2026-04-20T18:20:52.154+0000] {logging_mixin.py:188} INFO - [2026-04-20T18:20:52.154+0000] {dag.py:3823} INFO - Setting next_dagrun for logidata_pipeline_dag to None, run_after=None
[2026-04-20T18:20:52.336+0000] {processor.py:183} INFO - Processing /opt/airflow/dags/logidata_pipeline_dag.py took 0.368 seconds
[2026-04-20T18:21:23.203+0000] {processor.py:161} INFO - Started process (PID=256) to work on /opt/airflow/dags/logidata_pipeline_dag.py
[2026-04-20T18:21:23.206+0000] {processor.py:830} INFO - Processing file /opt/airflow/dags/logidata_pipeline_dag.py for tasks to queue
[2026-04-20T18:21:23.209+0000] {logging_mixin.py:188} INFO - [2026-04-20T18:21:23.208+0000] {dagbag.py:538} INFO - Filling up the DagBag from /opt/airflow/dags/logidata_pipeline_dag.py
[2026-04-20T18:21:23.324+0000] {processor.py:840} INFO - DAG(s) 'logidata_pipeline_dag' retrieved from /opt/airflow/dags/logidata_pipeline_dag.py
[2026-04-20T18:21:23.373+0000] {logging_mixin.py:188} INFO - [2026-04-20T18:21:23.372+0000] {dag.py:3036} INFO - Sync 1 DAGs
[2026-04-20T18:21:23.399+0000] {logging_mixin.py:188} INFO - [2026-04-20T18:21:23.399+0000] {dag.py:3823} INFO - Setting next_dagrun for logidata_pipeline_dag to None, run_after=None
[2026-04-20T18:21:23.552+0000] {processor.py:183} INFO - Processing /opt/airflow/dags/logidata_pipeline_dag.py took 0.357 seconds
[2026-04-20T18:21:54.266+0000] {processor.py:161} INFO - Started process (PID=257) to work on /opt/airflow/dags/logidata_pipeline_dag.py
[2026-04-20T18:21:54.268+0000] {processor.py:830} INFO - Processing file /opt/airflow/dags/logidata_pipeline_dag.py for tasks to queue
[2026-04-20T18:21:54.270+0000] {logging_mixin.py:188} INFO - [2026-04-20T18:21:54.269+0000] {dagbag.py:538} INFO - Filling up the DagBag from /opt/airflow/dags/logidata_pipeline_dag.py
[2026-04-20T18:21:54.345+0000] {processor.py:840} INFO - DAG(s) 'logidata_pipeline_dag' retrieved from /opt/airflow/dags/logidata_pipeline_dag.py
[2026-04-20T18:21:54.388+0000] {logging_mixin.py:188} INFO - [2026-04-20T18:21:54.388+0000] {dag.py:3036} INFO - Sync 1 DAGs
[2026-04-20T18:21:54.405+0000] {logging_mixin.py:188} INFO - [2026-04-20T18:21:54.405+0000] {dag.py:3823} INFO - Setting next_dagrun for logidata_pipeline_dag to None, run_after=None
[2026-04-20T18:21:54.530+0000] {processor.py:183} INFO - Processing /opt/airflow/dags/logidata_pipeline_dag.py took 0.268 seconds
[2026-04-20T18:22:25.192+0000] {processor.py:161} INFO - Started process (PID=258) to work on /opt/airflow/dags/logidata_pipeline_dag.py
[2026-04-20T18:22:25.194+0000] {processor.py:830} INFO - Processing file /opt/airflow/dags/logidata_pipeline_dag.py for tasks to queue
[2026-04-20T18:22:25.195+0000] {logging_mixin.py:188} INFO - [2026-04-20T18:22:25.195+0000] {dagbag.py:538} INFO - Filling up the DagBag from /opt/airflow/dags/logidata_pipeline_dag.py
[2026-04-20T18:22:25.260+0000] {processor.py:840} INFO - DAG(s) 'logidata_pipeline_dag' retrieved from /opt/airflow/dags/logidata_pipeline_dag.py
[2026-04-20T18:22:25.305+0000] {logging_mixin.py:188} INFO - [2026-04-20T18:22:25.304+0000] {dag.py:3036} INFO - Sync 1 DAGs
[2026-04-20T18:22:25.465+0000] {logging_mixin.py:188} INFO - [2026-04-20T18:22:25.465+0000] {dag.py:3823} INFO - Setting next_dagrun for logidata_pipeline_dag to None, run_after=None
[2026-04-20T18:22:25.641+0000] {processor.py:183} INFO - Processing /opt/airflow/dags/logidata_pipeline_dag.py took 0.453 seconds
[2026-04-20T18:22:56.446+0000] {processor.py:161} INFO - Started process (PID=259) to work on /opt/airflow/dags/logidata_pipeline_dag.py
[2026-04-20T18:22:56.448+0000] {processor.py:830} INFO - Processing file /opt/airflow/dags/logidata_pipeline_dag.py for tasks to queue
[2026-04-20T18:22:56.450+0000] {logging_mixin.py:188} INFO - [2026-04-20T18:22:56.450+0000] {dagbag.py:538} INFO - Filling up the DagBag from /opt/airflow/dags/logidata_pipeline_dag.py
[2026-04-20T18:22:56.522+0000] {processor.py:840} INFO - DAG(s) 'logidata_pipeline_dag' retrieved from /opt/airflow/dags/logidata_pipeline_dag.py
[2026-04-20T18:22:56.573+0000] {logging_mixin.py:188} INFO - [2026-04-20T18:22:56.573+0000] {dag.py:3036} INFO - Sync 1 DAGs
[2026-04-20T18:22:56.591+0000] {logging_mixin.py:188} INFO - [2026-04-20T18:22:56.591+0000] {dag.py:3823} INFO - Setting next_dagrun for logidata_pipeline_dag to None, run_after=None
[2026-04-20T18:22:56.715+0000] {processor.py:183} INFO - Processing /opt/airflow/dags/logidata_pipeline_dag.py took 0.271 seconds
[2026-04-20T18:23:27.236+0000] {processor.py:161} INFO - Started process (PID=260) to work on /opt/airflow/dags/logidata_pipeline_dag.py
[2026-04-20T18:23:27.238+0000] {processor.py:830} INFO - Processing file /opt/airflow/dags/logidata_pipeline_dag.py for tasks to queue
[2026-04-20T18:23:27.239+0000] {logging_mixin.py:188} INFO - [2026-04-20T18:23:27.238+0000] {dagbag.py:538} INFO - Filling up the DagBag from /opt/airflow/dags/logidata_pipeline_dag.py
[2026-04-20T18:23:27.303+0000] {processor.py:840} INFO - DAG(s) 'logidata_pipeline_dag' retrieved from /opt/airflow/dags/logidata_pipeline_dag.py
[2026-04-20T18:23:27.352+0000] {logging_mixin.py:188} INFO - [2026-04-20T18:23:27.352+0000] {dag.py:3036} INFO - Sync 1 DAGs
[2026-04-20T18:23:27.365+0000] {logging_mixin.py:188} INFO - [2026-04-20T18:23:27.365+0000] {dag.py:3823} INFO - Setting next_dagrun for logidata_pipeline_dag to None, run_after=None
[2026-04-20T18:23:27.468+0000] {processor.py:183} INFO - Processing /opt/airflow/dags/logidata_pipeline_dag.py took 0.235 seconds
[2026-04-20T18:23:57.629+0000] {processor.py:161} INFO - Started process (PID=261) to work on /opt/airflow/dags/logidata_pipeline_dag.py
[2026-04-20T18:23:57.631+0000] {processor.py:830} INFO - Processing file /opt/airflow/dags/logidata_pipeline_dag.py for tasks to queue
[2026-04-20T18:23:57.632+0000] {logging_mixin.py:188} INFO - [2026-04-20T18:23:57.632+0000] {dagbag.py:538} INFO - Filling up the DagBag from /opt/airflow/dags/logidata_pipeline_dag.py
[2026-04-20T18:23:57.707+0000] {processor.py:840} INFO - DAG(s) 'logidata_pipeline_dag' retrieved from /opt/airflow/dags/logidata_pipeline_dag.py
[2026-04-20T18:23:57.755+0000] {logging_mixin.py:188} INFO - [2026-04-20T18:23:57.755+0000] {dag.py:3036} INFO - Sync 1 DAGs
[2026-04-20T18:23:57.772+0000] {logging_mixin.py:188} INFO - [2026-04-20T18:23:57.772+0000] {dag.py:3823} INFO - Setting next_dagrun for logidata_pipeline_dag to None, run_after=None
[2026-04-20T18:23:57.837+0000] {processor.py:183} INFO - Processing /opt/airflow/dags/logidata_pipeline_dag.py took 0.213 seconds
[2026-04-20T18:24:29.243+0000] {processor.py:161} INFO - Started process (PID=262) to work on /opt/airflow/dags/logidata_pipeline_dag.py
[2026-04-20T18:24:29.245+0000] {processor.py:830} INFO - Processing file /opt/airflow/dags/logidata_pipeline_dag.py for tasks to queue
[2026-04-20T18:24:29.246+0000] {logging_mixin.py:188} INFO - [2026-04-20T18:24:29.246+0000] {dagbag.py:538} INFO - Filling up the DagBag from /opt/airflow/dags/logidata_pipeline_dag.py
[2026-04-20T18:24:29.325+0000] {processor.py:840} INFO - DAG(s) 'logidata_pipeline_dag' retrieved from /opt/airflow/dags/logidata_pipeline_dag.py
[2026-04-20T18:24:29.375+0000] {logging_mixin.py:188} INFO - [2026-04-20T18:24:29.375+0000] {dag.py:3036} INFO - Sync 1 DAGs
[2026-04-20T18:24:29.536+0000] {logging_mixin.py:188} INFO - [2026-04-20T18:24:29.535+0000] {dag.py:3823} INFO - Setting next_dagrun for logidata_pipeline_dag to None, run_after=None
[2026-04-20T18:24:29.613+0000] {processor.py:183} INFO - Processing /opt/airflow/dags/logidata_pipeline_dag.py took 0.374 seconds
[2026-04-20T18:25:02.187+0000] {processor.py:161} INFO - Started process (PID=263) to work on /opt/airflow/dags/logidata_pipeline_dag.py
[2026-04-20T18:25:02.189+0000] {processor.py:830} INFO - Processing file /opt/airflow/dags/logidata_pipeline_dag.py for tasks to queue
[2026-04-20T18:25:02.191+0000] {logging_mixin.py:188} INFO - [2026-04-20T18:25:02.190+0000] {dagbag.py:538} INFO - Filling up the DagBag from /opt/airflow/dags/logidata_pipeline_dag.py
[2026-04-20T18:25:02.318+0000] {processor.py:840} INFO - DAG(s) 'logidata_pipeline_dag' retrieved from /opt/airflow/dags/logidata_pipeline_dag.py
[2026-04-20T18:25:02.385+0000] {logging_mixin.py:188} INFO - [2026-04-20T18:25:02.385+0000] {dag.py:3036} INFO - Sync 1 DAGs
[2026-04-20T18:25:02.403+0000] {logging_mixin.py:188} INFO - [2026-04-20T18:25:02.403+0000] {dag.py:3823} INFO - Setting next_dagrun for logidata_pipeline_dag to None, run_after=None
[2026-04-20T18:25:02.505+0000] {processor.py:183} INFO - Processing /opt/airflow/dags/logidata_pipeline_dag.py took 0.323 seconds
[2026-04-20T18:25:32.982+0000] {processor.py:161} INFO - Started process (PID=264) to work on /opt/airflow/dags/logidata_pipeline_dag.py
[2026-04-20T18:25:32.984+0000] {processor.py:830} INFO - Processing file /opt/airflow/dags/logidata_pipeline_dag.py for tasks to queue
[2026-04-20T18:25:32.985+0000] {logging_mixin.py:188} INFO - [2026-04-20T18:25:32.985+0000] {dagbag.py:538} INFO - Filling up the DagBag from /opt/airflow/dags/logidata_pipeline_dag.py
[2026-04-20T18:25:33.078+0000] {processor.py:840} INFO - DAG(s) 'logidata_pipeline_dag' retrieved from /opt/airflow/dags/logidata_pipeline_dag.py
[2026-04-20T18:25:33.122+0000] {logging_mixin.py:188} INFO - [2026-04-20T18:25:33.122+0000] {dag.py:3036} INFO - Sync 1 DAGs
[2026-04-20T18:25:33.140+0000] {logging_mixin.py:188} INFO - [2026-04-20T18:25:33.140+0000] {dag.py:3823} INFO - Setting next_dagrun for logidata_pipeline_dag to None, run_after=None
[2026-04-20T18:25:33.204+0000] {processor.py:183} INFO - Processing /opt/airflow/dags/logidata_pipeline_dag.py took 0.226 seconds
[2026-04-20T18:26:03.929+0000] {processor.py:161} INFO - Started process (PID=265) to work on /opt/airflow/dags/logidata_pipeline_dag.py
[2026-04-20T18:26:03.931+0000] {processor.py:830} INFO - Processing file /opt/airflow/dags/logidata_pipeline_dag.py for tasks to queue
[2026-04-20T18:26:03.933+0000] {logging_mixin.py:188} INFO - [2026-04-20T18:26:03.932+0000] {dagbag.py:538} INFO - Filling up the DagBag from /opt/airflow/dags/logidata_pipeline_dag.py
[2026-04-20T18:26:04.008+0000] {processor.py:840} INFO - DAG(s) 'logidata_pipeline_dag' retrieved from /opt/airflow/dags/logidata_pipeline_dag.py
[2026-04-20T18:26:04.062+0000] {logging_mixin.py:188} INFO - [2026-04-20T18:26:04.062+0000] {dag.py:3036} INFO - Sync 1 DAGs
[2026-04-20T18:26:04.080+0000] {logging_mixin.py:188} INFO - [2026-04-20T18:26:04.080+0000] {dag.py:3823} INFO - Setting next_dagrun for logidata_pipeline_dag to None, run_after=None
[2026-04-20T18:26:04.237+0000] {processor.py:183} INFO - Processing /opt/airflow/dags/logidata_pipeline_dag.py took 0.312 seconds
[2026-04-20T18:26:34.941+0000] {processor.py:161} INFO - Started process (PID=266) to work on /opt/airflow/dags/logidata_pipeline_dag.py
[2026-04-20T18:26:34.943+0000] {processor.py:830} INFO - Processing file /opt/airflow/dags/logidata_pipeline_dag.py for tasks to queue
[2026-04-20T18:26:34.944+0000] {logging_mixin.py:188} INFO - [2026-04-20T18:26:34.944+0000] {dagbag.py:538} INFO - Filling up the DagBag from /opt/airflow/dags/logidata_pipeline_dag.py
[2026-04-20T18:26:35.037+0000] {processor.py:840} INFO - DAG(s) 'logidata_pipeline_dag' retrieved from /opt/airflow/dags/logidata_pipeline_dag.py
[2026-04-20T18:26:35.076+0000] {logging_mixin.py:188} INFO - [2026-04-20T18:26:35.076+0000] {dag.py:3036} INFO - Sync 1 DAGs
[2026-04-20T18:26:35.224+0000] {logging_mixin.py:188} INFO - [2026-04-20T18:26:35.224+0000] {dag.py:3823} INFO - Setting next_dagrun for logidata_pipeline_dag to None, run_after=None
[2026-04-20T18:26:35.387+0000] {processor.py:183} INFO - Processing /opt/airflow/dags/logidata_pipeline_dag.py took 0.450 seconds
[2026-04-20T18:27:08.145+0000] {processor.py:161} INFO - Started process (PID=267) to work on /opt/airflow/dags/logidata_pipeline_dag.py
[2026-04-20T18:27:08.148+0000] {processor.py:830} INFO - Processing file /opt/airflow/dags/logidata_pipeline_dag.py for tasks to queue
[2026-04-20T18:27:08.150+0000] {logging_mixin.py:188} INFO - [2026-04-20T18:27:08.149+0000] {dagbag.py:538} INFO - Filling up the DagBag from /opt/airflow/dags/logidata_pipeline_dag.py
[2026-04-20T18:27:08.249+0000] {processor.py:840} INFO - DAG(s) 'logidata_pipeline_dag' retrieved from /opt/airflow/dags/logidata_pipeline_dag.py
[2026-04-20T18:27:08.296+0000] {logging_mixin.py:188} INFO - [2026-04-20T18:27:08.296+0000] {dag.py:3036} INFO - Sync 1 DAGs
[2026-04-20T18:27:08.313+0000] {logging_mixin.py:188} INFO - [2026-04-20T18:27:08.312+0000] {dag.py:3823} INFO - Setting next_dagrun for logidata_pipeline_dag to None, run_after=None
[2026-04-20T18:27:08.401+0000] {processor.py:183} INFO - Processing /opt/airflow/dags/logidata_pipeline_dag.py took 0.265 seconds
[2026-04-20T18:27:40.089+0000] {processor.py:161} INFO - Started process (PID=268) to work on /opt/airflow/dags/logidata_pipeline_dag.py
[2026-04-20T18:27:40.090+0000] {processor.py:830} INFO - Processing file /opt/airflow/dags/logidata_pipeline_dag.py for tasks to queue
[2026-04-20T18:27:40.092+0000] {logging_mixin.py:188} INFO - [2026-04-20T18:27:40.091+0000] {dagbag.py:538} INFO - Filling up the DagBag from /opt/airflow/dags/logidata_pipeline_dag.py
[2026-04-20T18:27:40.156+0000] {processor.py:840} INFO - DAG(s) 'logidata_pipeline_dag' retrieved from /opt/airflow/dags/logidata_pipeline_dag.py
[2026-04-20T18:27:40.197+0000] {logging_mixin.py:188} INFO - [2026-04-20T18:27:40.197+0000] {dag.py:3036} INFO - Sync 1 DAGs
[2026-04-20T18:27:40.218+0000] {logging_mixin.py:188} INFO - [2026-04-20T18:27:40.217+0000] {dag.py:3823} INFO - Setting next_dagrun for logidata_pipeline_dag to None, run_after=None
[2026-04-20T18:27:40.334+0000] {processor.py:183} INFO - Processing /opt/airflow/dags/logidata_pipeline_dag.py took 0.248 seconds
[2026-04-20T18:28:13.037+0000] {processor.py:161} INFO - Started process (PID=269) to work on /opt/airflow/dags/logidata_pipeline_dag.py
[2026-04-20T18:28:13.039+0000] {processor.py:830} INFO - Processing file /opt/airflow/dags/logidata_pipeline_dag.py for tasks to queue
[2026-04-20T18:28:13.040+0000] {logging_mixin.py:188} INFO - [2026-04-20T18:28:13.040+0000] {dagbag.py:538} INFO - Filling up the DagBag from /opt/airflow/dags/logidata_pipeline_dag.py
[2026-04-20T18:28:13.129+0000] {processor.py:840} INFO - DAG(s) 'logidata_pipeline_dag' retrieved from /opt/airflow/dags/logidata_pipeline_dag.py
[2026-04-20T18:28:13.183+0000] {logging_mixin.py:188} INFO - [2026-04-20T18:28:13.183+0000] {dag.py:3036} INFO - Sync 1 DAGs
[2026-04-20T18:28:13.207+0000] {logging_mixin.py:188} INFO - [2026-04-20T18:28:13.207+0000] {dag.py:3823} INFO - Setting next_dagrun for logidata_pipeline_dag to None, run_after=None
[2026-04-20T18:28:13.278+0000] {processor.py:183} INFO - Processing /opt/airflow/dags/logidata_pipeline_dag.py took 0.244 seconds
[2026-04-20T18:28:44.158+0000] {processor.py:161} INFO - Started process (PID=270) to work on /opt/airflow/dags/logidata_pipeline_dag.py
[2026-04-20T18:28:44.160+0000] {processor.py:830} INFO - Processing file /opt/airflow/dags/logidata_pipeline_dag.py for tasks to queue
[2026-04-20T18:28:44.161+0000] {logging_mixin.py:188} INFO - [2026-04-20T18:28:44.161+0000] {dagbag.py:538} INFO - Filling up the DagBag from /opt/airflow/dags/logidata_pipeline_dag.py
[2026-04-20T18:28:44.259+0000] {processor.py:840} INFO - DAG(s) 'logidata_pipeline_dag' retrieved from /opt/airflow/dags/logidata_pipeline_dag.py
[2026-04-20T18:28:44.316+0000] {logging_mixin.py:188} INFO - [2026-04-20T18:28:44.315+0000] {dag.py:3036} INFO - Sync 1 DAGs
[2026-04-20T18:28:44.471+0000] {logging_mixin.py:188} INFO - [2026-04-20T18:28:44.471+0000] {dag.py:3823} INFO - Setting next_dagrun for logidata_pipeline_dag to None, run_after=None
[2026-04-20T18:28:44.652+0000] {processor.py:183} INFO - Processing /opt/airflow/dags/logidata_pipeline_dag.py took 0.497 seconds
[2026-04-20T18:29:15.457+0000] {processor.py:161} INFO - Started process (PID=271) to work on /opt/airflow/dags/logidata_pipeline_dag.py
[2026-04-20T18:29:15.459+0000] {processor.py:830} INFO - Processing file /opt/airflow/dags/logidata_pipeline_dag.py for tasks to queue
[2026-04-20T18:29:15.460+0000] {logging_mixin.py:188} INFO - [2026-04-20T18:29:15.460+0000] {dagbag.py:538} INFO - Filling up the DagBag from /opt/airflow/dags/logidata_pipeline_dag.py
[2026-04-20T18:29:15.546+0000] {processor.py:840} INFO - DAG(s) 'logidata_pipeline_dag' retrieved from /opt/airflow/dags/logidata_pipeline_dag.py
[2026-04-20T18:29:15.737+0000] {logging_mixin.py:188} INFO - [2026-04-20T18:29:15.737+0000] {dag.py:3036} INFO - Sync 1 DAGs
[2026-04-20T18:29:15.752+0000] {logging_mixin.py:188} INFO - [2026-04-20T18:29:15.752+0000] {dag.py:3823} INFO - Setting next_dagrun for logidata_pipeline_dag to None, run_after=None
[2026-04-20T18:29:15.845+0000] {processor.py:183} INFO - Processing /opt/airflow/dags/logidata_pipeline_dag.py took 0.392 seconds
[2026-04-20T18:29:46.257+0000] {processor.py:161} INFO - Started process (PID=272) to work on /opt/airflow/dags/logidata_pipeline_dag.py
[2026-04-20T18:29:46.259+0000] {processor.py:830} INFO - Processing file /opt/airflow/dags/logidata_pipeline_dag.py for tasks to queue
[2026-04-20T18:29:46.260+0000] {logging_mixin.py:188} INFO - [2026-04-20T18:29:46.260+0000] {dagbag.py:538} INFO - Filling up the DagBag from /opt/airflow/dags/logidata_pipeline_dag.py
[2026-04-20T18:29:46.332+0000] {processor.py:840} INFO - DAG(s) 'logidata_pipeline_dag' retrieved from /opt/airflow/dags/logidata_pipeline_dag.py
[2026-04-20T18:29:46.379+0000] {logging_mixin.py:188} INFO - [2026-04-20T18:29:46.379+0000] {dag.py:3036} INFO - Sync 1 DAGs
[2026-04-20T18:29:46.393+0000] {logging_mixin.py:188} INFO - [2026-04-20T18:29:46.393+0000] {dag.py:3823} INFO - Setting next_dagrun for logidata_pipeline_dag to None, run_after=None
[2026-04-20T18:29:46.551+0000] {processor.py:183} INFO - Processing /opt/airflow/dags/logidata_pipeline_dag.py took 0.297 seconds
[2026-04-20T18:30:17.684+0000] {processor.py:161} INFO - Started process (PID=273) to work on /opt/airflow/dags/logidata_pipeline_dag.py
[2026-04-20T18:30:17.686+0000] {processor.py:830} INFO - Processing file /opt/airflow/dags/logidata_pipeline_dag.py for tasks to queue
[2026-04-20T18:30:17.687+0000] {logging_mixin.py:188} INFO - [2026-04-20T18:30:17.687+0000] {dagbag.py:538} INFO - Filling up the DagBag from /opt/airflow/dags/logidata_pipeline_dag.py
[2026-04-20T18:30:17.750+0000] {processor.py:840} INFO - DAG(s) 'logidata_pipeline_dag' retrieved from /opt/airflow/dags/logidata_pipeline_dag.py
[2026-04-20T18:30:17.793+0000] {logging_mixin.py:188} INFO - [2026-04-20T18:30:17.792+0000] {dag.py:3036} INFO - Sync 1 DAGs
[2026-04-20T18:30:17.808+0000] {logging_mixin.py:188} INFO - [2026-04-20T18:30:17.808+0000] {dag.py:3823} INFO - Setting next_dagrun for logidata_pipeline_dag to None, run_after=None
[2026-04-20T18:30:17.956+0000] {processor.py:183} INFO - Processing /opt/airflow/dags/logidata_pipeline_dag.py took 0.274 seconds
[2026-04-20T18:30:51.100+0000] {processor.py:161} INFO - Started process (PID=274) to work on /opt/airflow/dags/logidata_pipeline_dag.py
[2026-04-20T18:30:51.102+0000] {processor.py:830} INFO - Processing file /opt/airflow/dags/logidata_pipeline_dag.py for tasks to queue
[2026-04-20T18:30:51.104+0000] {logging_mixin.py:188} INFO - [2026-04-20T18:30:51.104+0000] {dagbag.py:538} INFO - Filling up the DagBag from /opt/airflow/dags/logidata_pipeline_dag.py
[2026-04-20T18:30:51.264+0000] {processor.py:840} INFO - DAG(s) 'logidata_pipeline_dag' retrieved from /opt/airflow/dags/logidata_pipeline_dag.py
[2026-04-20T18:30:51.339+0000] {logging_mixin.py:188} INFO - [2026-04-20T18:30:51.338+0000] {dag.py:3036} INFO - Sync 1 DAGs
[2026-04-20T18:30:51.560+0000] {logging_mixin.py:188} INFO - [2026-04-20T18:30:51.560+0000] {dag.py:3823} INFO - Setting next_dagrun for logidata_pipeline_dag to None, run_after=None
[2026-04-20T18:30:51.750+0000] {processor.py:183} INFO - Processing /opt/airflow/dags/logidata_pipeline_dag.py took 0.656 seconds
[2026-04-20T18:31:22.438+0000] {processor.py:161} INFO - Started process (PID=275) to work on /opt/airflow/dags/logidata_pipeline_dag.py
[2026-04-20T18:31:22.440+0000] {processor.py:830} INFO - Processing file /opt/airflow/dags/logidata_pipeline_dag.py for tasks to queue
[2026-04-20T18:31:22.441+0000] {logging_mixin.py:188} INFO - [2026-04-20T18:31:22.441+0000] {dagbag.py:538} INFO - Filling up the DagBag from /opt/airflow/dags/logidata_pipeline_dag.py
[2026-04-20T18:31:22.521+0000] {processor.py:840} INFO - DAG(s) 'logidata_pipeline_dag' retrieved from /opt/airflow/dags/logidata_pipeline_dag.py
[2026-04-20T18:31:22.703+0000] {logging_mixin.py:188} INFO - [2026-04-20T18:31:22.703+0000] {dag.py:3036} INFO - Sync 1 DAGs
[2026-04-20T18:31:22.720+0000] {logging_mixin.py:188} INFO - [2026-04-20T18:31:22.719+0000] {dag.py:3823} INFO - Setting next_dagrun for logidata_pipeline_dag to None, run_after=None
[2026-04-20T18:31:22.812+0000] {processor.py:183} INFO - Processing /opt/airflow/dags/logidata_pipeline_dag.py took 0.378 seconds
[2026-04-20T18:31:53.174+0000] {processor.py:161} INFO - Started process (PID=276) to work on /opt/airflow/dags/logidata_pipeline_dag.py
[2026-04-20T18:31:53.176+0000] {processor.py:830} INFO - Processing file /opt/airflow/dags/logidata_pipeline_dag.py for tasks to queue
[2026-04-20T18:31:53.177+0000] {logging_mixin.py:188} INFO - [2026-04-20T18:31:53.177+0000] {dagbag.py:538} INFO - Filling up the DagBag from /opt/airflow/dags/logidata_pipeline_dag.py
[2026-04-20T18:31:53.260+0000] {processor.py:840} INFO - DAG(s) 'logidata_pipeline_dag' retrieved from /opt/airflow/dags/logidata_pipeline_dag.py
[2026-04-20T18:31:53.319+0000] {logging_mixin.py:188} INFO - [2026-04-20T18:31:53.319+0000] {dag.py:3036} INFO - Sync 1 DAGs
[2026-04-20T18:31:53.337+0000] {logging_mixin.py:188} INFO - [2026-04-20T18:31:53.337+0000] {dag.py:3823} INFO - Setting next_dagrun for logidata_pipeline_dag to None, run_after=None
[2026-04-20T18:31:53.433+0000] {processor.py:183} INFO - Processing /opt/airflow/dags/logidata_pipeline_dag.py took 0.263 seconds
[2026-04-20T18:32:24.017+0000] {processor.py:161} INFO - Started process (PID=277) to work on /opt/airflow/dags/logidata_pipeline_dag.py
[2026-04-20T18:32:24.019+0000] {processor.py:830} INFO - Processing file /opt/airflow/dags/logidata_pipeline_dag.py for tasks to queue
[2026-04-20T18:32:24.020+0000] {logging_mixin.py:188} INFO - [2026-04-20T18:32:24.019+0000] {dagbag.py:538} INFO - Filling up the DagBag from /opt/airflow/dags/logidata_pipeline_dag.py
[2026-04-20T18:32:24.085+0000] {processor.py:840} INFO - DAG(s) 'logidata_pipeline_dag' retrieved from /opt/airflow/dags/logidata_pipeline_dag.py
[2026-04-20T18:32:24.130+0000] {logging_mixin.py:188} INFO - [2026-04-20T18:32:24.130+0000] {dag.py:3036} INFO - Sync 1 DAGs
[2026-04-20T18:32:24.147+0000] {logging_mixin.py:188} INFO - [2026-04-20T18:32:24.146+0000] {dag.py:3823} INFO - Setting next_dagrun for logidata_pipeline_dag to None, run_after=None
[2026-04-20T18:32:24.216+0000] {processor.py:183} INFO - Processing /opt/airflow/dags/logidata_pipeline_dag.py took 0.202 seconds
[2026-04-20T18:32:56.284+0000] {processor.py:161} INFO - Started process (PID=278) to work on /opt/airflow/dags/logidata_pipeline_dag.py
[2026-04-20T18:32:56.285+0000] {processor.py:830} INFO - Processing file /opt/airflow/dags/logidata_pipeline_dag.py for tasks to queue
[2026-04-20T18:32:56.287+0000] {logging_mixin.py:188} INFO - [2026-04-20T18:32:56.286+0000] {dagbag.py:538} INFO - Filling up the DagBag from /opt/airflow/dags/logidata_pipeline_dag.py
[2026-04-20T18:32:56.349+0000] {processor.py:840} INFO - DAG(s) 'logidata_pipeline_dag' retrieved from /opt/airflow/dags/logidata_pipeline_dag.py
[2026-04-20T18:32:56.399+0000] {logging_mixin.py:188} INFO - [2026-04-20T18:32:56.399+0000] {dag.py:3036} INFO - Sync 1 DAGs
[2026-04-20T18:32:56.543+0000] {logging_mixin.py:188} INFO - [2026-04-20T18:32:56.543+0000] {dag.py:3823} INFO - Setting next_dagrun for logidata_pipeline_dag to None, run_after=None
[2026-04-20T18:32:56.671+0000] {processor.py:183} INFO - Processing /opt/airflow/dags/logidata_pipeline_dag.py took 0.390 seconds
[2026-04-20T18:33:28.551+0000] {processor.py:161} INFO - Started process (PID=279) to work on /opt/airflow/dags/logidata_pipeline_dag.py
[2026-04-20T18:33:28.552+0000] {processor.py:830} INFO - Processing file /opt/airflow/dags/logidata_pipeline_dag.py for tasks to queue
[2026-04-20T18:33:28.554+0000] {logging_mixin.py:188} INFO - [2026-04-20T18:33:28.553+0000] {dagbag.py:538} INFO - Filling up the DagBag from /opt/airflow/dags/logidata_pipeline_dag.py
[2026-04-20T18:33:28.621+0000] {processor.py:840} INFO - DAG(s) 'logidata_pipeline_dag' retrieved from /opt/airflow/dags/logidata_pipeline_dag.py
[2026-04-20T18:33:28.799+0000] {logging_mixin.py:188} INFO - [2026-04-20T18:33:28.798+0000] {dag.py:3036} INFO - Sync 1 DAGs
[2026-04-20T18:33:28.814+0000] {logging_mixin.py:188} INFO - [2026-04-20T18:33:28.813+0000] {dag.py:3823} INFO - Setting next_dagrun for logidata_pipeline_dag to None, run_after=None
[2026-04-20T18:33:28.971+0000] {processor.py:183} INFO - Processing /opt/airflow/dags/logidata_pipeline_dag.py took 0.424 seconds
[2026-04-20T18:33:59.462+0000] {processor.py:161} INFO - Started process (PID=280) to work on /opt/airflow/dags/logidata_pipeline_dag.py
[2026-04-20T18:33:59.463+0000] {processor.py:830} INFO - Processing file /opt/airflow/dags/logidata_pipeline_dag.py for tasks to queue
[2026-04-20T18:33:59.465+0000] {logging_mixin.py:188} INFO - [2026-04-20T18:33:59.464+0000] {dagbag.py:538} INFO - Filling up the DagBag from /opt/airflow/dags/logidata_pipeline_dag.py
[2026-04-20T18:33:59.554+0000] {processor.py:840} INFO - DAG(s) 'logidata_pipeline_dag' retrieved from /opt/airflow/dags/logidata_pipeline_dag.py
[2026-04-20T18:33:59.605+0000] {logging_mixin.py:188} INFO - [2026-04-20T18:33:59.605+0000] {dag.py:3036} INFO - Sync 1 DAGs
[2026-04-20T18:33:59.627+0000] {logging_mixin.py:188} INFO - [2026-04-20T18:33:59.626+0000] {dag.py:3823} INFO - Setting next_dagrun for logidata_pipeline_dag to None, run_after=None
[2026-04-20T18:33:59.819+0000] {processor.py:183} INFO - Processing /opt/airflow/dags/logidata_pipeline_dag.py took 0.362 seconds
[2026-04-20T18:34:30.164+0000] {processor.py:161} INFO - Started process (PID=281) to work on /opt/airflow/dags/logidata_pipeline_dag.py
[2026-04-20T18:34:30.166+0000] {processor.py:830} INFO - Processing file /opt/airflow/dags/logidata_pipeline_dag.py for tasks to queue
[2026-04-20T18:34:30.168+0000] {logging_mixin.py:188} INFO - [2026-04-20T18:34:30.167+0000] {dagbag.py:538} INFO - Filling up the DagBag from /opt/airflow/dags/logidata_pipeline_dag.py
[2026-04-20T18:34:30.255+0000] {processor.py:840} INFO - DAG(s) 'logidata_pipeline_dag' retrieved from /opt/airflow/dags/logidata_pipeline_dag.py
[2026-04-20T18:34:30.307+0000] {logging_mixin.py:188} INFO - [2026-04-20T18:34:30.306+0000] {dag.py:3036} INFO - Sync 1 DAGs
[2026-04-20T18:34:30.323+0000] {logging_mixin.py:188} INFO - [2026-04-20T18:34:30.323+0000] {dag.py:3823} INFO - Setting next_dagrun for logidata_pipeline_dag to None, run_after=None
[2026-04-20T18:34:30.457+0000] {processor.py:183} INFO - Processing /opt/airflow/dags/logidata_pipeline_dag.py took 0.297 seconds
[2026-04-20T18:35:00.733+0000] {processor.py:161} INFO - Started process (PID=282) to work on /opt/airflow/dags/logidata_pipeline_dag.py
[2026-04-20T18:35:00.734+0000] {processor.py:830} INFO - Processing file /opt/airflow/dags/logidata_pipeline_dag.py for tasks to queue
[2026-04-20T18:35:00.736+0000] {logging_mixin.py:188} INFO - [2026-04-20T18:35:00.735+0000] {dagbag.py:538} INFO - Filling up the DagBag from /opt/airflow/dags/logidata_pipeline_dag.py
[2026-04-20T18:35:00.804+0000] {processor.py:840} INFO - DAG(s) 'logidata_pipeline_dag' retrieved from /opt/airflow/dags/logidata_pipeline_dag.py
[2026-04-20T18:35:00.845+0000] {logging_mixin.py:188} INFO - [2026-04-20T18:35:00.844+0000] {dag.py:3036} INFO - Sync 1 DAGs
[2026-04-20T18:35:01.001+0000] {logging_mixin.py:188} INFO - [2026-04-20T18:35:01.001+0000] {dag.py:3823} INFO - Setting next_dagrun for logidata_pipeline_dag to None, run_after=None
[2026-04-20T18:35:01.086+0000] {processor.py:183} INFO - Processing /opt/airflow/dags/logidata_pipeline_dag.py took 0.356 seconds
[2026-04-20T18:35:33.820+0000] {processor.py:161} INFO - Started process (PID=293) to work on /opt/airflow/dags/logidata_pipeline_dag.py
[2026-04-20T18:35:33.822+0000] {processor.py:830} INFO - Processing file /opt/airflow/dags/logidata_pipeline_dag.py for tasks to queue
[2026-04-20T18:35:33.823+0000] {logging_mixin.py:188} INFO - [2026-04-20T18:35:33.823+0000] {dagbag.py:538} INFO - Filling up the DagBag from /opt/airflow/dags/logidata_pipeline_dag.py
[2026-04-20T18:35:33.907+0000] {processor.py:840} INFO - DAG(s) 'logidata_pipeline_dag' retrieved from /opt/airflow/dags/logidata_pipeline_dag.py
[2026-04-20T18:35:34.081+0000] {logging_mixin.py:188} INFO - [2026-04-20T18:35:34.081+0000] {dag.py:3036} INFO - Sync 1 DAGs
[2026-04-20T18:35:34.102+0000] {logging_mixin.py:188} INFO - [2026-04-20T18:35:34.101+0000] {dag.py:3823} INFO - Setting next_dagrun for logidata_pipeline_dag to None, run_after=None
[2026-04-20T18:35:34.216+0000] {processor.py:183} INFO - Processing /opt/airflow/dags/logidata_pipeline_dag.py took 0.400 seconds
[2026-04-20T18:36:06.137+0000] {processor.py:161} INFO - Started process (PID=294) to work on /opt/airflow/dags/logidata_pipeline_dag.py
[2026-04-20T18:36:06.138+0000] {processor.py:830} INFO - Processing file /opt/airflow/dags/logidata_pipeline_dag.py for tasks to queue
[2026-04-20T18:36:06.139+0000] {logging_mixin.py:188} INFO - [2026-04-20T18:36:06.139+0000] {dagbag.py:538} INFO - Filling up the DagBag from /opt/airflow/dags/logidata_pipeline_dag.py
[2026-04-20T18:36:06.207+0000] {processor.py:840} INFO - DAG(s) 'logidata_pipeline_dag' retrieved from /opt/airflow/dags/logidata_pipeline_dag.py
[2026-04-20T18:36:06.243+0000] {logging_mixin.py:188} INFO - [2026-04-20T18:36:06.242+0000] {dag.py:3036} INFO - Sync 1 DAGs
[2026-04-20T18:36:06.259+0000] {logging_mixin.py:188} INFO - [2026-04-20T18:36:06.259+0000] {dag.py:3823} INFO - Setting next_dagrun for logidata_pipeline_dag to None, run_after=None
[2026-04-20T18:36:06.348+0000] {processor.py:183} INFO - Processing /opt/airflow/dags/logidata_pipeline_dag.py took 0.214 seconds
[2026-04-20T18:36:39.522+0000] {processor.py:161} INFO - Started process (PID=295) to work on /opt/airflow/dags/logidata_pipeline_dag.py
[2026-04-20T18:36:39.524+0000] {processor.py:830} INFO - Processing file /opt/airflow/dags/logidata_pipeline_dag.py for tasks to queue
[2026-04-20T18:36:39.525+0000] {logging_mixin.py:188} INFO - [2026-04-20T18:36:39.525+0000] {dagbag.py:538} INFO - Filling up the DagBag from /opt/airflow/dags/logidata_pipeline_dag.py
[2026-04-20T18:36:39.601+0000] {processor.py:840} INFO - DAG(s) 'logidata_pipeline_dag' retrieved from /opt/airflow/dags/logidata_pipeline_dag.py
[2026-04-20T18:36:39.636+0000] {logging_mixin.py:188} INFO - [2026-04-20T18:36:39.636+0000] {dag.py:3036} INFO - Sync 1 DAGs
[2026-04-20T18:36:39.652+0000] {logging_mixin.py:188} INFO - [2026-04-20T18:36:39.652+0000] {dag.py:3823} INFO - Setting next_dagrun for logidata_pipeline_dag to None, run_after=None
[2026-04-20T18:36:39.729+0000] {processor.py:183} INFO - Processing /opt/airflow/dags/logidata_pipeline_dag.py took 0.209 seconds
[2026-04-20T18:37:10.774+0000] {processor.py:161} INFO - Started process (PID=296) to work on /opt/airflow/dags/logidata_pipeline_dag.py
[2026-04-20T18:37:10.776+0000] {processor.py:830} INFO - Processing file /opt/airflow/dags/logidata_pipeline_dag.py for tasks to queue
[2026-04-20T18:37:10.777+0000] {logging_mixin.py:188} INFO - [2026-04-20T18:37:10.777+0000] {dagbag.py:538} INFO - Filling up the DagBag from /opt/airflow/dags/logidata_pipeline_dag.py
[2026-04-20T18:37:10.849+0000] {processor.py:840} INFO - DAG(s) 'logidata_pipeline_dag' retrieved from /opt/airflow/dags/logidata_pipeline_dag.py
[2026-04-20T18:37:10.899+0000] {logging_mixin.py:188} INFO - [2026-04-20T18:37:10.899+0000] {dag.py:3036} INFO - Sync 1 DAGs
[2026-04-20T18:37:10.918+0000] {logging_mixin.py:188} INFO - [2026-04-20T18:37:10.918+0000] {dag.py:3823} INFO - Setting next_dagrun for logidata_pipeline_dag to None, run_after=None
[2026-04-20T18:37:11.137+0000] {processor.py:183} INFO - Processing /opt/airflow/dags/logidata_pipeline_dag.py took 0.365 seconds
[2026-04-20T18:37:41.596+0000] {processor.py:161} INFO - Started process (PID=297) to work on /opt/airflow/dags/logidata_pipeline_dag.py
[2026-04-20T18:37:41.598+0000] {processor.py:830} INFO - Processing file /opt/airflow/dags/logidata_pipeline_dag.py for tasks to queue
[2026-04-20T18:37:41.600+0000] {logging_mixin.py:188} INFO - [2026-04-20T18:37:41.600+0000] {dagbag.py:538} INFO - Filling up the DagBag from /opt/airflow/dags/logidata_pipeline_dag.py
[2026-04-20T18:37:41.675+0000] {processor.py:840} INFO - DAG(s) 'logidata_pipeline_dag' retrieved from /opt/airflow/dags/logidata_pipeline_dag.py
[2026-04-20T18:37:41.873+0000] {logging_mixin.py:188} INFO - [2026-04-20T18:37:41.873+0000] {dag.py:3036} INFO - Sync 1 DAGs
[2026-04-20T18:37:41.890+0000] {logging_mixin.py:188} INFO - [2026-04-20T18:37:41.889+0000] {dag.py:3823} INFO - Setting next_dagrun for logidata_pipeline_dag to None, run_after=None
[2026-04-20T18:37:42.040+0000] {processor.py:183} INFO - Processing /opt/airflow/dags/logidata_pipeline_dag.py took 0.448 seconds
[2026-04-20T18:38:12.241+0000] {processor.py:161} INFO - Started process (PID=298) to work on /opt/airflow/dags/logidata_pipeline_dag.py
[2026-04-20T18:38:12.243+0000] {processor.py:830} INFO - Processing file /opt/airflow/dags/logidata_pipeline_dag.py for tasks to queue
[2026-04-20T18:38:12.244+0000] {logging_mixin.py:188} INFO - [2026-04-20T18:38:12.243+0000] {dagbag.py:538} INFO - Filling up the DagBag from /opt/airflow/dags/logidata_pipeline_dag.py
[2026-04-20T18:38:12.423+0000] {processor.py:840} INFO - DAG(s) 'logidata_pipeline_dag' retrieved from /opt/airflow/dags/logidata_pipeline_dag.py
[2026-04-20T18:38:12.462+0000] {logging_mixin.py:188} INFO - [2026-04-20T18:38:12.462+0000] {dag.py:3036} INFO - Sync 1 DAGs
[2026-04-20T18:38:12.475+0000] {logging_mixin.py:188} INFO - [2026-04-20T18:38:12.475+0000] {dag.py:3823} INFO - Setting next_dagrun for logidata_pipeline_dag to None, run_after=None
[2026-04-20T18:38:12.540+0000] {processor.py:183} INFO - Processing /opt/airflow/dags/logidata_pipeline_dag.py took 0.302 seconds
[2026-04-20T18:38:44.441+0000] {processor.py:161} INFO - Started process (PID=299) to work on /opt/airflow/dags/logidata_pipeline_dag.py
[2026-04-20T18:38:44.446+0000] {processor.py:830} INFO - Processing file /opt/airflow/dags/logidata_pipeline_dag.py for tasks to queue
[2026-04-20T18:38:44.447+0000] {logging_mixin.py:188} INFO - [2026-04-20T18:38:44.447+0000] {dagbag.py:538} INFO - Filling up the DagBag from /opt/airflow/dags/logidata_pipeline_dag.py
[2026-04-20T18:38:44.539+0000] {processor.py:840} INFO - DAG(s) 'logidata_pipeline_dag' retrieved from /opt/airflow/dags/logidata_pipeline_dag.py
[2026-04-20T18:38:44.590+0000] {logging_mixin.py:188} INFO - [2026-04-20T18:38:44.590+0000] {dag.py:3036} INFO - Sync 1 DAGs
[2026-04-20T18:38:44.606+0000] {logging_mixin.py:188} INFO - [2026-04-20T18:38:44.606+0000] {dag.py:3823} INFO - Setting next_dagrun for logidata_pipeline_dag to None, run_after=None
[2026-04-20T18:38:44.769+0000] {processor.py:183} INFO - Processing /opt/airflow/dags/logidata_pipeline_dag.py took 0.332 seconds
[2026-04-20T18:39:17.547+0000] {processor.py:161} INFO - Started process (PID=300) to work on /opt/airflow/dags/logidata_pipeline_dag.py
[2026-04-20T18:39:17.548+0000] {processor.py:830} INFO - Processing file /opt/airflow/dags/logidata_pipeline_dag.py for tasks to queue
[2026-04-20T18:39:17.550+0000] {logging_mixin.py:188} INFO - [2026-04-20T18:39:17.549+0000] {dagbag.py:538} INFO - Filling up the DagBag from /opt/airflow/dags/logidata_pipeline_dag.py
[2026-04-20T18:39:17.623+0000] {processor.py:840} INFO - DAG(s) 'logidata_pipeline_dag' retrieved from /opt/airflow/dags/logidata_pipeline_dag.py
[2026-04-20T18:39:17.665+0000] {logging_mixin.py:188} INFO - [2026-04-20T18:39:17.665+0000] {dag.py:3036} INFO - Sync 1 DAGs
[2026-04-20T18:39:17.809+0000] {logging_mixin.py:188} INFO - [2026-04-20T18:39:17.809+0000] {dag.py:3823} INFO - Setting next_dagrun for logidata_pipeline_dag to None, run_after=None
[2026-04-20T18:39:17.919+0000] {processor.py:183} INFO - Processing /opt/airflow/dags/logidata_pipeline_dag.py took 0.375 seconds
[2026-04-20T18:39:50.467+0000] {processor.py:161} INFO - Started process (PID=301) to work on /opt/airflow/dags/logidata_pipeline_dag.py
[2026-04-20T18:39:50.469+0000] {processor.py:830} INFO - Processing file /opt/airflow/dags/logidata_pipeline_dag.py for tasks to queue
[2026-04-20T18:39:50.471+0000] {logging_mixin.py:188} INFO - [2026-04-20T18:39:50.470+0000] {dagbag.py:538} INFO - Filling up the DagBag from /opt/airflow/dags/logidata_pipeline_dag.py
[2026-04-20T18:39:50.545+0000] {processor.py:840} INFO - DAG(s) 'logidata_pipeline_dag' retrieved from /opt/airflow/dags/logidata_pipeline_dag.py
[2026-04-20T18:39:50.730+0000] {logging_mixin.py:188} INFO - [2026-04-20T18:39:50.730+0000] {dag.py:3036} INFO - Sync 1 DAGs
[2026-04-20T18:39:50.745+0000] {logging_mixin.py:188} INFO - [2026-04-20T18:39:50.745+0000] {dag.py:3823} INFO - Setting next_dagrun for logidata_pipeline_dag to None, run_after=None
[2026-04-20T18:39:50.869+0000] {processor.py:183} INFO - Processing /opt/airflow/dags/logidata_pipeline_dag.py took 0.405 seconds
[2026-04-20T18:40:21.726+0000] {processor.py:161} INFO - Started process (PID=302) to work on /opt/airflow/dags/logidata_pipeline_dag.py
[2026-04-20T18:40:21.728+0000] {processor.py:830} INFO - Processing file /opt/airflow/dags/logidata_pipeline_dag.py for tasks to queue
[2026-04-20T18:40:21.729+0000] {logging_mixin.py:188} INFO - [2026-04-20T18:40:21.729+0000] {dagbag.py:538} INFO - Filling up the DagBag from /opt/airflow/dags/logidata_pipeline_dag.py
[2026-04-20T18:40:21.935+0000] {processor.py:840} INFO - DAG(s) 'logidata_pipeline_dag' retrieved from /opt/airflow/dags/logidata_pipeline_dag.py
[2026-04-20T18:40:21.979+0000] {logging_mixin.py:188} INFO - [2026-04-20T18:40:21.979+0000] {dag.py:3036} INFO - Sync 1 DAGs
[2026-04-20T18:40:21.997+0000] {logging_mixin.py:188} INFO - [2026-04-20T18:40:21.997+0000] {dag.py:3823} INFO - Setting next_dagrun for logidata_pipeline_dag to None, run_after=None
[2026-04-20T18:40:22.141+0000] {processor.py:183} INFO - Processing /opt/airflow/dags/logidata_pipeline_dag.py took 0.418 seconds
[2026-04-20T18:40:52.802+0000] {processor.py:161} INFO - Started process (PID=303) to work on /opt/airflow/dags/logidata_pipeline_dag.py
[2026-04-20T18:40:52.805+0000] {processor.py:830} INFO - Processing file /opt/airflow/dags/logidata_pipeline_dag.py for tasks to queue
[2026-04-20T18:40:52.806+0000] {logging_mixin.py:188} INFO - [2026-04-20T18:40:52.806+0000] {dagbag.py:538} INFO - Filling up the DagBag from /opt/airflow/dags/logidata_pipeline_dag.py
[2026-04-20T18:40:52.891+0000] {processor.py:840} INFO - DAG(s) 'logidata_pipeline_dag' retrieved from /opt/airflow/dags/logidata_pipeline_dag.py
[2026-04-20T18:40:52.936+0000] {logging_mixin.py:188} INFO - [2026-04-20T18:40:52.936+0000] {dag.py:3036} INFO - Sync 1 DAGs
[2026-04-20T18:40:52.953+0000] {logging_mixin.py:188} INFO - [2026-04-20T18:40:52.953+0000] {dag.py:3823} INFO - Setting next_dagrun for logidata_pipeline_dag to None, run_after=None
[2026-04-20T18:40:53.031+0000] {processor.py:183} INFO - Processing /opt/airflow/dags/logidata_pipeline_dag.py took 0.234 seconds
[2026-04-20T18:41:23.278+0000] {processor.py:161} INFO - Started process (PID=304) to work on /opt/airflow/dags/logidata_pipeline_dag.py
[2026-04-20T18:41:23.279+0000] {processor.py:830} INFO - Processing file /opt/airflow/dags/logidata_pipeline_dag.py for tasks to queue
[2026-04-20T18:41:23.280+0000] {logging_mixin.py:188} INFO - [2026-04-20T18:41:23.280+0000] {dagbag.py:538} INFO - Filling up the DagBag from /opt/airflow/dags/logidata_pipeline_dag.py
[2026-04-20T18:41:23.366+0000] {processor.py:840} INFO - DAG(s) 'logidata_pipeline_dag' retrieved from /opt/airflow/dags/logidata_pipeline_dag.py
[2026-04-20T18:41:23.403+0000] {logging_mixin.py:188} INFO - [2026-04-20T18:41:23.403+0000] {dag.py:3036} INFO - Sync 1 DAGs
[2026-04-20T18:41:23.431+0000] {logging_mixin.py:188} INFO - [2026-04-20T18:41:23.431+0000] {dag.py:3823} INFO - Setting next_dagrun for logidata_pipeline_dag to None, run_after=None
[2026-04-20T18:41:23.657+0000] {processor.py:183} INFO - Processing /opt/airflow/dags/logidata_pipeline_dag.py took 0.383 seconds
[2026-04-20T18:41:55.422+0000] {processor.py:161} INFO - Started process (PID=305) to work on /opt/airflow/dags/logidata_pipeline_dag.py
[2026-04-20T18:41:55.424+0000] {processor.py:830} INFO - Processing file /opt/airflow/dags/logidata_pipeline_dag.py for tasks to queue
[2026-04-20T18:41:55.426+0000] {logging_mixin.py:188} INFO - [2026-04-20T18:41:55.425+0000] {dagbag.py:538} INFO - Filling up the DagBag from /opt/airflow/dags/logidata_pipeline_dag.py
[2026-04-20T18:41:55.497+0000] {processor.py:840} INFO - DAG(s) 'logidata_pipeline_dag' retrieved from /opt/airflow/dags/logidata_pipeline_dag.py
[2026-04-20T18:41:55.688+0000] {logging_mixin.py:188} INFO - [2026-04-20T18:41:55.687+0000] {dag.py:3036} INFO - Sync 1 DAGs
[2026-04-20T18:41:55.701+0000] {logging_mixin.py:188} INFO - [2026-04-20T18:41:55.701+0000] {dag.py:3823} INFO - Setting next_dagrun for logidata_pipeline_dag to None, run_after=None
[2026-04-20T18:41:55.805+0000] {processor.py:183} INFO - Processing /opt/airflow/dags/logidata_pipeline_dag.py took 0.386 seconds
[2026-04-20T18:42:43.089+0000] {processor.py:161} INFO - Started process (PID=307) to work on /opt/airflow/dags/logidata_pipeline_dag.py
[2026-04-20T18:42:43.091+0000] {processor.py:830} INFO - Processing file /opt/airflow/dags/logidata_pipeline_dag.py for tasks to queue
[2026-04-20T18:42:43.093+0000] {logging_mixin.py:188} INFO - [2026-04-20T18:42:43.092+0000] {dagbag.py:538} INFO - Filling up the DagBag from /opt/airflow/dags/logidata_pipeline_dag.py
[2026-04-20T18:42:43.507+0000] {processor.py:840} INFO - DAG(s) 'logidata_pipeline_dag' retrieved from /opt/airflow/dags/logidata_pipeline_dag.py
[2026-04-20T18:42:43.580+0000] {logging_mixin.py:188} INFO - [2026-04-20T18:42:43.580+0000] {dag.py:3036} INFO - Sync 1 DAGs
[2026-04-20T18:42:43.610+0000] {logging_mixin.py:188} INFO - [2026-04-20T18:42:43.610+0000] {dag.py:3823} INFO - Setting next_dagrun for logidata_pipeline_dag to None, run_after=None
[2026-04-20T18:42:43.749+0000] {processor.py:183} INFO - Processing /opt/airflow/dags/logidata_pipeline_dag.py took 0.666 seconds
[2026-04-20T18:43:14.059+0000] {processor.py:161} INFO - Started process (PID=309) to work on /opt/airflow/dags/logidata_pipeline_dag.py
[2026-04-20T18:43:14.061+0000] {processor.py:830} INFO - Processing file /opt/airflow/dags/logidata_pipeline_dag.py for tasks to queue
[2026-04-20T18:43:14.062+0000] {logging_mixin.py:188} INFO - [2026-04-20T18:43:14.062+0000] {dagbag.py:538} INFO - Filling up the DagBag from /opt/airflow/dags/logidata_pipeline_dag.py
[2026-04-20T18:43:14.307+0000] {processor.py:840} INFO - DAG(s) 'logidata_pipeline_dag' retrieved from /opt/airflow/dags/logidata_pipeline_dag.py
[2026-04-20T18:43:14.360+0000] {logging_mixin.py:188} INFO - [2026-04-20T18:43:14.360+0000] {dag.py:3036} INFO - Sync 1 DAGs
[2026-04-20T18:43:14.376+0000] {logging_mixin.py:188} INFO - [2026-04-20T18:43:14.375+0000] {dag.py:3823} INFO - Setting next_dagrun for logidata_pipeline_dag to None, run_after=None
[2026-04-20T18:43:14.518+0000] {processor.py:183} INFO - Processing /opt/airflow/dags/logidata_pipeline_dag.py took 0.462 seconds
[2026-04-20T18:43:45.624+0000] {processor.py:161} INFO - Started process (PID=310) to work on /opt/airflow/dags/logidata_pipeline_dag.py
[2026-04-20T18:43:45.625+0000] {processor.py:830} INFO - Processing file /opt/airflow/dags/logidata_pipeline_dag.py for tasks to queue
[2026-04-20T18:43:45.627+0000] {logging_mixin.py:188} INFO - [2026-04-20T18:43:45.626+0000] {dagbag.py:538} INFO - Filling up the DagBag from /opt/airflow/dags/logidata_pipeline_dag.py
[2026-04-20T18:43:45.694+0000] {processor.py:840} INFO - DAG(s) 'logidata_pipeline_dag' retrieved from /opt/airflow/dags/logidata_pipeline_dag.py
[2026-04-20T18:43:45.741+0000] {logging_mixin.py:188} INFO - [2026-04-20T18:43:45.741+0000] {dag.py:3036} INFO - Sync 1 DAGs
[2026-04-20T18:43:45.889+0000] {logging_mixin.py:188} INFO - [2026-04-20T18:43:45.889+0000] {dag.py:3823} INFO - Setting next_dagrun for logidata_pipeline_dag to None, run_after=None
[2026-04-20T18:43:46.016+0000] {processor.py:183} INFO - Processing /opt/airflow/dags/logidata_pipeline_dag.py took 0.395 seconds
[2026-04-20T18:44:16.541+0000] {processor.py:161} INFO - Started process (PID=311) to work on /opt/airflow/dags/logidata_pipeline_dag.py
[2026-04-20T18:44:16.543+0000] {processor.py:830} INFO - Processing file /opt/airflow/dags/logidata_pipeline_dag.py for tasks to queue
[2026-04-20T18:44:16.545+0000] {logging_mixin.py:188} INFO - [2026-04-20T18:44:16.544+0000] {dagbag.py:538} INFO - Filling up the DagBag from /opt/airflow/dags/logidata_pipeline_dag.py
[2026-04-20T18:44:16.641+0000] {processor.py:840} INFO - DAG(s) 'logidata_pipeline_dag' retrieved from /opt/airflow/dags/logidata_pipeline_dag.py
[2026-04-20T18:44:16.829+0000] {logging_mixin.py:188} INFO - [2026-04-20T18:44:16.829+0000] {dag.py:3036} INFO - Sync 1 DAGs
[2026-04-20T18:44:16.842+0000] {logging_mixin.py:188} INFO - [2026-04-20T18:44:16.842+0000] {dag.py:3823} INFO - Setting next_dagrun for logidata_pipeline_dag to None, run_after=None
[2026-04-20T18:44:16.970+0000] {processor.py:183} INFO - Processing /opt/airflow/dags/logidata_pipeline_dag.py took 0.435 seconds
[2026-04-20T18:44:47.638+0000] {processor.py:161} INFO - Started process (PID=312) to work on /opt/airflow/dags/logidata_pipeline_dag.py
[2026-04-20T18:44:47.639+0000] {processor.py:830} INFO - Processing file /opt/airflow/dags/logidata_pipeline_dag.py for tasks to queue
[2026-04-20T18:44:47.640+0000] {logging_mixin.py:188} INFO - [2026-04-20T18:44:47.640+0000] {dagbag.py:538} INFO - Filling up the DagBag from /opt/airflow/dags/logidata_pipeline_dag.py
[2026-04-20T18:44:47.843+0000] {processor.py:840} INFO - DAG(s) 'logidata_pipeline_dag' retrieved from /opt/airflow/dags/logidata_pipeline_dag.py
[2026-04-20T18:44:47.882+0000] {logging_mixin.py:188} INFO - [2026-04-20T18:44:47.882+0000] {dag.py:3036} INFO - Sync 1 DAGs
[2026-04-20T18:44:47.896+0000] {logging_mixin.py:188} INFO - [2026-04-20T18:44:47.896+0000] {dag.py:3823} INFO - Setting next_dagrun for logidata_pipeline_dag to None, run_after=None
[2026-04-20T18:44:48.031+0000] {processor.py:183} INFO - Processing /opt/airflow/dags/logidata_pipeline_dag.py took 0.396 seconds
[2026-04-20T18:45:18.401+0000] {processor.py:161} INFO - Started process (PID=313) to work on /opt/airflow/dags/logidata_pipeline_dag.py
[2026-04-20T18:45:18.403+0000] {processor.py:830} INFO - Processing file /opt/airflow/dags/logidata_pipeline_dag.py for tasks to queue
[2026-04-20T18:45:18.404+0000] {logging_mixin.py:188} INFO - [2026-04-20T18:45:18.404+0000] {dagbag.py:538} INFO - Filling up the DagBag from /opt/airflow/dags/logidata_pipeline_dag.py
[2026-04-20T18:45:18.632+0000] {processor.py:840} INFO - DAG(s) 'logidata_pipeline_dag' retrieved from /opt/airflow/dags/logidata_pipeline_dag.py
[2026-04-20T18:45:18.693+0000] {logging_mixin.py:188} INFO - [2026-04-20T18:45:18.692+0000] {dag.py:3036} INFO - Sync 1 DAGs
[2026-04-20T18:45:18.712+0000] {logging_mixin.py:188} INFO - [2026-04-20T18:45:18.712+0000] {dag.py:3823} INFO - Setting next_dagrun for logidata_pipeline_dag to None, run_after=None
[2026-04-20T18:45:18.887+0000] {processor.py:183} INFO - Processing /opt/airflow/dags/logidata_pipeline_dag.py took 0.489 seconds
[2026-04-20T18:45:49.715+0000] {processor.py:161} INFO - Started process (PID=314) to work on /opt/airflow/dags/logidata_pipeline_dag.py
[2026-04-20T18:45:49.717+0000] {processor.py:830} INFO - Processing file /opt/airflow/dags/logidata_pipeline_dag.py for tasks to queue
[2026-04-20T18:45:49.718+0000] {logging_mixin.py:188} INFO - [2026-04-20T18:45:49.717+0000] {dagbag.py:538} INFO - Filling up the DagBag from /opt/airflow/dags/logidata_pipeline_dag.py
[2026-04-20T18:45:49.792+0000] {processor.py:840} INFO - DAG(s) 'logidata_pipeline_dag' retrieved from /opt/airflow/dags/logidata_pipeline_dag.py
[2026-04-20T18:45:49.835+0000] {logging_mixin.py:188} INFO - [2026-04-20T18:45:49.835+0000] {dag.py:3036} INFO - Sync 1 DAGs
[2026-04-20T18:45:49.853+0000] {logging_mixin.py:188} INFO - [2026-04-20T18:45:49.853+0000] {dag.py:3823} INFO - Setting next_dagrun for logidata_pipeline_dag to None, run_after=None
[2026-04-20T18:45:50.159+0000] {processor.py:183} INFO - Processing /opt/airflow/dags/logidata_pipeline_dag.py took 0.447 seconds
[2026-04-20T18:46:20.562+0000] {processor.py:161} INFO - Started process (PID=315) to work on /opt/airflow/dags/logidata_pipeline_dag.py
[2026-04-20T18:46:20.565+0000] {processor.py:830} INFO - Processing file /opt/airflow/dags/logidata_pipeline_dag.py for tasks to queue
[2026-04-20T18:46:20.568+0000] {logging_mixin.py:188} INFO - [2026-04-20T18:46:20.567+0000] {dagbag.py:538} INFO - Filling up the DagBag from /opt/airflow/dags/logidata_pipeline_dag.py
[2026-04-20T18:46:20.669+0000] {processor.py:840} INFO - DAG(s) 'logidata_pipeline_dag' retrieved from /opt/airflow/dags/logidata_pipeline_dag.py
[2026-04-20T18:46:20.845+0000] {logging_mixin.py:188} INFO - [2026-04-20T18:46:20.844+0000] {dag.py:3036} INFO - Sync 1 DAGs
[2026-04-20T18:46:20.859+0000] {logging_mixin.py:188} INFO - [2026-04-20T18:46:20.859+0000] {dag.py:3823} INFO - Setting next_dagrun for logidata_pipeline_dag to None, run_after=None
[2026-04-20T18:46:20.993+0000] {processor.py:183} INFO - Processing /opt/airflow/dags/logidata_pipeline_dag.py took 0.440 seconds
[2026-04-20T18:46:51.202+0000] {processor.py:161} INFO - Started process (PID=316) to work on /opt/airflow/dags/logidata_pipeline_dag.py
[2026-04-20T18:46:51.204+0000] {processor.py:830} INFO - Processing file /opt/airflow/dags/logidata_pipeline_dag.py for tasks to queue
[2026-04-20T18:46:51.205+0000] {logging_mixin.py:188} INFO - [2026-04-20T18:46:51.205+0000] {dagbag.py:538} INFO - Filling up the DagBag from /opt/airflow/dags/logidata_pipeline_dag.py
[2026-04-20T18:46:51.411+0000] {processor.py:840} INFO - DAG(s) 'logidata_pipeline_dag' retrieved from /opt/airflow/dags/logidata_pipeline_dag.py
[2026-04-20T18:46:51.457+0000] {logging_mixin.py:188} INFO - [2026-04-20T18:46:51.457+0000] {dag.py:3036} INFO - Sync 1 DAGs
[2026-04-20T18:46:51.473+0000] {logging_mixin.py:188} INFO - [2026-04-20T18:46:51.472+0000] {dag.py:3823} INFO - Setting next_dagrun for logidata_pipeline_dag to None, run_after=None
[2026-04-20T18:46:51.579+0000] {processor.py:183} INFO - Processing /opt/airflow/dags/logidata_pipeline_dag.py took 0.380 seconds
[2026-04-20T18:47:21.803+0000] {processor.py:161} INFO - Started process (PID=317) to work on /opt/airflow/dags/logidata_pipeline_dag.py
[2026-04-20T18:47:21.805+0000] {processor.py:830} INFO - Processing file /opt/airflow/dags/logidata_pipeline_dag.py for tasks to queue
[2026-04-20T18:47:21.806+0000] {logging_mixin.py:188} INFO - [2026-04-20T18:47:21.806+0000] {dagbag.py:538} INFO - Filling up the DagBag from /opt/airflow/dags/logidata_pipeline_dag.py
[2026-04-20T18:47:22.034+0000] {processor.py:840} INFO - DAG(s) 'logidata_pipeline_dag' retrieved from /opt/airflow/dags/logidata_pipeline_dag.py
[2026-04-20T18:47:22.067+0000] {logging_mixin.py:188} INFO - [2026-04-20T18:47:22.066+0000] {dag.py:3036} INFO - Sync 1 DAGs
[2026-04-20T18:47:22.081+0000] {logging_mixin.py:188} INFO - [2026-04-20T18:47:22.081+0000] {dag.py:3823} INFO - Setting next_dagrun for logidata_pipeline_dag to None, run_after=None
[2026-04-20T18:47:22.138+0000] {processor.py:183} INFO - Processing /opt/airflow/dags/logidata_pipeline_dag.py took 0.338 seconds
[2026-04-20T18:47:52.838+0000] {processor.py:161} INFO - Started process (PID=318) to work on /opt/airflow/dags/logidata_pipeline_dag.py
[2026-04-20T18:47:52.839+0000] {processor.py:830} INFO - Processing file /opt/airflow/dags/logidata_pipeline_dag.py for tasks to queue
[2026-04-20T18:47:52.841+0000] {logging_mixin.py:188} INFO - [2026-04-20T18:47:52.840+0000] {dagbag.py:538} INFO - Filling up the DagBag from /opt/airflow/dags/logidata_pipeline_dag.py
[2026-04-20T18:47:53.048+0000] {processor.py:840} INFO - DAG(s) 'logidata_pipeline_dag' retrieved from /opt/airflow/dags/logidata_pipeline_dag.py
[2026-04-20T18:47:53.092+0000] {logging_mixin.py:188} INFO - [2026-04-20T18:47:53.092+0000] {dag.py:3036} INFO - Sync 1 DAGs
[2026-04-20T18:47:53.114+0000] {logging_mixin.py:188} INFO - [2026-04-20T18:47:53.113+0000] {dag.py:3823} INFO - Setting next_dagrun for logidata_pipeline_dag to None, run_after=None
[2026-04-20T18:47:53.276+0000] {processor.py:183} INFO - Processing /opt/airflow/dags/logidata_pipeline_dag.py took 0.442 seconds
[2026-04-20T18:48:23.987+0000] {processor.py:161} INFO - Started process (PID=319) to work on /opt/airflow/dags/logidata_pipeline_dag.py
[2026-04-20T18:48:23.989+0000] {processor.py:830} INFO - Processing file /opt/airflow/dags/logidata_pipeline_dag.py for tasks to queue
[2026-04-20T18:48:23.990+0000] {logging_mixin.py:188} INFO - [2026-04-20T18:48:23.990+0000] {dagbag.py:538} INFO - Filling up the DagBag from /opt/airflow/dags/logidata_pipeline_dag.py
[2026-04-20T18:48:24.056+0000] {processor.py:840} INFO - DAG(s) 'logidata_pipeline_dag' retrieved from /opt/airflow/dags/logidata_pipeline_dag.py
[2026-04-20T18:48:24.116+0000] {logging_mixin.py:188} INFO - [2026-04-20T18:48:24.115+0000] {dag.py:3036} INFO - Sync 1 DAGs
[2026-04-20T18:48:24.288+0000] {logging_mixin.py:188} INFO - [2026-04-20T18:48:24.288+0000] {dag.py:3823} INFO - Setting next_dagrun for logidata_pipeline_dag to None, run_after=None
[2026-04-20T18:48:24.448+0000] {processor.py:183} INFO - Processing /opt/airflow/dags/logidata_pipeline_dag.py took 0.464 seconds
[2026-04-20T18:48:55.429+0000] {processor.py:161} INFO - Started process (PID=320) to work on /opt/airflow/dags/logidata_pipeline_dag.py
[2026-04-20T18:48:55.431+0000] {processor.py:830} INFO - Processing file /opt/airflow/dags/logidata_pipeline_dag.py for tasks to queue
[2026-04-20T18:48:55.432+0000] {logging_mixin.py:188} INFO - [2026-04-20T18:48:55.432+0000] {dagbag.py:538} INFO - Filling up the DagBag from /opt/airflow/dags/logidata_pipeline_dag.py
[2026-04-20T18:48:55.527+0000] {processor.py:840} INFO - DAG(s) 'logidata_pipeline_dag' retrieved from /opt/airflow/dags/logidata_pipeline_dag.py
[2026-04-20T18:48:55.712+0000] {logging_mixin.py:188} INFO - [2026-04-20T18:48:55.712+0000] {dag.py:3036} INFO - Sync 1 DAGs
[2026-04-20T18:48:55.731+0000] {logging_mixin.py:188} INFO - [2026-04-20T18:48:55.731+0000] {dag.py:3823} INFO - Setting next_dagrun for logidata_pipeline_dag to None, run_after=None
[2026-04-20T18:48:55.865+0000] {processor.py:183} INFO - Processing /opt/airflow/dags/logidata_pipeline_dag.py took 0.440 seconds
[2026-04-20T18:49:26.492+0000] {processor.py:161} INFO - Started process (PID=321) to work on /opt/airflow/dags/logidata_pipeline_dag.py
[2026-04-20T18:49:26.494+0000] {processor.py:830} INFO - Processing file /opt/airflow/dags/logidata_pipeline_dag.py for tasks to queue
[2026-04-20T18:49:26.495+0000] {logging_mixin.py:188} INFO - [2026-04-20T18:49:26.495+0000] {dagbag.py:538} INFO - Filling up the DagBag from /opt/airflow/dags/logidata_pipeline_dag.py
[2026-04-20T18:49:26.735+0000] {processor.py:840} INFO - DAG(s) 'logidata_pipeline_dag' retrieved from /opt/airflow/dags/logidata_pipeline_dag.py
[2026-04-20T18:49:26.780+0000] {logging_mixin.py:188} INFO - [2026-04-20T18:49:26.780+0000] {dag.py:3036} INFO - Sync 1 DAGs
[2026-04-20T18:49:26.806+0000] {logging_mixin.py:188} INFO - [2026-04-20T18:49:26.806+0000] {dag.py:3823} INFO - Setting next_dagrun for logidata_pipeline_dag to None, run_after=None
[2026-04-20T18:49:26.985+0000] {processor.py:183} INFO - Processing /opt/airflow/dags/logidata_pipeline_dag.py took 0.497 seconds
[2026-04-20T18:49:57.402+0000] {processor.py:161} INFO - Started process (PID=322) to work on /opt/airflow/dags/logidata_pipeline_dag.py
[2026-04-20T18:49:57.404+0000] {processor.py:830} INFO - Processing file /opt/airflow/dags/logidata_pipeline_dag.py for tasks to queue
[2026-04-20T18:49:57.405+0000] {logging_mixin.py:188} INFO - [2026-04-20T18:49:57.405+0000] {dagbag.py:538} INFO - Filling up the DagBag from /opt/airflow/dags/logidata_pipeline_dag.py
[2026-04-20T18:49:57.599+0000] {processor.py:840} INFO - DAG(s) 'logidata_pipeline_dag' retrieved from /opt/airflow/dags/logidata_pipeline_dag.py
[2026-04-20T18:49:57.640+0000] {logging_mixin.py:188} INFO - [2026-04-20T18:49:57.640+0000] {dag.py:3036} INFO - Sync 1 DAGs
[2026-04-20T18:49:57.663+0000] {logging_mixin.py:188} INFO - [2026-04-20T18:49:57.663+0000] {dag.py:3823} INFO - Setting next_dagrun for logidata_pipeline_dag to None, run_after=None
[2026-04-20T18:49:57.816+0000] {processor.py:183} INFO - Processing /opt/airflow/dags/logidata_pipeline_dag.py took 0.417 seconds
[2026-04-20T18:50:28.580+0000] {processor.py:161} INFO - Started process (PID=323) to work on /opt/airflow/dags/logidata_pipeline_dag.py
[2026-04-20T18:50:28.581+0000] {processor.py:830} INFO - Processing file /opt/airflow/dags/logidata_pipeline_dag.py for tasks to queue
[2026-04-20T18:50:28.582+0000] {logging_mixin.py:188} INFO - [2026-04-20T18:50:28.582+0000] {dagbag.py:538} INFO - Filling up the DagBag from /opt/airflow/dags/logidata_pipeline_dag.py
[2026-04-20T18:50:28.774+0000] {processor.py:840} INFO - DAG(s) 'logidata_pipeline_dag' retrieved from /opt/airflow/dags/logidata_pipeline_dag.py
[2026-04-20T18:50:28.815+0000] {logging_mixin.py:188} INFO - [2026-04-20T18:50:28.815+0000] {dag.py:3036} INFO - Sync 1 DAGs
[2026-04-20T18:50:28.830+0000] {logging_mixin.py:188} INFO - [2026-04-20T18:50:28.830+0000] {dag.py:3823} INFO - Setting next_dagrun for logidata_pipeline_dag to None, run_after=None
[2026-04-20T18:50:28.913+0000] {processor.py:183} INFO - Processing /opt/airflow/dags/logidata_pipeline_dag.py took 0.337 seconds
[2026-04-20T18:50:59.522+0000] {processor.py:161} INFO - Started process (PID=324) to work on /opt/airflow/dags/logidata_pipeline_dag.py
[2026-04-20T18:50:59.525+0000] {processor.py:830} INFO - Processing file /opt/airflow/dags/logidata_pipeline_dag.py for tasks to queue
[2026-04-20T18:50:59.528+0000] {logging_mixin.py:188} INFO - [2026-04-20T18:50:59.527+0000] {dagbag.py:538} INFO - Filling up the DagBag from /opt/airflow/dags/logidata_pipeline_dag.py
[2026-04-20T18:50:59.638+0000] {processor.py:840} INFO - DAG(s) 'logidata_pipeline_dag' retrieved from /opt/airflow/dags/logidata_pipeline_dag.py
[2026-04-20T18:50:59.820+0000] {logging_mixin.py:188} INFO - [2026-04-20T18:50:59.820+0000] {dag.py:3036} INFO - Sync 1 DAGs
[2026-04-20T18:50:59.835+0000] {logging_mixin.py:188} INFO - [2026-04-20T18:50:59.835+0000] {dag.py:3823} INFO - Setting next_dagrun for logidata_pipeline_dag to None, run_after=None
[2026-04-20T18:50:59.942+0000] {processor.py:183} INFO - Processing /opt/airflow/dags/logidata_pipeline_dag.py took 0.432 seconds
[2026-04-20T18:51:30.198+0000] {processor.py:161} INFO - Started process (PID=325) to work on /opt/airflow/dags/logidata_pipeline_dag.py
[2026-04-20T18:51:30.200+0000] {processor.py:830} INFO - Processing file /opt/airflow/dags/logidata_pipeline_dag.py for tasks to queue
[2026-04-20T18:51:30.201+0000] {logging_mixin.py:188} INFO - [2026-04-20T18:51:30.201+0000] {dagbag.py:538} INFO - Filling up the DagBag from /opt/airflow/dags/logidata_pipeline_dag.py
[2026-04-20T18:51:30.419+0000] {processor.py:840} INFO - DAG(s) 'logidata_pipeline_dag' retrieved from /opt/airflow/dags/logidata_pipeline_dag.py
[2026-04-20T18:51:30.467+0000] {logging_mixin.py:188} INFO - [2026-04-20T18:51:30.467+0000] {dag.py:3036} INFO - Sync 1 DAGs
[2026-04-20T18:51:30.483+0000] {logging_mixin.py:188} INFO - [2026-04-20T18:51:30.483+0000] {dag.py:3823} INFO - Setting next_dagrun for logidata_pipeline_dag to None, run_after=None
[2026-04-20T18:51:30.561+0000] {processor.py:183} INFO - Processing /opt/airflow/dags/logidata_pipeline_dag.py took 0.366 seconds
[2026-04-20T18:52:01.707+0000] {processor.py:161} INFO - Started process (PID=326) to work on /opt/airflow/dags/logidata_pipeline_dag.py
[2026-04-20T18:52:01.710+0000] {processor.py:830} INFO - Processing file /opt/airflow/dags/logidata_pipeline_dag.py for tasks to queue
[2026-04-20T18:52:01.712+0000] {logging_mixin.py:188} INFO - [2026-04-20T18:52:01.711+0000] {dagbag.py:538} INFO - Filling up the DagBag from /opt/airflow/dags/logidata_pipeline_dag.py
[2026-04-20T18:52:01.946+0000] {processor.py:840} INFO - DAG(s) 'logidata_pipeline_dag' retrieved from /opt/airflow/dags/logidata_pipeline_dag.py
[2026-04-20T18:52:01.982+0000] {logging_mixin.py:188} INFO - [2026-04-20T18:52:01.982+0000] {dag.py:3036} INFO - Sync 1 DAGs
[2026-04-20T18:52:01.996+0000] {logging_mixin.py:188} INFO - [2026-04-20T18:52:01.996+0000] {dag.py:3823} INFO - Setting next_dagrun for logidata_pipeline_dag to None, run_after=None
[2026-04-20T18:52:02.073+0000] {processor.py:183} INFO - Processing /opt/airflow/dags/logidata_pipeline_dag.py took 0.376 seconds
[2026-04-20T18:52:32.535+0000] {processor.py:161} INFO - Started process (PID=327) to work on /opt/airflow/dags/logidata_pipeline_dag.py
[2026-04-20T18:52:32.538+0000] {processor.py:830} INFO - Processing file /opt/airflow/dags/logidata_pipeline_dag.py for tasks to queue
[2026-04-20T18:52:32.540+0000] {logging_mixin.py:188} INFO - [2026-04-20T18:52:32.539+0000] {dagbag.py:538} INFO - Filling up the DagBag from /opt/airflow/dags/logidata_pipeline_dag.py
[2026-04-20T18:52:32.759+0000] {processor.py:840} INFO - DAG(s) 'logidata_pipeline_dag' retrieved from /opt/airflow/dags/logidata_pipeline_dag.py
[2026-04-20T18:52:32.805+0000] {logging_mixin.py:188} INFO - [2026-04-20T18:52:32.804+0000] {dag.py:3036} INFO - Sync 1 DAGs
[2026-04-20T18:52:32.820+0000] {logging_mixin.py:188} INFO - [2026-04-20T18:52:32.820+0000] {dag.py:3823} INFO - Setting next_dagrun for logidata_pipeline_dag to None, run_after=None
[2026-04-20T18:52:32.974+0000] {processor.py:183} INFO - Processing /opt/airflow/dags/logidata_pipeline_dag.py took 0.444 seconds
[2026-04-20T18:53:03.270+0000] {processor.py:161} INFO - Started process (PID=328) to work on /opt/airflow/dags/logidata_pipeline_dag.py
[2026-04-20T18:53:03.272+0000] {processor.py:830} INFO - Processing file /opt/airflow/dags/logidata_pipeline_dag.py for tasks to queue
[2026-04-20T18:53:03.274+0000] {logging_mixin.py:188} INFO - [2026-04-20T18:53:03.273+0000] {dagbag.py:538} INFO - Filling up the DagBag from /opt/airflow/dags/logidata_pipeline_dag.py
[2026-04-20T18:53:03.529+0000] {processor.py:840} INFO - DAG(s) 'logidata_pipeline_dag' retrieved from /opt/airflow/dags/logidata_pipeline_dag.py
[2026-04-20T18:53:03.553+0000] {logging_mixin.py:188} INFO - [2026-04-20T18:53:03.553+0000] {dag.py:3036} INFO - Sync 1 DAGs
[2026-04-20T18:53:03.569+0000] {logging_mixin.py:188} INFO - [2026-04-20T18:53:03.569+0000] {dag.py:3823} INFO - Setting next_dagrun for logidata_pipeline_dag to None, run_after=None
[2026-04-20T18:53:03.644+0000] {processor.py:183} INFO - Processing /opt/airflow/dags/logidata_pipeline_dag.py took 0.377 seconds
[2026-04-20T18:53:34.568+0000] {processor.py:161} INFO - Started process (PID=329) to work on /opt/airflow/dags/logidata_pipeline_dag.py
[2026-04-20T18:53:34.570+0000] {processor.py:830} INFO - Processing file /opt/airflow/dags/logidata_pipeline_dag.py for tasks to queue
[2026-04-20T18:53:34.571+0000] {logging_mixin.py:188} INFO - [2026-04-20T18:53:34.571+0000] {dagbag.py:538} INFO - Filling up the DagBag from /opt/airflow/dags/logidata_pipeline_dag.py
[2026-04-20T18:53:34.776+0000] {processor.py:840} INFO - DAG(s) 'logidata_pipeline_dag' retrieved from /opt/airflow/dags/logidata_pipeline_dag.py
[2026-04-20T18:53:34.804+0000] {logging_mixin.py:188} INFO - [2026-04-20T18:53:34.804+0000] {dag.py:3036} INFO - Sync 1 DAGs
[2026-04-20T18:53:34.816+0000] {logging_mixin.py:188} INFO - [2026-04-20T18:53:34.816+0000] {dag.py:3823} INFO - Setting next_dagrun for logidata_pipeline_dag to None, run_after=None
[2026-04-20T18:53:34.885+0000] {processor.py:183} INFO - Processing /opt/airflow/dags/logidata_pipeline_dag.py took 0.320 seconds
[2026-04-20T18:54:05.781+0000] {processor.py:161} INFO - Started process (PID=330) to work on /opt/airflow/dags/logidata_pipeline_dag.py
[2026-04-20T18:54:05.782+0000] {processor.py:830} INFO - Processing file /opt/airflow/dags/logidata_pipeline_dag.py for tasks to queue
[2026-04-20T18:54:05.784+0000] {logging_mixin.py:188} INFO - [2026-04-20T18:54:05.784+0000] {dagbag.py:538} INFO - Filling up the DagBag from /opt/airflow/dags/logidata_pipeline_dag.py
[2026-04-20T18:54:05.992+0000] {processor.py:840} INFO - DAG(s) 'logidata_pipeline_dag' retrieved from /opt/airflow/dags/logidata_pipeline_dag.py
[2026-04-20T18:54:06.034+0000] {logging_mixin.py:188} INFO - [2026-04-20T18:54:06.034+0000] {dag.py:3036} INFO - Sync 1 DAGs
[2026-04-20T18:54:06.050+0000] {logging_mixin.py:188} INFO - [2026-04-20T18:54:06.049+0000] {dag.py:3823} INFO - Setting next_dagrun for logidata_pipeline_dag to None, run_after=None
[2026-04-20T18:54:06.121+0000] {processor.py:183} INFO - Processing /opt/airflow/dags/logidata_pipeline_dag.py took 0.343 seconds
[2026-04-20T18:54:37.218+0000] {processor.py:161} INFO - Started process (PID=331) to work on /opt/airflow/dags/logidata_pipeline_dag.py
[2026-04-20T18:54:37.220+0000] {processor.py:830} INFO - Processing file /opt/airflow/dags/logidata_pipeline_dag.py for tasks to queue
[2026-04-20T18:54:37.222+0000] {logging_mixin.py:188} INFO - [2026-04-20T18:54:37.221+0000] {dagbag.py:538} INFO - Filling up the DagBag from /opt/airflow/dags/logidata_pipeline_dag.py
[2026-04-20T18:54:37.564+0000] {processor.py:840} INFO - DAG(s) 'logidata_pipeline_dag' retrieved from /opt/airflow/dags/logidata_pipeline_dag.py
[2026-04-20T18:54:37.596+0000] {logging_mixin.py:188} INFO - [2026-04-20T18:54:37.596+0000] {dag.py:3036} INFO - Sync 1 DAGs
[2026-04-20T18:54:37.616+0000] {logging_mixin.py:188} INFO - [2026-04-20T18:54:37.615+0000] {dag.py:3823} INFO - Setting next_dagrun for logidata_pipeline_dag to None, run_after=None
[2026-04-20T18:54:37.820+0000] {processor.py:183} INFO - Processing /opt/airflow/dags/logidata_pipeline_dag.py took 0.609 seconds
[2026-04-20T18:55:08.493+0000] {processor.py:161} INFO - Started process (PID=342) to work on /opt/airflow/dags/logidata_pipeline_dag.py
[2026-04-20T18:55:08.496+0000] {processor.py:830} INFO - Processing file /opt/airflow/dags/logidata_pipeline_dag.py for tasks to queue
[2026-04-20T18:55:08.499+0000] {logging_mixin.py:188} INFO - [2026-04-20T18:55:08.498+0000] {dagbag.py:538} INFO - Filling up the DagBag from /opt/airflow/dags/logidata_pipeline_dag.py
[2026-04-20T18:55:08.781+0000] {processor.py:840} INFO - DAG(s) 'logidata_pipeline_dag' retrieved from /opt/airflow/dags/logidata_pipeline_dag.py
[2026-04-20T18:55:08.822+0000] {logging_mixin.py:188} INFO - [2026-04-20T18:55:08.821+0000] {dag.py:3036} INFO - Sync 1 DAGs
[2026-04-20T18:55:08.841+0000] {logging_mixin.py:188} INFO - [2026-04-20T18:55:08.841+0000] {dag.py:3823} INFO - Setting next_dagrun for logidata_pipeline_dag to None, run_after=None
[2026-04-20T18:55:08.983+0000] {processor.py:183} INFO - Processing /opt/airflow/dags/logidata_pipeline_dag.py took 0.498 seconds
[2026-04-20T18:55:39.354+0000] {processor.py:161} INFO - Started process (PID=343) to work on /opt/airflow/dags/logidata_pipeline_dag.py
[2026-04-20T18:55:39.355+0000] {processor.py:830} INFO - Processing file /opt/airflow/dags/logidata_pipeline_dag.py for tasks to queue
[2026-04-20T18:55:39.356+0000] {logging_mixin.py:188} INFO - [2026-04-20T18:55:39.356+0000] {dagbag.py:538} INFO - Filling up the DagBag from /opt/airflow/dags/logidata_pipeline_dag.py
[2026-04-20T18:55:39.561+0000] {processor.py:840} INFO - DAG(s) 'logidata_pipeline_dag' retrieved from /opt/airflow/dags/logidata_pipeline_dag.py
[2026-04-20T18:55:39.605+0000] {logging_mixin.py:188} INFO - [2026-04-20T18:55:39.605+0000] {dag.py:3036} INFO - Sync 1 DAGs
[2026-04-20T18:55:39.625+0000] {logging_mixin.py:188} INFO - [2026-04-20T18:55:39.625+0000] {dag.py:3823} INFO - Setting next_dagrun for logidata_pipeline_dag to None, run_after=None
[2026-04-20T18:55:39.793+0000] {processor.py:183} INFO - Processing /opt/airflow/dags/logidata_pipeline_dag.py took 0.442 seconds
[2026-04-20T18:56:10.209+0000] {processor.py:161} INFO - Started process (PID=344) to work on /opt/airflow/dags/logidata_pipeline_dag.py
[2026-04-20T18:56:10.210+0000] {processor.py:830} INFO - Processing file /opt/airflow/dags/logidata_pipeline_dag.py for tasks to queue
[2026-04-20T18:56:10.212+0000] {logging_mixin.py:188} INFO - [2026-04-20T18:56:10.211+0000] {dagbag.py:538} INFO - Filling up the DagBag from /opt/airflow/dags/logidata_pipeline_dag.py
[2026-04-20T18:56:10.426+0000] {processor.py:840} INFO - DAG(s) 'logidata_pipeline_dag' retrieved from /opt/airflow/dags/logidata_pipeline_dag.py
[2026-04-20T18:56:10.485+0000] {logging_mixin.py:188} INFO - [2026-04-20T18:56:10.485+0000] {dag.py:3036} INFO - Sync 1 DAGs
[2026-04-20T18:56:10.501+0000] {logging_mixin.py:188} INFO - [2026-04-20T18:56:10.501+0000] {dag.py:3823} INFO - Setting next_dagrun for logidata_pipeline_dag to None, run_after=None
[2026-04-20T18:56:10.567+0000] {processor.py:183} INFO - Processing /opt/airflow/dags/logidata_pipeline_dag.py took 0.361 seconds
[2026-04-20T18:56:42.207+0000] {processor.py:161} INFO - Started process (PID=345) to work on /opt/airflow/dags/logidata_pipeline_dag.py
[2026-04-20T18:56:42.209+0000] {processor.py:830} INFO - Processing file /opt/airflow/dags/logidata_pipeline_dag.py for tasks to queue
[2026-04-20T18:56:42.210+0000] {logging_mixin.py:188} INFO - [2026-04-20T18:56:42.210+0000] {dagbag.py:538} INFO - Filling up the DagBag from /opt/airflow/dags/logidata_pipeline_dag.py
[2026-04-20T18:56:42.398+0000] {processor.py:840} INFO - DAG(s) 'logidata_pipeline_dag' retrieved from /opt/airflow/dags/logidata_pipeline_dag.py
[2026-04-20T18:56:42.438+0000] {logging_mixin.py:188} INFO - [2026-04-20T18:56:42.438+0000] {dag.py:3036} INFO - Sync 1 DAGs
[2026-04-20T18:56:42.460+0000] {logging_mixin.py:188} INFO - [2026-04-20T18:56:42.459+0000] {dag.py:3823} INFO - Setting next_dagrun for logidata_pipeline_dag to None, run_after=None
[2026-04-20T18:56:42.633+0000] {processor.py:183} INFO - Processing /opt/airflow/dags/logidata_pipeline_dag.py took 0.429 seconds
[2026-04-20T18:57:14.391+0000] {processor.py:161} INFO - Started process (PID=346) to work on /opt/airflow/dags/logidata_pipeline_dag.py
[2026-04-20T18:57:14.393+0000] {processor.py:830} INFO - Processing file /opt/airflow/dags/logidata_pipeline_dag.py for tasks to queue
[2026-04-20T18:57:14.394+0000] {logging_mixin.py:188} INFO - [2026-04-20T18:57:14.394+0000] {dagbag.py:538} INFO - Filling up the DagBag from /opt/airflow/dags/logidata_pipeline_dag.py
[2026-04-20T18:57:14.634+0000] {processor.py:840} INFO - DAG(s) 'logidata_pipeline_dag' retrieved from /opt/airflow/dags/logidata_pipeline_dag.py
[2026-04-20T18:57:14.693+0000] {logging_mixin.py:188} INFO - [2026-04-20T18:57:14.693+0000] {dag.py:3036} INFO - Sync 1 DAGs
[2026-04-20T18:57:14.707+0000] {logging_mixin.py:188} INFO - [2026-04-20T18:57:14.707+0000] {dag.py:3823} INFO - Setting next_dagrun for logidata_pipeline_dag to None, run_after=None
[2026-04-20T18:57:14.802+0000] {processor.py:183} INFO - Processing /opt/airflow/dags/logidata_pipeline_dag.py took 0.415 seconds
[2026-04-20T18:57:45.164+0000] {processor.py:161} INFO - Started process (PID=347) to work on /opt/airflow/dags/logidata_pipeline_dag.py
[2026-04-20T18:57:45.166+0000] {processor.py:830} INFO - Processing file /opt/airflow/dags/logidata_pipeline_dag.py for tasks to queue
[2026-04-20T18:57:45.168+0000] {logging_mixin.py:188} INFO - [2026-04-20T18:57:45.168+0000] {dagbag.py:538} INFO - Filling up the DagBag from /opt/airflow/dags/logidata_pipeline_dag.py
[2026-04-20T18:57:45.440+0000] {processor.py:840} INFO - DAG(s) 'logidata_pipeline_dag' retrieved from /opt/airflow/dags/logidata_pipeline_dag.py
[2026-04-20T18:57:45.503+0000] {logging_mixin.py:188} INFO - [2026-04-20T18:57:45.503+0000] {dag.py:3036} INFO - Sync 1 DAGs
[2026-04-20T18:57:45.524+0000] {logging_mixin.py:188} INFO - [2026-04-20T18:57:45.524+0000] {dag.py:3823} INFO - Setting next_dagrun for logidata_pipeline_dag to None, run_after=None
[2026-04-20T18:57:45.731+0000] {processor.py:183} INFO - Processing /opt/airflow/dags/logidata_pipeline_dag.py took 0.571 seconds
[2026-04-20T18:58:16.316+0000] {processor.py:161} INFO - Started process (PID=348) to work on /opt/airflow/dags/logidata_pipeline_dag.py
[2026-04-20T18:58:16.318+0000] {processor.py:830} INFO - Processing file /opt/airflow/dags/logidata_pipeline_dag.py for tasks to queue
[2026-04-20T18:58:16.319+0000] {logging_mixin.py:188} INFO - [2026-04-20T18:58:16.319+0000] {dagbag.py:538} INFO - Filling up the DagBag from /opt/airflow/dags/logidata_pipeline_dag.py
[2026-04-20T18:58:16.516+0000] {processor.py:840} INFO - DAG(s) 'logidata_pipeline_dag' retrieved from /opt/airflow/dags/logidata_pipeline_dag.py
[2026-04-20T18:58:16.579+0000] {logging_mixin.py:188} INFO - [2026-04-20T18:58:16.578+0000] {dag.py:3036} INFO - Sync 1 DAGs
[2026-04-20T18:58:16.603+0000] {logging_mixin.py:188} INFO - [2026-04-20T18:58:16.602+0000] {dag.py:3823} INFO - Setting next_dagrun for logidata_pipeline_dag to None, run_after=None
[2026-04-20T18:58:16.726+0000] {processor.py:183} INFO - Processing /opt/airflow/dags/logidata_pipeline_dag.py took 0.413 seconds
[2026-04-20T18:58:49.770+0000] {processor.py:161} INFO - Started process (PID=349) to work on /opt/airflow/dags/logidata_pipeline_dag.py
[2026-04-20T18:58:49.772+0000] {processor.py:830} INFO - Processing file /opt/airflow/dags/logidata_pipeline_dag.py for tasks to queue
[2026-04-20T18:58:49.774+0000] {logging_mixin.py:188} INFO - [2026-04-20T18:58:49.774+0000] {dagbag.py:538} INFO - Filling up the DagBag from /opt/airflow/dags/logidata_pipeline_dag.py
[2026-04-20T18:58:49.991+0000] {processor.py:840} INFO - DAG(s) 'logidata_pipeline_dag' retrieved from /opt/airflow/dags/logidata_pipeline_dag.py
[2026-04-20T18:58:50.032+0000] {logging_mixin.py:188} INFO - [2026-04-20T18:58:50.032+0000] {dag.py:3036} INFO - Sync 1 DAGs
[2026-04-20T18:58:50.049+0000] {logging_mixin.py:188} INFO - [2026-04-20T18:58:50.048+0000] {dag.py:3823} INFO - Setting next_dagrun for logidata_pipeline_dag to None, run_after=None
[2026-04-20T18:58:50.152+0000] {processor.py:183} INFO - Processing /opt/airflow/dags/logidata_pipeline_dag.py took 0.387 seconds
[2026-04-20T18:59:22.155+0000] {processor.py:161} INFO - Started process (PID=350) to work on /opt/airflow/dags/logidata_pipeline_dag.py
[2026-04-20T18:59:22.156+0000] {processor.py:830} INFO - Processing file /opt/airflow/dags/logidata_pipeline_dag.py for tasks to queue
[2026-04-20T18:59:22.158+0000] {logging_mixin.py:188} INFO - [2026-04-20T18:59:22.157+0000] {dagbag.py:538} INFO - Filling up the DagBag from /opt/airflow/dags/logidata_pipeline_dag.py
[2026-04-20T18:59:22.344+0000] {processor.py:840} INFO - DAG(s) 'logidata_pipeline_dag' retrieved from /opt/airflow/dags/logidata_pipeline_dag.py
[2026-04-20T18:59:22.393+0000] {logging_mixin.py:188} INFO - [2026-04-20T18:59:22.393+0000] {dag.py:3036} INFO - Sync 1 DAGs
[2026-04-20T18:59:22.420+0000] {logging_mixin.py:188} INFO - [2026-04-20T18:59:22.420+0000] {dag.py:3823} INFO - Setting next_dagrun for logidata_pipeline_dag to None, run_after=None
[2026-04-20T18:59:22.562+0000] {processor.py:183} INFO - Processing /opt/airflow/dags/logidata_pipeline_dag.py took 0.410 seconds
[2026-04-20T18:59:55.195+0000] {processor.py:161} INFO - Started process (PID=351) to work on /opt/airflow/dags/logidata_pipeline_dag.py
[2026-04-20T18:59:55.198+0000] {processor.py:830} INFO - Processing file /opt/airflow/dags/logidata_pipeline_dag.py for tasks to queue
[2026-04-20T18:59:55.200+0000] {logging_mixin.py:188} INFO - [2026-04-20T18:59:55.199+0000] {dagbag.py:538} INFO - Filling up the DagBag from /opt/airflow/dags/logidata_pipeline_dag.py
[2026-04-20T18:59:55.436+0000] {processor.py:840} INFO - DAG(s) 'logidata_pipeline_dag' retrieved from /opt/airflow/dags/logidata_pipeline_dag.py
[2026-04-20T18:59:55.473+0000] {logging_mixin.py:188} INFO - [2026-04-20T18:59:55.473+0000] {dag.py:3036} INFO - Sync 1 DAGs
[2026-04-20T18:59:55.487+0000] {logging_mixin.py:188} INFO - [2026-04-20T18:59:55.487+0000] {dag.py:3823} INFO - Setting next_dagrun for logidata_pipeline_dag to None, run_after=None
[2026-04-20T18:59:55.622+0000] {processor.py:183} INFO - Processing /opt/airflow/dags/logidata_pipeline_dag.py took 0.437 seconds
[2026-04-20T19:00:27.313+0000] {processor.py:161} INFO - Started process (PID=352) to work on /opt/airflow/dags/logidata_pipeline_dag.py
[2026-04-20T19:00:27.315+0000] {processor.py:830} INFO - Processing file /opt/airflow/dags/logidata_pipeline_dag.py for tasks to queue
[2026-04-20T19:00:27.317+0000] {logging_mixin.py:188} INFO - [2026-04-20T19:00:27.317+0000] {dagbag.py:538} INFO - Filling up the DagBag from /opt/airflow/dags/logidata_pipeline_dag.py
[2026-04-20T19:00:27.536+0000] {processor.py:840} INFO - DAG(s) 'logidata_pipeline_dag' retrieved from /opt/airflow/dags/logidata_pipeline_dag.py
[2026-04-20T19:00:27.579+0000] {logging_mixin.py:188} INFO - [2026-04-20T19:00:27.579+0000] {dag.py:3036} INFO - Sync 1 DAGs
[2026-04-20T19:00:27.593+0000] {logging_mixin.py:188} INFO - [2026-04-20T19:00:27.592+0000] {dag.py:3823} INFO - Setting next_dagrun for logidata_pipeline_dag to None, run_after=None
[2026-04-20T19:00:27.751+0000] {processor.py:183} INFO - Processing /opt/airflow/dags/logidata_pipeline_dag.py took 0.444 seconds
[2026-04-20T19:00:58.673+0000] {processor.py:161} INFO - Started process (PID=353) to work on /opt/airflow/dags/logidata_pipeline_dag.py
[2026-04-20T19:00:58.677+0000] {processor.py:830} INFO - Processing file /opt/airflow/dags/logidata_pipeline_dag.py for tasks to queue
[2026-04-20T19:00:58.679+0000] {logging_mixin.py:188} INFO - [2026-04-20T19:00:58.679+0000] {dagbag.py:538} INFO - Filling up the DagBag from /opt/airflow/dags/logidata_pipeline_dag.py
[2026-04-20T19:00:58.888+0000] {processor.py:840} INFO - DAG(s) 'logidata_pipeline_dag' retrieved from /opt/airflow/dags/logidata_pipeline_dag.py
[2026-04-20T19:00:58.936+0000] {logging_mixin.py:188} INFO - [2026-04-20T19:00:58.936+0000] {dag.py:3036} INFO - Sync 1 DAGs
[2026-04-20T19:00:58.950+0000] {logging_mixin.py:188} INFO - [2026-04-20T19:00:58.950+0000] {dag.py:3823} INFO - Setting next_dagrun for logidata_pipeline_dag to None, run_after=None
[2026-04-20T19:00:59.028+0000] {processor.py:183} INFO - Processing /opt/airflow/dags/logidata_pipeline_dag.py took 0.364 seconds
[2026-04-20T19:01:29.185+0000] {processor.py:161} INFO - Started process (PID=354) to work on /opt/airflow/dags/logidata_pipeline_dag.py
[2026-04-20T19:01:29.187+0000] {processor.py:830} INFO - Processing file /opt/airflow/dags/logidata_pipeline_dag.py for tasks to queue
[2026-04-20T19:01:29.189+0000] {logging_mixin.py:188} INFO - [2026-04-20T19:01:29.188+0000] {dagbag.py:538} INFO - Filling up the DagBag from /opt/airflow/dags/logidata_pipeline_dag.py
[2026-04-20T19:01:29.403+0000] {processor.py:840} INFO - DAG(s) 'logidata_pipeline_dag' retrieved from /opt/airflow/dags/logidata_pipeline_dag.py
[2026-04-20T19:01:29.456+0000] {logging_mixin.py:188} INFO - [2026-04-20T19:01:29.456+0000] {dag.py:3036} INFO - Sync 1 DAGs
[2026-04-20T19:01:29.479+0000] {logging_mixin.py:188} INFO - [2026-04-20T19:01:29.479+0000] {dag.py:3823} INFO - Setting next_dagrun for logidata_pipeline_dag to None, run_after=None
[2026-04-20T19:01:29.650+0000] {processor.py:183} INFO - Processing /opt/airflow/dags/logidata_pipeline_dag.py took 0.468 seconds
[2026-04-20T19:02:00.359+0000] {processor.py:161} INFO - Started process (PID=355) to work on /opt/airflow/dags/logidata_pipeline_dag.py
[2026-04-20T19:02:00.362+0000] {processor.py:830} INFO - Processing file /opt/airflow/dags/logidata_pipeline_dag.py for tasks to queue
[2026-04-20T19:02:00.363+0000] {logging_mixin.py:188} INFO - [2026-04-20T19:02:00.363+0000] {dagbag.py:538} INFO - Filling up the DagBag from /opt/airflow/dags/logidata_pipeline_dag.py
[2026-04-20T19:02:00.542+0000] {processor.py:840} INFO - DAG(s) 'logidata_pipeline_dag' retrieved from /opt/airflow/dags/logidata_pipeline_dag.py
[2026-04-20T19:02:00.590+0000] {logging_mixin.py:188} INFO - [2026-04-20T19:02:00.590+0000] {dag.py:3036} INFO - Sync 1 DAGs
[2026-04-20T19:02:00.617+0000] {logging_mixin.py:188} INFO - [2026-04-20T19:02:00.616+0000] {dag.py:3823} INFO - Setting next_dagrun for logidata_pipeline_dag to None, run_after=None
[2026-04-20T19:02:00.752+0000] {processor.py:183} INFO - Processing /opt/airflow/dags/logidata_pipeline_dag.py took 0.396 seconds
[2026-04-20T19:02:32.549+0000] {processor.py:161} INFO - Started process (PID=356) to work on /opt/airflow/dags/logidata_pipeline_dag.py
[2026-04-20T19:02:32.551+0000] {processor.py:830} INFO - Processing file /opt/airflow/dags/logidata_pipeline_dag.py for tasks to queue
[2026-04-20T19:02:32.552+0000] {logging_mixin.py:188} INFO - [2026-04-20T19:02:32.552+0000] {dagbag.py:538} INFO - Filling up the DagBag from /opt/airflow/dags/logidata_pipeline_dag.py
[2026-04-20T19:02:32.731+0000] {processor.py:840} INFO - DAG(s) 'logidata_pipeline_dag' retrieved from /opt/airflow/dags/logidata_pipeline_dag.py
[2026-04-20T19:02:32.771+0000] {logging_mixin.py:188} INFO - [2026-04-20T19:02:32.771+0000] {dag.py:3036} INFO - Sync 1 DAGs
[2026-04-20T19:02:32.784+0000] {logging_mixin.py:188} INFO - [2026-04-20T19:02:32.784+0000] {dag.py:3823} INFO - Setting next_dagrun for logidata_pipeline_dag to None, run_after=None
[2026-04-20T19:02:32.882+0000] {processor.py:183} INFO - Processing /opt/airflow/dags/logidata_pipeline_dag.py took 0.337 seconds
[2026-04-20T19:03:05.854+0000] {processor.py:161} INFO - Started process (PID=357) to work on /opt/airflow/dags/logidata_pipeline_dag.py
[2026-04-20T19:03:05.856+0000] {processor.py:830} INFO - Processing file /opt/airflow/dags/logidata_pipeline_dag.py for tasks to queue
[2026-04-20T19:03:05.859+0000] {logging_mixin.py:188} INFO - [2026-04-20T19:03:05.858+0000] {dagbag.py:538} INFO - Filling up the DagBag from /opt/airflow/dags/logidata_pipeline_dag.py
[2026-04-20T19:03:06.129+0000] {processor.py:840} INFO - DAG(s) 'logidata_pipeline_dag' retrieved from /opt/airflow/dags/logidata_pipeline_dag.py
[2026-04-20T19:03:06.187+0000] {logging_mixin.py:188} INFO - [2026-04-20T19:03:06.187+0000] {dag.py:3036} INFO - Sync 1 DAGs
[2026-04-20T19:03:06.206+0000] {logging_mixin.py:188} INFO - [2026-04-20T19:03:06.206+0000] {dag.py:3823} INFO - Setting next_dagrun for logidata_pipeline_dag to None, run_after=None
[2026-04-20T19:03:06.314+0000] {processor.py:183} INFO - Processing /opt/airflow/dags/logidata_pipeline_dag.py took 0.465 seconds
[2026-04-20T19:06:53.398+0000] {processor.py:161} INFO - Started process (PID=389) to work on /opt/airflow/dags/logidata_pipeline_dag.py
[2026-04-20T19:06:53.401+0000] {processor.py:830} INFO - Processing file /opt/airflow/dags/logidata_pipeline_dag.py for tasks to queue
[2026-04-20T19:06:53.403+0000] {logging_mixin.py:188} INFO - [2026-04-20T19:06:53.402+0000] {dagbag.py:538} INFO - Filling up the DagBag from /opt/airflow/dags/logidata_pipeline_dag.py
[2026-04-20T19:06:53.810+0000] {processor.py:840} INFO - DAG(s) 'logidata_pipeline_dag' retrieved from /opt/airflow/dags/logidata_pipeline_dag.py
[2026-04-20T19:06:53.848+0000] {logging_mixin.py:188} INFO - [2026-04-20T19:06:53.848+0000] {dag.py:3036} INFO - Sync 1 DAGs
[2026-04-20T19:06:53.869+0000] {logging_mixin.py:188} INFO - [2026-04-20T19:06:53.868+0000] {dag.py:3823} INFO - Setting next_dagrun for logidata_pipeline_dag to None, run_after=None
[2026-04-20T19:06:53.967+0000] {processor.py:183} INFO - Processing /opt/airflow/dags/logidata_pipeline_dag.py took 0.572 seconds
[2026-04-20T19:08:25.609+0000] {processor.py:161} INFO - Started process (PID=401) to work on /opt/airflow/dags/logidata_pipeline_dag.py
[2026-04-20T19:08:25.611+0000] {processor.py:830} INFO - Processing file /opt/airflow/dags/logidata_pipeline_dag.py for tasks to queue
[2026-04-20T19:08:25.612+0000] {logging_mixin.py:188} INFO - [2026-04-20T19:08:25.612+0000] {dagbag.py:538} INFO - Filling up the DagBag from /opt/airflow/dags/logidata_pipeline_dag.py
[2026-04-20T19:08:25.829+0000] {processor.py:840} INFO - DAG(s) 'logidata_pipeline_dag' retrieved from /opt/airflow/dags/logidata_pipeline_dag.py
[2026-04-20T19:08:25.866+0000] {logging_mixin.py:188} INFO - [2026-04-20T19:08:25.866+0000] {dag.py:3036} INFO - Sync 1 DAGs
[2026-04-20T19:08:25.878+0000] {logging_mixin.py:188} INFO - [2026-04-20T19:08:25.878+0000] {dag.py:3823} INFO - Setting next_dagrun for logidata_pipeline_dag to None, run_after=None
[2026-04-20T19:08:25.994+0000] {processor.py:183} INFO - Processing /opt/airflow/dags/logidata_pipeline_dag.py took 0.388 seconds
[2026-04-20T19:13:16.356+0000] {processor.py:161} INFO - Started process (PID=417) to work on /opt/airflow/dags/logidata_pipeline_dag.py
[2026-04-20T19:13:16.357+0000] {processor.py:830} INFO - Processing file /opt/airflow/dags/logidata_pipeline_dag.py for tasks to queue
[2026-04-20T19:13:16.358+0000] {logging_mixin.py:188} INFO - [2026-04-20T19:13:16.358+0000] {dagbag.py:538} INFO - Filling up the DagBag from /opt/airflow/dags/logidata_pipeline_dag.py
[2026-04-20T19:13:16.606+0000] {processor.py:840} INFO - DAG(s) 'logidata_pipeline_dag' retrieved from /opt/airflow/dags/logidata_pipeline_dag.py
[2026-04-20T19:13:16.643+0000] {logging_mixin.py:188} INFO - [2026-04-20T19:13:16.642+0000] {dag.py:3036} INFO - Sync 1 DAGs
[2026-04-20T19:13:16.657+0000] {logging_mixin.py:188} INFO - [2026-04-20T19:13:16.657+0000] {dag.py:3823} INFO - Setting next_dagrun for logidata_pipeline_dag to None, run_after=None
[2026-04-20T19:13:16.774+0000] {processor.py:183} INFO - Processing /opt/airflow/dags/logidata_pipeline_dag.py took 0.421 seconds
[2026-04-20T19:13:59.496+0000] {processor.py:161} INFO - Started process (PID=438) to work on /opt/airflow/dags/logidata_pipeline_dag.py
[2026-04-20T19:13:59.497+0000] {processor.py:830} INFO - Processing file /opt/airflow/dags/logidata_pipeline_dag.py for tasks to queue
[2026-04-20T19:13:59.498+0000] {logging_mixin.py:188} INFO - [2026-04-20T19:13:59.498+0000] {dagbag.py:538} INFO - Filling up the DagBag from /opt/airflow/dags/logidata_pipeline_dag.py
[2026-04-20T19:13:59.698+0000] {processor.py:840} INFO - DAG(s) 'logidata_pipeline_dag' retrieved from /opt/airflow/dags/logidata_pipeline_dag.py
[2026-04-20T19:13:59.736+0000] {logging_mixin.py:188} INFO - [2026-04-20T19:13:59.736+0000] {dag.py:3036} INFO - Sync 1 DAGs
[2026-04-20T19:13:59.753+0000] {logging_mixin.py:188} INFO - [2026-04-20T19:13:59.753+0000] {dag.py:3823} INFO - Setting next_dagrun for logidata_pipeline_dag to None, run_after=None
[2026-04-20T19:13:59.833+0000] {processor.py:183} INFO - Processing /opt/airflow/dags/logidata_pipeline_dag.py took 0.340 seconds
[2026-04-20T19:14:30.293+0000] {processor.py:161} INFO - Started process (PID=449) to work on /opt/airflow/dags/logidata_pipeline_dag.py
[2026-04-20T19:14:30.294+0000] {processor.py:830} INFO - Processing file /opt/airflow/dags/logidata_pipeline_dag.py for tasks to queue
[2026-04-20T19:14:30.295+0000] {logging_mixin.py:188} INFO - [2026-04-20T19:14:30.295+0000] {dagbag.py:538} INFO - Filling up the DagBag from /opt/airflow/dags/logidata_pipeline_dag.py
[2026-04-20T19:14:30.484+0000] {processor.py:840} INFO - DAG(s) 'logidata_pipeline_dag' retrieved from /opt/airflow/dags/logidata_pipeline_dag.py
[2026-04-20T19:14:30.527+0000] {logging_mixin.py:188} INFO - [2026-04-20T19:14:30.526+0000] {dag.py:3036} INFO - Sync 1 DAGs
[2026-04-20T19:14:30.541+0000] {logging_mixin.py:188} INFO - [2026-04-20T19:14:30.541+0000] {dag.py:3823} INFO - Setting next_dagrun for logidata_pipeline_dag to None, run_after=None
[2026-04-20T19:14:30.663+0000] {processor.py:183} INFO - Processing /opt/airflow/dags/logidata_pipeline_dag.py took 0.372 seconds
[2026-04-20T19:15:00.793+0000] {processor.py:161} INFO - Started process (PID=450) to work on /opt/airflow/dags/logidata_pipeline_dag.py
[2026-04-20T19:15:00.794+0000] {processor.py:830} INFO - Processing file /opt/airflow/dags/logidata_pipeline_dag.py for tasks to queue
[2026-04-20T19:15:00.796+0000] {logging_mixin.py:188} INFO - [2026-04-20T19:15:00.795+0000] {dagbag.py:538} INFO - Filling up the DagBag from /opt/airflow/dags/logidata_pipeline_dag.py
[2026-04-20T19:15:00.974+0000] {processor.py:840} INFO - DAG(s) 'logidata_pipeline_dag' retrieved from /opt/airflow/dags/logidata_pipeline_dag.py
[2026-04-20T19:15:01.010+0000] {logging_mixin.py:188} INFO - [2026-04-20T19:15:01.010+0000] {dag.py:3036} INFO - Sync 1 DAGs
[2026-04-20T19:15:01.024+0000] {logging_mixin.py:188} INFO - [2026-04-20T19:15:01.023+0000] {dag.py:3823} INFO - Setting next_dagrun for logidata_pipeline_dag to None, run_after=None
[2026-04-20T19:15:01.102+0000] {processor.py:183} INFO - Processing /opt/airflow/dags/logidata_pipeline_dag.py took 0.311 seconds
[2026-04-20T19:15:31.972+0000] {processor.py:161} INFO - Started process (PID=451) to work on /opt/airflow/dags/logidata_pipeline_dag.py
[2026-04-20T19:15:31.976+0000] {processor.py:830} INFO - Processing file /opt/airflow/dags/logidata_pipeline_dag.py for tasks to queue
[2026-04-20T19:15:31.979+0000] {logging_mixin.py:188} INFO - [2026-04-20T19:15:31.978+0000] {dagbag.py:538} INFO - Filling up the DagBag from /opt/airflow/dags/logidata_pipeline_dag.py
[2026-04-20T19:15:32.309+0000] {processor.py:840} INFO - DAG(s) 'logidata_pipeline_dag' retrieved from /opt/airflow/dags/logidata_pipeline_dag.py
[2026-04-20T19:15:32.343+0000] {logging_mixin.py:188} INFO - [2026-04-20T19:15:32.342+0000] {dag.py:3036} INFO - Sync 1 DAGs
[2026-04-20T19:15:32.355+0000] {logging_mixin.py:188} INFO - [2026-04-20T19:15:32.355+0000] {dag.py:3823} INFO - Setting next_dagrun for logidata_pipeline_dag to None, run_after=None
[2026-04-20T19:15:32.428+0000] {processor.py:183} INFO - Processing /opt/airflow/dags/logidata_pipeline_dag.py took 0.463 seconds
[2026-04-20T19:16:02.717+0000] {processor.py:161} INFO - Started process (PID=452) to work on /opt/airflow/dags/logidata_pipeline_dag.py
[2026-04-20T19:16:02.719+0000] {processor.py:830} INFO - Processing file /opt/airflow/dags/logidata_pipeline_dag.py for tasks to queue
[2026-04-20T19:16:02.721+0000] {logging_mixin.py:188} INFO - [2026-04-20T19:16:02.720+0000] {dagbag.py:538} INFO - Filling up the DagBag from /opt/airflow/dags/logidata_pipeline_dag.py
[2026-04-20T19:16:02.806+0000] {processor.py:840} INFO - DAG(s) 'logidata_pipeline_dag' retrieved from /opt/airflow/dags/logidata_pipeline_dag.py
[2026-04-20T19:16:02.846+0000] {logging_mixin.py:188} INFO - [2026-04-20T19:16:02.846+0000] {dag.py:3036} INFO - Sync 1 DAGs
[2026-04-20T19:16:02.868+0000] {logging_mixin.py:188} INFO - [2026-04-20T19:16:02.867+0000] {dag.py:3823} INFO - Setting next_dagrun for logidata_pipeline_dag to None, run_after=None
[2026-04-20T19:16:02.946+0000] {processor.py:183} INFO - Processing /opt/airflow/dags/logidata_pipeline_dag.py took 0.235 seconds
[2026-04-20T19:16:33.084+0000] {processor.py:161} INFO - Started process (PID=453) to work on /opt/airflow/dags/logidata_pipeline_dag.py
[2026-04-20T19:16:33.087+0000] {processor.py:830} INFO - Processing file /opt/airflow/dags/logidata_pipeline_dag.py for tasks to queue
[2026-04-20T19:16:33.090+0000] {logging_mixin.py:188} INFO - [2026-04-20T19:16:33.090+0000] {dagbag.py:538} INFO - Filling up the DagBag from /opt/airflow/dags/logidata_pipeline_dag.py
[2026-04-20T19:16:33.174+0000] {processor.py:840} INFO - DAG(s) 'logidata_pipeline_dag' retrieved from /opt/airflow/dags/logidata_pipeline_dag.py
[2026-04-20T19:16:33.225+0000] {logging_mixin.py:188} INFO - [2026-04-20T19:16:33.224+0000] {dag.py:3036} INFO - Sync 1 DAGs
[2026-04-20T19:16:33.244+0000] {logging_mixin.py:188} INFO - [2026-04-20T19:16:33.243+0000] {dag.py:3823} INFO - Setting next_dagrun for logidata_pipeline_dag to None, run_after=None
[2026-04-20T19:16:33.366+0000] {processor.py:183} INFO - Processing /opt/airflow/dags/logidata_pipeline_dag.py took 0.286 seconds
[2026-04-20T19:17:04.610+0000] {processor.py:161} INFO - Started process (PID=454) to work on /opt/airflow/dags/logidata_pipeline_dag.py
[2026-04-20T19:17:04.612+0000] {processor.py:830} INFO - Processing file /opt/airflow/dags/logidata_pipeline_dag.py for tasks to queue
[2026-04-20T19:17:04.613+0000] {logging_mixin.py:188} INFO - [2026-04-20T19:17:04.613+0000] {dagbag.py:538} INFO - Filling up the DagBag from /opt/airflow/dags/logidata_pipeline_dag.py
[2026-04-20T19:17:04.705+0000] {processor.py:840} INFO - DAG(s) 'logidata_pipeline_dag' retrieved from /opt/airflow/dags/logidata_pipeline_dag.py
[2026-04-20T19:17:04.763+0000] {logging_mixin.py:188} INFO - [2026-04-20T19:17:04.762+0000] {dag.py:3036} INFO - Sync 1 DAGs
[2026-04-20T19:17:04.787+0000] {logging_mixin.py:188} INFO - [2026-04-20T19:17:04.786+0000] {dag.py:3823} INFO - Setting next_dagrun for logidata_pipeline_dag to None, run_after=None
[2026-04-20T19:17:04.863+0000] {processor.py:183} INFO - Processing /opt/airflow/dags/logidata_pipeline_dag.py took 0.260 seconds
[2026-04-20T19:17:35.339+0000] {processor.py:161} INFO - Started process (PID=455) to work on /opt/airflow/dags/logidata_pipeline_dag.py
[2026-04-20T19:17:35.341+0000] {processor.py:830} INFO - Processing file /opt/airflow/dags/logidata_pipeline_dag.py for tasks to queue
[2026-04-20T19:17:35.342+0000] {logging_mixin.py:188} INFO - [2026-04-20T19:17:35.342+0000] {dagbag.py:538} INFO - Filling up the DagBag from /opt/airflow/dags/logidata_pipeline_dag.py
[2026-04-20T19:17:35.422+0000] {processor.py:840} INFO - DAG(s) 'logidata_pipeline_dag' retrieved from /opt/airflow/dags/logidata_pipeline_dag.py
[2026-04-20T19:17:35.486+0000] {logging_mixin.py:188} INFO - [2026-04-20T19:17:35.485+0000] {dag.py:3036} INFO - Sync 1 DAGs
[2026-04-20T19:17:35.515+0000] {logging_mixin.py:188} INFO - [2026-04-20T19:17:35.515+0000] {dag.py:3823} INFO - Setting next_dagrun for logidata_pipeline_dag to None, run_after=None
[2026-04-20T19:17:35.599+0000] {processor.py:183} INFO - Processing /opt/airflow/dags/logidata_pipeline_dag.py took 0.266 seconds
[2026-04-20T19:18:05.939+0000] {processor.py:161} INFO - Started process (PID=456) to work on /opt/airflow/dags/logidata_pipeline_dag.py
[2026-04-20T19:18:05.941+0000] {processor.py:830} INFO - Processing file /opt/airflow/dags/logidata_pipeline_dag.py for tasks to queue
[2026-04-20T19:18:05.944+0000] {logging_mixin.py:188} INFO - [2026-04-20T19:18:05.943+0000] {dagbag.py:538} INFO - Filling up the DagBag from /opt/airflow/dags/logidata_pipeline_dag.py
[2026-04-20T19:18:06.030+0000] {processor.py:840} INFO - DAG(s) 'logidata_pipeline_dag' retrieved from /opt/airflow/dags/logidata_pipeline_dag.py
[2026-04-20T19:18:06.073+0000] {logging_mixin.py:188} INFO - [2026-04-20T19:18:06.073+0000] {dag.py:3036} INFO - Sync 1 DAGs
[2026-04-20T19:18:06.091+0000] {logging_mixin.py:188} INFO - [2026-04-20T19:18:06.091+0000] {dag.py:3823} INFO - Setting next_dagrun for logidata_pipeline_dag to None, run_after=None
[2026-04-20T19:18:06.160+0000] {processor.py:183} INFO - Processing /opt/airflow/dags/logidata_pipeline_dag.py took 0.225 seconds
[2026-04-20T19:18:36.747+0000] {processor.py:161} INFO - Started process (PID=457) to work on /opt/airflow/dags/logidata_pipeline_dag.py
[2026-04-20T19:18:36.749+0000] {processor.py:830} INFO - Processing file /opt/airflow/dags/logidata_pipeline_dag.py for tasks to queue
[2026-04-20T19:18:36.750+0000] {logging_mixin.py:188} INFO - [2026-04-20T19:18:36.750+0000] {dagbag.py:538} INFO - Filling up the DagBag from /opt/airflow/dags/logidata_pipeline_dag.py
[2026-04-20T19:18:36.817+0000] {processor.py:840} INFO - DAG(s) 'logidata_pipeline_dag' retrieved from /opt/airflow/dags/logidata_pipeline_dag.py
[2026-04-20T19:18:36.857+0000] {logging_mixin.py:188} INFO - [2026-04-20T19:18:36.857+0000] {dag.py:3036} INFO - Sync 1 DAGs
[2026-04-20T19:18:36.875+0000] {logging_mixin.py:188} INFO - [2026-04-20T19:18:36.875+0000] {dag.py:3823} INFO - Setting next_dagrun for logidata_pipeline_dag to None, run_after=None
[2026-04-20T19:18:36.961+0000] {processor.py:183} INFO - Processing /opt/airflow/dags/logidata_pipeline_dag.py took 0.218 seconds
[2026-04-20T19:19:08.282+0000] {processor.py:161} INFO - Started process (PID=458) to work on /opt/airflow/dags/logidata_pipeline_dag.py
[2026-04-20T19:19:08.285+0000] {processor.py:830} INFO - Processing file /opt/airflow/dags/logidata_pipeline_dag.py for tasks to queue
[2026-04-20T19:19:08.289+0000] {logging_mixin.py:188} INFO - [2026-04-20T19:19:08.288+0000] {dagbag.py:538} INFO - Filling up the DagBag from /opt/airflow/dags/logidata_pipeline_dag.py
[2026-04-20T19:19:08.368+0000] {processor.py:840} INFO - DAG(s) 'logidata_pipeline_dag' retrieved from /opt/airflow/dags/logidata_pipeline_dag.py
[2026-04-20T19:19:08.419+0000] {logging_mixin.py:188} INFO - [2026-04-20T19:19:08.418+0000] {dag.py:3036} INFO - Sync 1 DAGs
[2026-04-20T19:19:08.438+0000] {logging_mixin.py:188} INFO - [2026-04-20T19:19:08.438+0000] {dag.py:3823} INFO - Setting next_dagrun for logidata_pipeline_dag to None, run_after=None
[2026-04-20T19:19:08.537+0000] {processor.py:183} INFO - Processing /opt/airflow/dags/logidata_pipeline_dag.py took 0.260 seconds
[2026-04-20T19:19:38.791+0000] {processor.py:161} INFO - Started process (PID=459) to work on /opt/airflow/dags/logidata_pipeline_dag.py
[2026-04-20T19:19:38.793+0000] {processor.py:830} INFO - Processing file /opt/airflow/dags/logidata_pipeline_dag.py for tasks to queue
[2026-04-20T19:19:38.795+0000] {logging_mixin.py:188} INFO - [2026-04-20T19:19:38.794+0000] {dagbag.py:538} INFO - Filling up the DagBag from /opt/airflow/dags/logidata_pipeline_dag.py
[2026-04-20T19:19:38.875+0000] {processor.py:840} INFO - DAG(s) 'logidata_pipeline_dag' retrieved from /opt/airflow/dags/logidata_pipeline_dag.py
[2026-04-20T19:19:38.916+0000] {logging_mixin.py:188} INFO - [2026-04-20T19:19:38.916+0000] {dag.py:3036} INFO - Sync 1 DAGs
[2026-04-20T19:19:38.932+0000] {logging_mixin.py:188} INFO - [2026-04-20T19:19:38.932+0000] {dag.py:3823} INFO - Setting next_dagrun for logidata_pipeline_dag to None, run_after=None
[2026-04-20T19:19:39.015+0000] {processor.py:183} INFO - Processing /opt/airflow/dags/logidata_pipeline_dag.py took 0.231 seconds
[2026-04-20T19:20:09.296+0000] {processor.py:161} INFO - Started process (PID=460) to work on /opt/airflow/dags/logidata_pipeline_dag.py
[2026-04-20T19:20:09.297+0000] {processor.py:830} INFO - Processing file /opt/airflow/dags/logidata_pipeline_dag.py for tasks to queue
[2026-04-20T19:20:09.299+0000] {logging_mixin.py:188} INFO - [2026-04-20T19:20:09.298+0000] {dagbag.py:538} INFO - Filling up the DagBag from /opt/airflow/dags/logidata_pipeline_dag.py
[2026-04-20T19:20:09.380+0000] {processor.py:840} INFO - DAG(s) 'logidata_pipeline_dag' retrieved from /opt/airflow/dags/logidata_pipeline_dag.py
[2026-04-20T19:20:09.421+0000] {logging_mixin.py:188} INFO - [2026-04-20T19:20:09.420+0000] {dag.py:3036} INFO - Sync 1 DAGs
[2026-04-20T19:20:09.436+0000] {logging_mixin.py:188} INFO - [2026-04-20T19:20:09.436+0000] {dag.py:3823} INFO - Setting next_dagrun for logidata_pipeline_dag to None, run_after=None
[2026-04-20T19:20:09.527+0000] {processor.py:183} INFO - Processing /opt/airflow/dags/logidata_pipeline_dag.py took 0.237 seconds
[2026-04-20T19:20:40.218+0000] {processor.py:161} INFO - Started process (PID=461) to work on /opt/airflow/dags/logidata_pipeline_dag.py
[2026-04-20T19:20:40.220+0000] {processor.py:830} INFO - Processing file /opt/airflow/dags/logidata_pipeline_dag.py for tasks to queue
[2026-04-20T19:20:40.222+0000] {logging_mixin.py:188} INFO - [2026-04-20T19:20:40.222+0000] {dagbag.py:538} INFO - Filling up the DagBag from /opt/airflow/dags/logidata_pipeline_dag.py
[2026-04-20T19:20:40.300+0000] {processor.py:840} INFO - DAG(s) 'logidata_pipeline_dag' retrieved from /opt/airflow/dags/logidata_pipeline_dag.py
[2026-04-20T19:20:40.343+0000] {logging_mixin.py:188} INFO - [2026-04-20T19:20:40.343+0000] {dag.py:3036} INFO - Sync 1 DAGs
[2026-04-20T19:20:40.361+0000] {logging_mixin.py:188} INFO - [2026-04-20T19:20:40.360+0000] {dag.py:3823} INFO - Setting next_dagrun for logidata_pipeline_dag to None, run_after=None
[2026-04-20T19:20:40.459+0000] {processor.py:183} INFO - Processing /opt/airflow/dags/logidata_pipeline_dag.py took 0.245 seconds
[2026-04-20T19:21:11.148+0000] {processor.py:161} INFO - Started process (PID=462) to work on /opt/airflow/dags/logidata_pipeline_dag.py
[2026-04-20T19:21:11.149+0000] {processor.py:830} INFO - Processing file /opt/airflow/dags/logidata_pipeline_dag.py for tasks to queue
[2026-04-20T19:21:11.150+0000] {logging_mixin.py:188} INFO - [2026-04-20T19:21:11.150+0000] {dagbag.py:538} INFO - Filling up the DagBag from /opt/airflow/dags/logidata_pipeline_dag.py
[2026-04-20T19:21:11.224+0000] {processor.py:840} INFO - DAG(s) 'logidata_pipeline_dag' retrieved from /opt/airflow/dags/logidata_pipeline_dag.py
[2026-04-20T19:21:11.274+0000] {logging_mixin.py:188} INFO - [2026-04-20T19:21:11.274+0000] {dag.py:3036} INFO - Sync 1 DAGs
[2026-04-20T19:21:11.291+0000] {logging_mixin.py:188} INFO - [2026-04-20T19:21:11.291+0000] {dag.py:3823} INFO - Setting next_dagrun for logidata_pipeline_dag to None, run_after=None
[2026-04-20T19:21:11.393+0000] {processor.py:183} INFO - Processing /opt/airflow/dags/logidata_pipeline_dag.py took 0.250 seconds
[2026-04-20T19:21:42.489+0000] {processor.py:161} INFO - Started process (PID=463) to work on /opt/airflow/dags/logidata_pipeline_dag.py
[2026-04-20T19:21:42.491+0000] {processor.py:830} INFO - Processing file /opt/airflow/dags/logidata_pipeline_dag.py for tasks to queue
[2026-04-20T19:21:42.494+0000] {logging_mixin.py:188} INFO - [2026-04-20T19:21:42.493+0000] {dagbag.py:538} INFO - Filling up the DagBag from /opt/airflow/dags/logidata_pipeline_dag.py
[2026-04-20T19:21:42.630+0000] {processor.py:840} INFO - DAG(s) 'logidata_pipeline_dag' retrieved from /opt/airflow/dags/logidata_pipeline_dag.py
[2026-04-20T19:21:42.697+0000] {logging_mixin.py:188} INFO - [2026-04-20T19:21:42.697+0000] {dag.py:3036} INFO - Sync 1 DAGs
[2026-04-20T19:21:42.713+0000] {logging_mixin.py:188} INFO - [2026-04-20T19:21:42.713+0000] {dag.py:3823} INFO - Setting next_dagrun for logidata_pipeline_dag to None, run_after=None
[2026-04-20T19:21:42.821+0000] {processor.py:183} INFO - Processing /opt/airflow/dags/logidata_pipeline_dag.py took 0.346 seconds
[2026-04-20T19:22:13.961+0000] {processor.py:161} INFO - Started process (PID=464) to work on /opt/airflow/dags/logidata_pipeline_dag.py
[2026-04-20T19:22:13.963+0000] {processor.py:830} INFO - Processing file /opt/airflow/dags/logidata_pipeline_dag.py for tasks to queue
[2026-04-20T19:22:13.966+0000] {logging_mixin.py:188} INFO - [2026-04-20T19:22:13.965+0000] {dagbag.py:538} INFO - Filling up the DagBag from /opt/airflow/dags/logidata_pipeline_dag.py
[2026-04-20T19:22:14.080+0000] {processor.py:840} INFO - DAG(s) 'logidata_pipeline_dag' retrieved from /opt/airflow/dags/logidata_pipeline_dag.py
[2026-04-20T19:22:14.118+0000] {logging_mixin.py:188} INFO - [2026-04-20T19:22:14.118+0000] {dag.py:3036} INFO - Sync 1 DAGs
[2026-04-20T19:22:14.141+0000] {logging_mixin.py:188} INFO - [2026-04-20T19:22:14.141+0000] {dag.py:3823} INFO - Setting next_dagrun for logidata_pipeline_dag to None, run_after=None
[2026-04-20T19:22:14.216+0000] {processor.py:183} INFO - Processing /opt/airflow/dags/logidata_pipeline_dag.py took 0.260 seconds
[2026-04-20T19:22:44.826+0000] {processor.py:161} INFO - Started process (PID=465) to work on /opt/airflow/dags/logidata_pipeline_dag.py
[2026-04-20T19:22:44.829+0000] {processor.py:830} INFO - Processing file /opt/airflow/dags/logidata_pipeline_dag.py for tasks to queue
[2026-04-20T19:22:44.831+0000] {logging_mixin.py:188} INFO - [2026-04-20T19:22:44.830+0000] {dagbag.py:538} INFO - Filling up the DagBag from /opt/airflow/dags/logidata_pipeline_dag.py
[2026-04-20T19:22:44.912+0000] {processor.py:840} INFO - DAG(s) 'logidata_pipeline_dag' retrieved from /opt/airflow/dags/logidata_pipeline_dag.py
[2026-04-20T19:22:44.972+0000] {logging_mixin.py:188} INFO - [2026-04-20T19:22:44.972+0000] {dag.py:3036} INFO - Sync 1 DAGs
[2026-04-20T19:22:45.005+0000] {logging_mixin.py:188} INFO - [2026-04-20T19:22:45.005+0000] {dag.py:3823} INFO - Setting next_dagrun for logidata_pipeline_dag to None, run_after=None
[2026-04-20T19:22:45.180+0000] {processor.py:183} INFO - Processing /opt/airflow/dags/logidata_pipeline_dag.py took 0.356 seconds
[2026-04-20T19:23:16.112+0000] {processor.py:161} INFO - Started process (PID=466) to work on /opt/airflow/dags/logidata_pipeline_dag.py
[2026-04-20T19:23:16.113+0000] {processor.py:830} INFO - Processing file /opt/airflow/dags/logidata_pipeline_dag.py for tasks to queue
[2026-04-20T19:23:16.115+0000] {logging_mixin.py:188} INFO - [2026-04-20T19:23:16.114+0000] {dagbag.py:538} INFO - Filling up the DagBag from /opt/airflow/dags/logidata_pipeline_dag.py
[2026-04-20T19:23:16.193+0000] {processor.py:840} INFO - DAG(s) 'logidata_pipeline_dag' retrieved from /opt/airflow/dags/logidata_pipeline_dag.py
[2026-04-20T19:23:16.243+0000] {logging_mixin.py:188} INFO - [2026-04-20T19:23:16.243+0000] {dag.py:3036} INFO - Sync 1 DAGs
[2026-04-20T19:23:16.263+0000] {logging_mixin.py:188} INFO - [2026-04-20T19:23:16.262+0000] {dag.py:3823} INFO - Setting next_dagrun for logidata_pipeline_dag to None, run_after=None
[2026-04-20T19:23:16.370+0000] {processor.py:183} INFO - Processing /opt/airflow/dags/logidata_pipeline_dag.py took 0.264 seconds
[2026-04-20T19:23:46.955+0000] {processor.py:161} INFO - Started process (PID=467) to work on /opt/airflow/dags/logidata_pipeline_dag.py
[2026-04-20T19:23:46.957+0000] {processor.py:830} INFO - Processing file /opt/airflow/dags/logidata_pipeline_dag.py for tasks to queue
[2026-04-20T19:23:46.958+0000] {logging_mixin.py:188} INFO - [2026-04-20T19:23:46.957+0000] {dagbag.py:538} INFO - Filling up the DagBag from /opt/airflow/dags/logidata_pipeline_dag.py
[2026-04-20T19:23:47.038+0000] {processor.py:840} INFO - DAG(s) 'logidata_pipeline_dag' retrieved from /opt/airflow/dags/logidata_pipeline_dag.py
[2026-04-20T19:23:47.087+0000] {logging_mixin.py:188} INFO - [2026-04-20T19:23:47.087+0000] {dag.py:3036} INFO - Sync 1 DAGs
[2026-04-20T19:23:47.110+0000] {logging_mixin.py:188} INFO - [2026-04-20T19:23:47.109+0000] {dag.py:3823} INFO - Setting next_dagrun for logidata_pipeline_dag to None, run_after=None
[2026-04-20T19:23:47.199+0000] {processor.py:183} INFO - Processing /opt/airflow/dags/logidata_pipeline_dag.py took 0.249 seconds
[2026-04-20T19:24:18.196+0000] {processor.py:161} INFO - Started process (PID=468) to work on /opt/airflow/dags/logidata_pipeline_dag.py
[2026-04-20T19:24:18.198+0000] {processor.py:830} INFO - Processing file /opt/airflow/dags/logidata_pipeline_dag.py for tasks to queue
[2026-04-20T19:24:18.199+0000] {logging_mixin.py:188} INFO - [2026-04-20T19:24:18.199+0000] {dagbag.py:538} INFO - Filling up the DagBag from /opt/airflow/dags/logidata_pipeline_dag.py
[2026-04-20T19:24:18.300+0000] {processor.py:840} INFO - DAG(s) 'logidata_pipeline_dag' retrieved from /opt/airflow/dags/logidata_pipeline_dag.py
[2026-04-20T19:24:18.351+0000] {logging_mixin.py:188} INFO - [2026-04-20T19:24:18.351+0000] {dag.py:3036} INFO - Sync 1 DAGs
[2026-04-20T19:24:18.375+0000] {logging_mixin.py:188} INFO - [2026-04-20T19:24:18.374+0000] {dag.py:3823} INFO - Setting next_dagrun for logidata_pipeline_dag to None, run_after=None
[2026-04-20T19:24:18.487+0000] {processor.py:183} INFO - Processing /opt/airflow/dags/logidata_pipeline_dag.py took 0.296 seconds
[2026-04-20T19:24:49.662+0000] {processor.py:161} INFO - Started process (PID=469) to work on /opt/airflow/dags/logidata_pipeline_dag.py
[2026-04-20T19:24:49.664+0000] {processor.py:830} INFO - Processing file /opt/airflow/dags/logidata_pipeline_dag.py for tasks to queue
[2026-04-20T19:24:49.665+0000] {logging_mixin.py:188} INFO - [2026-04-20T19:24:49.665+0000] {dagbag.py:538} INFO - Filling up the DagBag from /opt/airflow/dags/logidata_pipeline_dag.py
[2026-04-20T19:24:49.759+0000] {processor.py:840} INFO - DAG(s) 'logidata_pipeline_dag' retrieved from /opt/airflow/dags/logidata_pipeline_dag.py
[2026-04-20T19:24:49.820+0000] {logging_mixin.py:188} INFO - [2026-04-20T19:24:49.819+0000] {dag.py:3036} INFO - Sync 1 DAGs
[2026-04-20T19:24:49.844+0000] {logging_mixin.py:188} INFO - [2026-04-20T19:24:49.844+0000] {dag.py:3823} INFO - Setting next_dagrun for logidata_pipeline_dag to None, run_after=None
[2026-04-20T19:24:50.003+0000] {processor.py:183} INFO - Processing /opt/airflow/dags/logidata_pipeline_dag.py took 0.348 seconds
[2026-04-20T19:25:20.576+0000] {processor.py:161} INFO - Started process (PID=470) to work on /opt/airflow/dags/logidata_pipeline_dag.py
[2026-04-20T19:25:20.579+0000] {processor.py:830} INFO - Processing file /opt/airflow/dags/logidata_pipeline_dag.py for tasks to queue
[2026-04-20T19:25:20.581+0000] {logging_mixin.py:188} INFO - [2026-04-20T19:25:20.580+0000] {dagbag.py:538} INFO - Filling up the DagBag from /opt/airflow/dags/logidata_pipeline_dag.py
[2026-04-20T19:25:20.659+0000] {processor.py:840} INFO - DAG(s) 'logidata_pipeline_dag' retrieved from /opt/airflow/dags/logidata_pipeline_dag.py
[2026-04-20T19:25:20.704+0000] {logging_mixin.py:188} INFO - [2026-04-20T19:25:20.704+0000] {dag.py:3036} INFO - Sync 1 DAGs
[2026-04-20T19:25:20.722+0000] {logging_mixin.py:188} INFO - [2026-04-20T19:25:20.722+0000] {dag.py:3823} INFO - Setting next_dagrun for logidata_pipeline_dag to None, run_after=None
[2026-04-20T19:25:20.813+0000] {processor.py:183} INFO - Processing /opt/airflow/dags/logidata_pipeline_dag.py took 0.242 seconds
[2026-04-20T19:25:51.617+0000] {processor.py:161} INFO - Started process (PID=471) to work on /opt/airflow/dags/logidata_pipeline_dag.py
[2026-04-20T19:25:51.619+0000] {processor.py:830} INFO - Processing file /opt/airflow/dags/logidata_pipeline_dag.py for tasks to queue
[2026-04-20T19:25:51.623+0000] {logging_mixin.py:188} INFO - [2026-04-20T19:25:51.622+0000] {dagbag.py:538} INFO - Filling up the DagBag from /opt/airflow/dags/logidata_pipeline_dag.py
[2026-04-20T19:25:51.728+0000] {processor.py:840} INFO - DAG(s) 'logidata_pipeline_dag' retrieved from /opt/airflow/dags/logidata_pipeline_dag.py
[2026-04-20T19:25:51.783+0000] {logging_mixin.py:188} INFO - [2026-04-20T19:25:51.783+0000] {dag.py:3036} INFO - Sync 1 DAGs
[2026-04-20T19:25:51.809+0000] {logging_mixin.py:188} INFO - [2026-04-20T19:25:51.809+0000] {dag.py:3823} INFO - Setting next_dagrun for logidata_pipeline_dag to None, run_after=None
[2026-04-20T19:25:51.995+0000] {processor.py:183} INFO - Processing /opt/airflow/dags/logidata_pipeline_dag.py took 0.383 seconds
[2026-04-20T19:26:23.096+0000] {processor.py:161} INFO - Started process (PID=472) to work on /opt/airflow/dags/logidata_pipeline_dag.py
[2026-04-20T19:26:23.098+0000] {processor.py:830} INFO - Processing file /opt/airflow/dags/logidata_pipeline_dag.py for tasks to queue
[2026-04-20T19:26:23.099+0000] {logging_mixin.py:188} INFO - [2026-04-20T19:26:23.099+0000] {dagbag.py:538} INFO - Filling up the DagBag from /opt/airflow/dags/logidata_pipeline_dag.py
[2026-04-20T19:26:23.176+0000] {processor.py:840} INFO - DAG(s) 'logidata_pipeline_dag' retrieved from /opt/airflow/dags/logidata_pipeline_dag.py
[2026-04-20T19:26:23.220+0000] {logging_mixin.py:188} INFO - [2026-04-20T19:26:23.220+0000] {dag.py:3036} INFO - Sync 1 DAGs
[2026-04-20T19:26:23.237+0000] {logging_mixin.py:188} INFO - [2026-04-20T19:26:23.237+0000] {dag.py:3823} INFO - Setting next_dagrun for logidata_pipeline_dag to None, run_after=None
[2026-04-20T19:26:23.318+0000] {processor.py:183} INFO - Processing /opt/airflow/dags/logidata_pipeline_dag.py took 0.227 seconds
[2026-04-20T19:26:53.517+0000] {processor.py:161} INFO - Started process (PID=473) to work on /opt/airflow/dags/logidata_pipeline_dag.py
[2026-04-20T19:26:53.518+0000] {processor.py:830} INFO - Processing file /opt/airflow/dags/logidata_pipeline_dag.py for tasks to queue
[2026-04-20T19:26:53.521+0000] {logging_mixin.py:188} INFO - [2026-04-20T19:26:53.520+0000] {dagbag.py:538} INFO - Filling up the DagBag from /opt/airflow/dags/logidata_pipeline_dag.py
[2026-04-20T19:26:53.597+0000] {processor.py:840} INFO - DAG(s) 'logidata_pipeline_dag' retrieved from /opt/airflow/dags/logidata_pipeline_dag.py
[2026-04-20T19:26:53.643+0000] {logging_mixin.py:188} INFO - [2026-04-20T19:26:53.643+0000] {dag.py:3036} INFO - Sync 1 DAGs
[2026-04-20T19:26:53.661+0000] {logging_mixin.py:188} INFO - [2026-04-20T19:26:53.661+0000] {dag.py:3823} INFO - Setting next_dagrun for logidata_pipeline_dag to None, run_after=None
[2026-04-20T19:26:53.737+0000] {processor.py:183} INFO - Processing /opt/airflow/dags/logidata_pipeline_dag.py took 0.223 seconds
[2026-04-20T19:27:24.375+0000] {processor.py:161} INFO - Started process (PID=474) to work on /opt/airflow/dags/logidata_pipeline_dag.py
[2026-04-20T19:27:24.377+0000] {processor.py:830} INFO - Processing file /opt/airflow/dags/logidata_pipeline_dag.py for tasks to queue
[2026-04-20T19:27:24.378+0000] {logging_mixin.py:188} INFO - [2026-04-20T19:27:24.378+0000] {dagbag.py:538} INFO - Filling up the DagBag from /opt/airflow/dags/logidata_pipeline_dag.py
[2026-04-20T19:27:24.448+0000] {processor.py:840} INFO - DAG(s) 'logidata_pipeline_dag' retrieved from /opt/airflow/dags/logidata_pipeline_dag.py
[2026-04-20T19:27:24.487+0000] {logging_mixin.py:188} INFO - [2026-04-20T19:27:24.487+0000] {dag.py:3036} INFO - Sync 1 DAGs
[2026-04-20T19:27:24.504+0000] {logging_mixin.py:188} INFO - [2026-04-20T19:27:24.504+0000] {dag.py:3823} INFO - Setting next_dagrun for logidata_pipeline_dag to None, run_after=None
[2026-04-20T19:27:24.561+0000] {processor.py:183} INFO - Processing /opt/airflow/dags/logidata_pipeline_dag.py took 0.191 seconds
[2026-04-20T19:27:55.348+0000] {processor.py:161} INFO - Started process (PID=475) to work on /opt/airflow/dags/logidata_pipeline_dag.py
[2026-04-20T19:27:55.349+0000] {processor.py:830} INFO - Processing file /opt/airflow/dags/logidata_pipeline_dag.py for tasks to queue
[2026-04-20T19:27:55.352+0000] {logging_mixin.py:188} INFO - [2026-04-20T19:27:55.351+0000] {dagbag.py:538} INFO - Filling up the DagBag from /opt/airflow/dags/logidata_pipeline_dag.py
[2026-04-20T19:27:55.423+0000] {processor.py:840} INFO - DAG(s) 'logidata_pipeline_dag' retrieved from /opt/airflow/dags/logidata_pipeline_dag.py
[2026-04-20T19:27:55.463+0000] {logging_mixin.py:188} INFO - [2026-04-20T19:27:55.463+0000] {dag.py:3036} INFO - Sync 1 DAGs
[2026-04-20T19:27:55.479+0000] {logging_mixin.py:188} INFO - [2026-04-20T19:27:55.478+0000] {dag.py:3823} INFO - Setting next_dagrun for logidata_pipeline_dag to None, run_after=None
[2026-04-20T19:27:55.541+0000] {processor.py:183} INFO - Processing /opt/airflow/dags/logidata_pipeline_dag.py took 0.197 seconds
[2026-04-20T19:28:25.898+0000] {processor.py:161} INFO - Started process (PID=476) to work on /opt/airflow/dags/logidata_pipeline_dag.py
[2026-04-20T19:28:25.900+0000] {processor.py:830} INFO - Processing file /opt/airflow/dags/logidata_pipeline_dag.py for tasks to queue
[2026-04-20T19:28:25.901+0000] {logging_mixin.py:188} INFO - [2026-04-20T19:28:25.901+0000] {dagbag.py:538} INFO - Filling up the DagBag from /opt/airflow/dags/logidata_pipeline_dag.py
[2026-04-20T19:28:25.979+0000] {processor.py:840} INFO - DAG(s) 'logidata_pipeline_dag' retrieved from /opt/airflow/dags/logidata_pipeline_dag.py
[2026-04-20T19:28:26.024+0000] {logging_mixin.py:188} INFO - [2026-04-20T19:28:26.024+0000] {dag.py:3036} INFO - Sync 1 DAGs
[2026-04-20T19:28:26.042+0000] {logging_mixin.py:188} INFO - [2026-04-20T19:28:26.042+0000] {dag.py:3823} INFO - Setting next_dagrun for logidata_pipeline_dag to None, run_after=None
[2026-04-20T19:28:26.136+0000] {processor.py:183} INFO - Processing /opt/airflow/dags/logidata_pipeline_dag.py took 0.241 seconds
[2026-04-20T19:28:56.304+0000] {processor.py:161} INFO - Started process (PID=477) to work on /opt/airflow/dags/logidata_pipeline_dag.py
[2026-04-20T19:28:56.306+0000] {processor.py:830} INFO - Processing file /opt/airflow/dags/logidata_pipeline_dag.py for tasks to queue
[2026-04-20T19:28:56.307+0000] {logging_mixin.py:188} INFO - [2026-04-20T19:28:56.307+0000] {dagbag.py:538} INFO - Filling up the DagBag from /opt/airflow/dags/logidata_pipeline_dag.py
[2026-04-20T19:28:56.390+0000] {processor.py:840} INFO - DAG(s) 'logidata_pipeline_dag' retrieved from /opt/airflow/dags/logidata_pipeline_dag.py
[2026-04-20T19:28:56.437+0000] {logging_mixin.py:188} INFO - [2026-04-20T19:28:56.437+0000] {dag.py:3036} INFO - Sync 1 DAGs
[2026-04-20T19:28:56.458+0000] {logging_mixin.py:188} INFO - [2026-04-20T19:28:56.457+0000] {dag.py:3823} INFO - Setting next_dagrun for logidata_pipeline_dag to None, run_after=None
[2026-04-20T19:28:56.540+0000] {processor.py:183} INFO - Processing /opt/airflow/dags/logidata_pipeline_dag.py took 0.245 seconds
[2026-04-20T19:29:27.040+0000] {processor.py:161} INFO - Started process (PID=478) to work on /opt/airflow/dags/logidata_pipeline_dag.py
[2026-04-20T19:29:27.043+0000] {processor.py:830} INFO - Processing file /opt/airflow/dags/logidata_pipeline_dag.py for tasks to queue
[2026-04-20T19:29:27.045+0000] {logging_mixin.py:188} INFO - [2026-04-20T19:29:27.044+0000] {dagbag.py:538} INFO - Filling up the DagBag from /opt/airflow/dags/logidata_pipeline_dag.py
[2026-04-20T19:29:27.126+0000] {processor.py:840} INFO - DAG(s) 'logidata_pipeline_dag' retrieved from /opt/airflow/dags/logidata_pipeline_dag.py
[2026-04-20T19:29:27.168+0000] {logging_mixin.py:188} INFO - [2026-04-20T19:29:27.168+0000] {dag.py:3036} INFO - Sync 1 DAGs
[2026-04-20T19:29:27.187+0000] {logging_mixin.py:188} INFO - [2026-04-20T19:29:27.187+0000] {dag.py:3823} INFO - Setting next_dagrun for logidata_pipeline_dag to None, run_after=None
[2026-04-20T19:29:27.248+0000] {processor.py:183} INFO - Processing /opt/airflow/dags/logidata_pipeline_dag.py took 0.211 seconds
[2026-04-20T19:30:10.618+0000] {processor.py:161} INFO - Started process (PID=479) to work on /opt/airflow/dags/logidata_pipeline_dag.py
[2026-04-20T19:30:10.620+0000] {processor.py:830} INFO - Processing file /opt/airflow/dags/logidata_pipeline_dag.py for tasks to queue
[2026-04-20T19:30:10.622+0000] {logging_mixin.py:188} INFO - [2026-04-20T19:30:10.621+0000] {dagbag.py:538} INFO - Filling up the DagBag from /opt/airflow/dags/logidata_pipeline_dag.py
[2026-04-20T19:30:10.708+0000] {processor.py:840} INFO - DAG(s) 'logidata_pipeline_dag' retrieved from /opt/airflow/dags/logidata_pipeline_dag.py
[2026-04-20T19:30:10.741+0000] {logging_mixin.py:188} INFO - [2026-04-20T19:30:10.741+0000] {dag.py:3036} INFO - Sync 1 DAGs
[2026-04-20T19:30:10.754+0000] {logging_mixin.py:188} INFO - [2026-04-20T19:30:10.754+0000] {dag.py:3823} INFO - Setting next_dagrun for logidata_pipeline_dag to None, run_after=None
[2026-04-20T19:30:10.820+0000] {processor.py:183} INFO - Processing /opt/airflow/dags/logidata_pipeline_dag.py took 0.207 seconds
[2026-04-20T19:30:41.137+0000] {processor.py:161} INFO - Started process (PID=482) to work on /opt/airflow/dags/logidata_pipeline_dag.py
[2026-04-20T19:30:41.138+0000] {processor.py:830} INFO - Processing file /opt/airflow/dags/logidata_pipeline_dag.py for tasks to queue
[2026-04-20T19:30:41.141+0000] {logging_mixin.py:188} INFO - [2026-04-20T19:30:41.140+0000] {dagbag.py:538} INFO - Filling up the DagBag from /opt/airflow/dags/logidata_pipeline_dag.py
[2026-04-20T19:30:41.214+0000] {processor.py:840} INFO - DAG(s) 'logidata_pipeline_dag' retrieved from /opt/airflow/dags/logidata_pipeline_dag.py
[2026-04-20T19:30:41.256+0000] {logging_mixin.py:188} INFO - [2026-04-20T19:30:41.256+0000] {dag.py:3036} INFO - Sync 1 DAGs
[2026-04-20T19:30:41.274+0000] {logging_mixin.py:188} INFO - [2026-04-20T19:30:41.274+0000] {dag.py:3823} INFO - Setting next_dagrun for logidata_pipeline_dag to None, run_after=None
[2026-04-20T19:30:41.335+0000] {processor.py:183} INFO - Processing /opt/airflow/dags/logidata_pipeline_dag.py took 0.203 seconds
[2026-04-20T19:31:11.995+0000] {processor.py:161} INFO - Started process (PID=483) to work on /opt/airflow/dags/logidata_pipeline_dag.py
[2026-04-20T19:31:11.997+0000] {processor.py:830} INFO - Processing file /opt/airflow/dags/logidata_pipeline_dag.py for tasks to queue
[2026-04-20T19:31:11.998+0000] {logging_mixin.py:188} INFO - [2026-04-20T19:31:11.998+0000] {dagbag.py:538} INFO - Filling up the DagBag from /opt/airflow/dags/logidata_pipeline_dag.py
[2026-04-20T19:31:12.110+0000] {processor.py:840} INFO - DAG(s) 'logidata_pipeline_dag' retrieved from /opt/airflow/dags/logidata_pipeline_dag.py
[2026-04-20T19:31:12.155+0000] {logging_mixin.py:188} INFO - [2026-04-20T19:31:12.154+0000] {dag.py:3036} INFO - Sync 1 DAGs
[2026-04-20T19:31:12.173+0000] {logging_mixin.py:188} INFO - [2026-04-20T19:31:12.172+0000] {dag.py:3823} INFO - Setting next_dagrun for logidata_pipeline_dag to None, run_after=None
[2026-04-20T19:31:12.250+0000] {processor.py:183} INFO - Processing /opt/airflow/dags/logidata_pipeline_dag.py took 0.263 seconds
[2026-04-20T19:31:42.570+0000] {processor.py:161} INFO - Started process (PID=484) to work on /opt/airflow/dags/logidata_pipeline_dag.py
[2026-04-20T19:31:42.573+0000] {processor.py:830} INFO - Processing file /opt/airflow/dags/logidata_pipeline_dag.py for tasks to queue
[2026-04-20T19:31:42.575+0000] {logging_mixin.py:188} INFO - [2026-04-20T19:31:42.574+0000] {dagbag.py:538} INFO - Filling up the DagBag from /opt/airflow/dags/logidata_pipeline_dag.py
[2026-04-20T19:31:42.646+0000] {processor.py:840} INFO - DAG(s) 'logidata_pipeline_dag' retrieved from /opt/airflow/dags/logidata_pipeline_dag.py
[2026-04-20T19:31:42.688+0000] {logging_mixin.py:188} INFO - [2026-04-20T19:31:42.687+0000] {dag.py:3036} INFO - Sync 1 DAGs
[2026-04-20T19:31:42.704+0000] {logging_mixin.py:188} INFO - [2026-04-20T19:31:42.704+0000] {dag.py:3823} INFO - Setting next_dagrun for logidata_pipeline_dag to None, run_after=None
[2026-04-20T19:31:42.761+0000] {processor.py:183} INFO - Processing /opt/airflow/dags/logidata_pipeline_dag.py took 0.197 seconds
[2026-04-20T19:32:13.908+0000] {processor.py:161} INFO - Started process (PID=485) to work on /opt/airflow/dags/logidata_pipeline_dag.py
[2026-04-20T19:32:13.910+0000] {processor.py:830} INFO - Processing file /opt/airflow/dags/logidata_pipeline_dag.py for tasks to queue
[2026-04-20T19:32:13.911+0000] {logging_mixin.py:188} INFO - [2026-04-20T19:32:13.911+0000] {dagbag.py:538} INFO - Filling up the DagBag from /opt/airflow/dags/logidata_pipeline_dag.py
[2026-04-20T19:32:13.988+0000] {processor.py:840} INFO - DAG(s) 'logidata_pipeline_dag' retrieved from /opt/airflow/dags/logidata_pipeline_dag.py
[2026-04-20T19:32:14.048+0000] {logging_mixin.py:188} INFO - [2026-04-20T19:32:14.048+0000] {dag.py:3036} INFO - Sync 1 DAGs
[2026-04-20T19:32:14.074+0000] {logging_mixin.py:188} INFO - [2026-04-20T19:32:14.074+0000] {dag.py:3823} INFO - Setting next_dagrun for logidata_pipeline_dag to None, run_after=None
[2026-04-20T19:32:14.168+0000] {processor.py:183} INFO - Processing /opt/airflow/dags/logidata_pipeline_dag.py took 0.263 seconds
[2026-04-20T19:32:45.134+0000] {processor.py:161} INFO - Started process (PID=486) to work on /opt/airflow/dags/logidata_pipeline_dag.py
[2026-04-20T19:32:45.136+0000] {processor.py:830} INFO - Processing file /opt/airflow/dags/logidata_pipeline_dag.py for tasks to queue
[2026-04-20T19:32:45.137+0000] {logging_mixin.py:188} INFO - [2026-04-20T19:32:45.137+0000] {dagbag.py:538} INFO - Filling up the DagBag from /opt/airflow/dags/logidata_pipeline_dag.py
[2026-04-20T19:32:45.253+0000] {processor.py:840} INFO - DAG(s) 'logidata_pipeline_dag' retrieved from /opt/airflow/dags/logidata_pipeline_dag.py
[2026-04-20T19:32:45.299+0000] {logging_mixin.py:188} INFO - [2026-04-20T19:32:45.299+0000] {dag.py:3036} INFO - Sync 1 DAGs
[2026-04-20T19:32:45.317+0000] {logging_mixin.py:188} INFO - [2026-04-20T19:32:45.317+0000] {dag.py:3823} INFO - Setting next_dagrun for logidata_pipeline_dag to None, run_after=None
[2026-04-20T19:32:45.409+0000] {processor.py:183} INFO - Processing /opt/airflow/dags/logidata_pipeline_dag.py took 0.281 seconds
[2026-04-20T19:33:16.251+0000] {processor.py:161} INFO - Started process (PID=487) to work on /opt/airflow/dags/logidata_pipeline_dag.py
[2026-04-20T19:33:16.253+0000] {processor.py:830} INFO - Processing file /opt/airflow/dags/logidata_pipeline_dag.py for tasks to queue
[2026-04-20T19:33:16.256+0000] {logging_mixin.py:188} INFO - [2026-04-20T19:33:16.255+0000] {dagbag.py:538} INFO - Filling up the DagBag from /opt/airflow/dags/logidata_pipeline_dag.py
[2026-04-20T19:33:16.335+0000] {processor.py:840} INFO - DAG(s) 'logidata_pipeline_dag' retrieved from /opt/airflow/dags/logidata_pipeline_dag.py
[2026-04-20T19:33:16.386+0000] {logging_mixin.py:188} INFO - [2026-04-20T19:33:16.386+0000] {dag.py:3036} INFO - Sync 1 DAGs
[2026-04-20T19:33:16.409+0000] {logging_mixin.py:188} INFO - [2026-04-20T19:33:16.409+0000] {dag.py:3823} INFO - Setting next_dagrun for logidata_pipeline_dag to None, run_after=None
[2026-04-20T19:33:16.476+0000] {processor.py:183} INFO - Processing /opt/airflow/dags/logidata_pipeline_dag.py took 0.233 seconds
[2026-04-20T19:33:47.219+0000] {processor.py:161} INFO - Started process (PID=488) to work on /opt/airflow/dags/logidata_pipeline_dag.py
[2026-04-20T19:33:47.221+0000] {processor.py:830} INFO - Processing file /opt/airflow/dags/logidata_pipeline_dag.py for tasks to queue
[2026-04-20T19:33:47.224+0000] {logging_mixin.py:188} INFO - [2026-04-20T19:33:47.223+0000] {dagbag.py:538} INFO - Filling up the DagBag from /opt/airflow/dags/logidata_pipeline_dag.py
[2026-04-20T19:33:47.364+0000] {processor.py:840} INFO - DAG(s) 'logidata_pipeline_dag' retrieved from /opt/airflow/dags/logidata_pipeline_dag.py
[2026-04-20T19:33:47.437+0000] {logging_mixin.py:188} INFO - [2026-04-20T19:33:47.437+0000] {dag.py:3036} INFO - Sync 1 DAGs
[2026-04-20T19:33:47.461+0000] {logging_mixin.py:188} INFO - [2026-04-20T19:33:47.461+0000] {dag.py:3823} INFO - Setting next_dagrun for logidata_pipeline_dag to None, run_after=None
[2026-04-20T19:33:47.561+0000] {processor.py:183} INFO - Processing /opt/airflow/dags/logidata_pipeline_dag.py took 0.345 seconds
[2026-04-20T19:34:17.743+0000] {processor.py:161} INFO - Started process (PID=489) to work on /opt/airflow/dags/logidata_pipeline_dag.py
[2026-04-20T19:34:17.746+0000] {processor.py:830} INFO - Processing file /opt/airflow/dags/logidata_pipeline_dag.py for tasks to queue
[2026-04-20T19:34:17.748+0000] {logging_mixin.py:188} INFO - [2026-04-20T19:34:17.747+0000] {dagbag.py:538} INFO - Filling up the DagBag from /opt/airflow/dags/logidata_pipeline_dag.py
[2026-04-20T19:34:17.854+0000] {processor.py:840} INFO - DAG(s) 'logidata_pipeline_dag' retrieved from /opt/airflow/dags/logidata_pipeline_dag.py
[2026-04-20T19:34:17.896+0000] {logging_mixin.py:188} INFO - [2026-04-20T19:34:17.896+0000] {dag.py:3036} INFO - Sync 1 DAGs
[2026-04-20T19:34:17.913+0000] {logging_mixin.py:188} INFO - [2026-04-20T19:34:17.912+0000] {dag.py:3823} INFO - Setting next_dagrun for logidata_pipeline_dag to None, run_after=None
[2026-04-20T19:34:18.028+0000] {processor.py:183} INFO - Processing /opt/airflow/dags/logidata_pipeline_dag.py took 0.292 seconds
[2026-04-20T19:34:49.138+0000] {processor.py:161} INFO - Started process (PID=490) to work on /opt/airflow/dags/logidata_pipeline_dag.py
[2026-04-20T19:34:49.142+0000] {processor.py:830} INFO - Processing file /opt/airflow/dags/logidata_pipeline_dag.py for tasks to queue
[2026-04-20T19:34:49.144+0000] {logging_mixin.py:188} INFO - [2026-04-20T19:34:49.143+0000] {dagbag.py:538} INFO - Filling up the DagBag from /opt/airflow/dags/logidata_pipeline_dag.py
[2026-04-20T19:34:49.403+0000] {processor.py:840} INFO - DAG(s) 'logidata_pipeline_dag' retrieved from /opt/airflow/dags/logidata_pipeline_dag.py
[2026-04-20T19:34:49.454+0000] {logging_mixin.py:188} INFO - [2026-04-20T19:34:49.454+0000] {dag.py:3036} INFO - Sync 1 DAGs
[2026-04-20T19:34:49.471+0000] {logging_mixin.py:188} INFO - [2026-04-20T19:34:49.471+0000] {dag.py:3823} INFO - Setting next_dagrun for logidata_pipeline_dag to None, run_after=None
[2026-04-20T19:34:49.549+0000] {processor.py:183} INFO - Processing /opt/airflow/dags/logidata_pipeline_dag.py took 0.417 seconds
[2026-04-20T19:35:20.581+0000] {processor.py:161} INFO - Started process (PID=491) to work on /opt/airflow/dags/logidata_pipeline_dag.py
[2026-04-20T19:35:20.583+0000] {processor.py:830} INFO - Processing file /opt/airflow/dags/logidata_pipeline_dag.py for tasks to queue
[2026-04-20T19:35:20.586+0000] {logging_mixin.py:188} INFO - [2026-04-20T19:35:20.585+0000] {dagbag.py:538} INFO - Filling up the DagBag from /opt/airflow/dags/logidata_pipeline_dag.py
[2026-04-20T19:35:20.706+0000] {processor.py:840} INFO - DAG(s) 'logidata_pipeline_dag' retrieved from /opt/airflow/dags/logidata_pipeline_dag.py
[2026-04-20T19:35:20.743+0000] {logging_mixin.py:188} INFO - [2026-04-20T19:35:20.743+0000] {dag.py:3036} INFO - Sync 1 DAGs
[2026-04-20T19:35:20.761+0000] {logging_mixin.py:188} INFO - [2026-04-20T19:35:20.761+0000] {dag.py:3823} INFO - Setting next_dagrun for logidata_pipeline_dag to None, run_after=None
[2026-04-20T19:35:20.817+0000] {processor.py:183} INFO - Processing /opt/airflow/dags/logidata_pipeline_dag.py took 0.242 seconds
[2026-04-20T19:35:51.424+0000] {processor.py:161} INFO - Started process (PID=492) to work on /opt/airflow/dags/logidata_pipeline_dag.py
[2026-04-20T19:35:51.426+0000] {processor.py:830} INFO - Processing file /opt/airflow/dags/logidata_pipeline_dag.py for tasks to queue
[2026-04-20T19:35:51.428+0000] {logging_mixin.py:188} INFO - [2026-04-20T19:35:51.427+0000] {dagbag.py:538} INFO - Filling up the DagBag from /opt/airflow/dags/logidata_pipeline_dag.py
[2026-04-20T19:35:51.511+0000] {processor.py:840} INFO - DAG(s) 'logidata_pipeline_dag' retrieved from /opt/airflow/dags/logidata_pipeline_dag.py
[2026-04-20T19:35:51.567+0000] {logging_mixin.py:188} INFO - [2026-04-20T19:35:51.567+0000] {dag.py:3036} INFO - Sync 1 DAGs
[2026-04-20T19:35:51.585+0000] {logging_mixin.py:188} INFO - [2026-04-20T19:35:51.584+0000] {dag.py:3823} INFO - Setting next_dagrun for logidata_pipeline_dag to None, run_after=None
[2026-04-20T19:35:51.637+0000] {processor.py:183} INFO - Processing /opt/airflow/dags/logidata_pipeline_dag.py took 0.220 seconds
[2026-04-20T19:36:22.550+0000] {processor.py:161} INFO - Started process (PID=493) to work on /opt/airflow/dags/logidata_pipeline_dag.py
[2026-04-20T19:36:22.553+0000] {processor.py:830} INFO - Processing file /opt/airflow/dags/logidata_pipeline_dag.py for tasks to queue
[2026-04-20T19:36:22.555+0000] {logging_mixin.py:188} INFO - [2026-04-20T19:36:22.555+0000] {dagbag.py:538} INFO - Filling up the DagBag from /opt/airflow/dags/logidata_pipeline_dag.py
[2026-04-20T19:36:22.657+0000] {processor.py:840} INFO - DAG(s) 'logidata_pipeline_dag' retrieved from /opt/airflow/dags/logidata_pipeline_dag.py
[2026-04-20T19:36:22.713+0000] {logging_mixin.py:188} INFO - [2026-04-20T19:36:22.712+0000] {dag.py:3036} INFO - Sync 1 DAGs
[2026-04-20T19:36:22.735+0000] {logging_mixin.py:188} INFO - [2026-04-20T19:36:22.735+0000] {dag.py:3823} INFO - Setting next_dagrun for logidata_pipeline_dag to None, run_after=None
[2026-04-20T19:36:22.851+0000] {processor.py:183} INFO - Processing /opt/airflow/dags/logidata_pipeline_dag.py took 0.310 seconds
[2026-04-20T19:36:53.383+0000] {processor.py:161} INFO - Started process (PID=494) to work on /opt/airflow/dags/logidata_pipeline_dag.py
[2026-04-20T19:36:53.387+0000] {processor.py:830} INFO - Processing file /opt/airflow/dags/logidata_pipeline_dag.py for tasks to queue
[2026-04-20T19:36:53.402+0000] {logging_mixin.py:188} INFO - [2026-04-20T19:36:53.401+0000] {dagbag.py:538} INFO - Filling up the DagBag from /opt/airflow/dags/logidata_pipeline_dag.py
[2026-04-20T19:36:53.790+0000] {processor.py:840} INFO - DAG(s) 'logidata_pipeline_dag' retrieved from /opt/airflow/dags/logidata_pipeline_dag.py
[2026-04-20T19:36:53.868+0000] {logging_mixin.py:188} INFO - [2026-04-20T19:36:53.867+0000] {dag.py:3036} INFO - Sync 1 DAGs
[2026-04-20T19:36:53.893+0000] {logging_mixin.py:188} INFO - [2026-04-20T19:36:53.892+0000] {dag.py:3823} INFO - Setting next_dagrun for logidata_pipeline_dag to None, run_after=None
[2026-04-20T19:36:54.052+0000] {processor.py:183} INFO - Processing /opt/airflow/dags/logidata_pipeline_dag.py took 0.683 seconds
[2026-04-20T19:37:25.267+0000] {processor.py:161} INFO - Started process (PID=495) to work on /opt/airflow/dags/logidata_pipeline_dag.py
[2026-04-20T19:37:25.274+0000] {processor.py:830} INFO - Processing file /opt/airflow/dags/logidata_pipeline_dag.py for tasks to queue
[2026-04-20T19:37:25.279+0000] {logging_mixin.py:188} INFO - [2026-04-20T19:37:25.278+0000] {dagbag.py:538} INFO - Filling up the DagBag from /opt/airflow/dags/logidata_pipeline_dag.py
[2026-04-20T19:37:25.589+0000] {processor.py:840} INFO - DAG(s) 'logidata_pipeline_dag' retrieved from /opt/airflow/dags/logidata_pipeline_dag.py
[2026-04-20T19:37:25.661+0000] {logging_mixin.py:188} INFO - [2026-04-20T19:37:25.661+0000] {dag.py:3036} INFO - Sync 1 DAGs
[2026-04-20T19:37:25.691+0000] {logging_mixin.py:188} INFO - [2026-04-20T19:37:25.691+0000] {dag.py:3823} INFO - Setting next_dagrun for logidata_pipeline_dag to None, run_after=None
[2026-04-20T19:37:25.816+0000] {processor.py:183} INFO - Processing /opt/airflow/dags/logidata_pipeline_dag.py took 0.560 seconds
[2026-04-20T19:37:56.197+0000] {processor.py:161} INFO - Started process (PID=496) to work on /opt/airflow/dags/logidata_pipeline_dag.py
[2026-04-20T19:37:56.198+0000] {processor.py:830} INFO - Processing file /opt/airflow/dags/logidata_pipeline_dag.py for tasks to queue
[2026-04-20T19:37:56.200+0000] {logging_mixin.py:188} INFO - [2026-04-20T19:37:56.199+0000] {dagbag.py:538} INFO - Filling up the DagBag from /opt/airflow/dags/logidata_pipeline_dag.py
[2026-04-20T19:37:56.310+0000] {processor.py:840} INFO - DAG(s) 'logidata_pipeline_dag' retrieved from /opt/airflow/dags/logidata_pipeline_dag.py
[2026-04-20T19:37:56.350+0000] {logging_mixin.py:188} INFO - [2026-04-20T19:37:56.349+0000] {dag.py:3036} INFO - Sync 1 DAGs
[2026-04-20T19:37:56.367+0000] {logging_mixin.py:188} INFO - [2026-04-20T19:37:56.367+0000] {dag.py:3823} INFO - Setting next_dagrun for logidata_pipeline_dag to None, run_after=None
[2026-04-20T19:37:56.429+0000] {processor.py:183} INFO - Processing /opt/airflow/dags/logidata_pipeline_dag.py took 0.235 seconds
[2026-04-20T19:38:27.683+0000] {processor.py:161} INFO - Started process (PID=497) to work on /opt/airflow/dags/logidata_pipeline_dag.py
[2026-04-20T19:38:27.685+0000] {processor.py:830} INFO - Processing file /opt/airflow/dags/logidata_pipeline_dag.py for tasks to queue
[2026-04-20T19:38:27.688+0000] {logging_mixin.py:188} INFO - [2026-04-20T19:38:27.687+0000] {dagbag.py:538} INFO - Filling up the DagBag from /opt/airflow/dags/logidata_pipeline_dag.py
[2026-04-20T19:38:27.811+0000] {processor.py:840} INFO - DAG(s) 'logidata_pipeline_dag' retrieved from /opt/airflow/dags/logidata_pipeline_dag.py
[2026-04-20T19:38:27.868+0000] {logging_mixin.py:188} INFO - [2026-04-20T19:38:27.867+0000] {dag.py:3036} INFO - Sync 1 DAGs
[2026-04-20T19:38:27.881+0000] {logging_mixin.py:188} INFO - [2026-04-20T19:38:27.880+0000] {dag.py:3823} INFO - Setting next_dagrun for logidata_pipeline_dag to None, run_after=None
[2026-04-20T19:38:27.946+0000] {processor.py:183} INFO - Processing /opt/airflow/dags/logidata_pipeline_dag.py took 0.270 seconds
[2026-04-20T19:38:58.420+0000] {processor.py:161} INFO - Started process (PID=498) to work on /opt/airflow/dags/logidata_pipeline_dag.py
[2026-04-20T19:38:58.422+0000] {processor.py:830} INFO - Processing file /opt/airflow/dags/logidata_pipeline_dag.py for tasks to queue
[2026-04-20T19:38:58.424+0000] {logging_mixin.py:188} INFO - [2026-04-20T19:38:58.424+0000] {dagbag.py:538} INFO - Filling up the DagBag from /opt/airflow/dags/logidata_pipeline_dag.py
[2026-04-20T19:38:58.514+0000] {processor.py:840} INFO - DAG(s) 'logidata_pipeline_dag' retrieved from /opt/airflow/dags/logidata_pipeline_dag.py
[2026-04-20T19:38:58.560+0000] {logging_mixin.py:188} INFO - [2026-04-20T19:38:58.559+0000] {dag.py:3036} INFO - Sync 1 DAGs
[2026-04-20T19:38:58.577+0000] {logging_mixin.py:188} INFO - [2026-04-20T19:38:58.576+0000] {dag.py:3823} INFO - Setting next_dagrun for logidata_pipeline_dag to None, run_after=None
[2026-04-20T19:38:58.653+0000] {processor.py:183} INFO - Processing /opt/airflow/dags/logidata_pipeline_dag.py took 0.244 seconds
[2026-04-20T19:39:28.821+0000] {processor.py:161} INFO - Started process (PID=499) to work on /opt/airflow/dags/logidata_pipeline_dag.py
[2026-04-20T19:39:28.823+0000] {processor.py:830} INFO - Processing file /opt/airflow/dags/logidata_pipeline_dag.py for tasks to queue
[2026-04-20T19:39:28.825+0000] {logging_mixin.py:188} INFO - [2026-04-20T19:39:28.824+0000] {dagbag.py:538} INFO - Filling up the DagBag from /opt/airflow/dags/logidata_pipeline_dag.py
[2026-04-20T19:39:28.906+0000] {processor.py:840} INFO - DAG(s) 'logidata_pipeline_dag' retrieved from /opt/airflow/dags/logidata_pipeline_dag.py
[2026-04-20T19:39:28.954+0000] {logging_mixin.py:188} INFO - [2026-04-20T19:39:28.954+0000] {dag.py:3036} INFO - Sync 1 DAGs
[2026-04-20T19:39:28.972+0000] {logging_mixin.py:188} INFO - [2026-04-20T19:39:28.972+0000] {dag.py:3823} INFO - Setting next_dagrun for logidata_pipeline_dag to None, run_after=None
[2026-04-20T19:39:29.039+0000] {processor.py:183} INFO - Processing /opt/airflow/dags/logidata_pipeline_dag.py took 0.222 seconds
[2026-04-20T19:39:59.126+0000] {processor.py:161} INFO - Started process (PID=500) to work on /opt/airflow/dags/logidata_pipeline_dag.py
[2026-04-20T19:39:59.128+0000] {processor.py:830} INFO - Processing file /opt/airflow/dags/logidata_pipeline_dag.py for tasks to queue
[2026-04-20T19:39:59.129+0000] {logging_mixin.py:188} INFO - [2026-04-20T19:39:59.129+0000] {dagbag.py:538} INFO - Filling up the DagBag from /opt/airflow/dags/logidata_pipeline_dag.py
[2026-04-20T19:39:59.208+0000] {processor.py:840} INFO - DAG(s) 'logidata_pipeline_dag' retrieved from /opt/airflow/dags/logidata_pipeline_dag.py
[2026-04-20T19:39:59.253+0000] {logging_mixin.py:188} INFO - [2026-04-20T19:39:59.252+0000] {dag.py:3036} INFO - Sync 1 DAGs
[2026-04-20T19:39:59.268+0000] {logging_mixin.py:188} INFO - [2026-04-20T19:39:59.268+0000] {dag.py:3823} INFO - Setting next_dagrun for logidata_pipeline_dag to None, run_after=None
[2026-04-20T19:39:59.329+0000] {processor.py:183} INFO - Processing /opt/airflow/dags/logidata_pipeline_dag.py took 0.209 seconds
[2026-04-20T19:40:29.890+0000] {processor.py:161} INFO - Started process (PID=501) to work on /opt/airflow/dags/logidata_pipeline_dag.py
[2026-04-20T19:40:29.892+0000] {processor.py:830} INFO - Processing file /opt/airflow/dags/logidata_pipeline_dag.py for tasks to queue
[2026-04-20T19:40:29.894+0000] {logging_mixin.py:188} INFO - [2026-04-20T19:40:29.893+0000] {dagbag.py:538} INFO - Filling up the DagBag from /opt/airflow/dags/logidata_pipeline_dag.py
[2026-04-20T19:40:30.032+0000] {processor.py:840} INFO - DAG(s) 'logidata_pipeline_dag' retrieved from /opt/airflow/dags/logidata_pipeline_dag.py
[2026-04-20T19:40:30.089+0000] {logging_mixin.py:188} INFO - [2026-04-20T19:40:30.089+0000] {dag.py:3036} INFO - Sync 1 DAGs
[2026-04-20T19:40:30.106+0000] {logging_mixin.py:188} INFO - [2026-04-20T19:40:30.105+0000] {dag.py:3823} INFO - Setting next_dagrun for logidata_pipeline_dag to None, run_after=None
[2026-04-20T19:40:30.237+0000] {processor.py:183} INFO - Processing /opt/airflow/dags/logidata_pipeline_dag.py took 0.354 seconds
[2026-04-20T19:41:00.777+0000] {processor.py:161} INFO - Started process (PID=502) to work on /opt/airflow/dags/logidata_pipeline_dag.py
[2026-04-20T19:41:00.779+0000] {processor.py:830} INFO - Processing file /opt/airflow/dags/logidata_pipeline_dag.py for tasks to queue
[2026-04-20T19:41:00.781+0000] {logging_mixin.py:188} INFO - [2026-04-20T19:41:00.781+0000] {dagbag.py:538} INFO - Filling up the DagBag from /opt/airflow/dags/logidata_pipeline_dag.py
[2026-04-20T19:41:00.897+0000] {processor.py:840} INFO - DAG(s) 'logidata_pipeline_dag' retrieved from /opt/airflow/dags/logidata_pipeline_dag.py
[2026-04-20T19:41:00.953+0000] {logging_mixin.py:188} INFO - [2026-04-20T19:41:00.952+0000] {dag.py:3036} INFO - Sync 1 DAGs
[2026-04-20T19:41:00.984+0000] {logging_mixin.py:188} INFO - [2026-04-20T19:41:00.984+0000] {dag.py:3823} INFO - Setting next_dagrun for logidata_pipeline_dag to None, run_after=None
[2026-04-20T19:41:01.087+0000] {processor.py:183} INFO - Processing /opt/airflow/dags/logidata_pipeline_dag.py took 0.320 seconds
[2026-04-20T19:41:32.418+0000] {processor.py:161} INFO - Started process (PID=503) to work on /opt/airflow/dags/logidata_pipeline_dag.py
[2026-04-20T19:41:32.423+0000] {processor.py:830} INFO - Processing file /opt/airflow/dags/logidata_pipeline_dag.py for tasks to queue
[2026-04-20T19:41:32.428+0000] {logging_mixin.py:188} INFO - [2026-04-20T19:41:32.427+0000] {dagbag.py:538} INFO - Filling up the DagBag from /opt/airflow/dags/logidata_pipeline_dag.py
[2026-04-20T19:41:32.601+0000] {processor.py:840} INFO - DAG(s) 'logidata_pipeline_dag' retrieved from /opt/airflow/dags/logidata_pipeline_dag.py
[2026-04-20T19:41:32.657+0000] {logging_mixin.py:188} INFO - [2026-04-20T19:41:32.656+0000] {dag.py:3036} INFO - Sync 1 DAGs
[2026-04-20T19:41:32.681+0000] {logging_mixin.py:188} INFO - [2026-04-20T19:41:32.681+0000] {dag.py:3823} INFO - Setting next_dagrun for logidata_pipeline_dag to None, run_after=None
[2026-04-20T19:41:32.835+0000] {processor.py:183} INFO - Processing /opt/airflow/dags/logidata_pipeline_dag.py took 0.424 seconds
[2026-04-20T19:42:03.438+0000] {processor.py:161} INFO - Started process (PID=504) to work on /opt/airflow/dags/logidata_pipeline_dag.py
[2026-04-20T19:42:03.441+0000] {processor.py:830} INFO - Processing file /opt/airflow/dags/logidata_pipeline_dag.py for tasks to queue
[2026-04-20T19:42:03.446+0000] {logging_mixin.py:188} INFO - [2026-04-20T19:42:03.443+0000] {dagbag.py:538} INFO - Filling up the DagBag from /opt/airflow/dags/logidata_pipeline_dag.py
[2026-04-20T19:42:03.584+0000] {processor.py:840} INFO - DAG(s) 'logidata_pipeline_dag' retrieved from /opt/airflow/dags/logidata_pipeline_dag.py
[2026-04-20T19:42:03.639+0000] {logging_mixin.py:188} INFO - [2026-04-20T19:42:03.639+0000] {dag.py:3036} INFO - Sync 1 DAGs
[2026-04-20T19:42:03.656+0000] {logging_mixin.py:188} INFO - [2026-04-20T19:42:03.656+0000] {dag.py:3823} INFO - Setting next_dagrun for logidata_pipeline_dag to None, run_after=None
[2026-04-20T19:42:03.731+0000] {processor.py:183} INFO - Processing /opt/airflow/dags/logidata_pipeline_dag.py took 0.302 seconds
[2026-04-20T19:42:34.054+0000] {processor.py:161} INFO - Started process (PID=505) to work on /opt/airflow/dags/logidata_pipeline_dag.py
[2026-04-20T19:42:34.058+0000] {processor.py:830} INFO - Processing file /opt/airflow/dags/logidata_pipeline_dag.py for tasks to queue
[2026-04-20T19:42:34.068+0000] {logging_mixin.py:188} INFO - [2026-04-20T19:42:34.067+0000] {dagbag.py:538} INFO - Filling up the DagBag from /opt/airflow/dags/logidata_pipeline_dag.py
[2026-04-20T19:42:34.332+0000] {processor.py:840} INFO - DAG(s) 'logidata_pipeline_dag' retrieved from /opt/airflow/dags/logidata_pipeline_dag.py
[2026-04-20T19:42:34.434+0000] {logging_mixin.py:188} INFO - [2026-04-20T19:42:34.434+0000] {dag.py:3036} INFO - Sync 1 DAGs
[2026-04-20T19:42:34.492+0000] {logging_mixin.py:188} INFO - [2026-04-20T19:42:34.491+0000] {dag.py:3823} INFO - Setting next_dagrun for logidata_pipeline_dag to None, run_after=None
[2026-04-20T19:42:34.889+0000] {processor.py:183} INFO - Processing /opt/airflow/dags/logidata_pipeline_dag.py took 0.864 seconds
[2026-04-20T19:43:05.356+0000] {processor.py:161} INFO - Started process (PID=506) to work on /opt/airflow/dags/logidata_pipeline_dag.py
[2026-04-20T19:43:05.359+0000] {processor.py:830} INFO - Processing file /opt/airflow/dags/logidata_pipeline_dag.py for tasks to queue
[2026-04-20T19:43:05.361+0000] {logging_mixin.py:188} INFO - [2026-04-20T19:43:05.361+0000] {dagbag.py:538} INFO - Filling up the DagBag from /opt/airflow/dags/logidata_pipeline_dag.py
[2026-04-20T19:43:05.469+0000] {processor.py:840} INFO - DAG(s) 'logidata_pipeline_dag' retrieved from /opt/airflow/dags/logidata_pipeline_dag.py
[2026-04-20T19:43:05.529+0000] {logging_mixin.py:188} INFO - [2026-04-20T19:43:05.528+0000] {dag.py:3036} INFO - Sync 1 DAGs
[2026-04-20T19:43:05.555+0000] {logging_mixin.py:188} INFO - [2026-04-20T19:43:05.555+0000] {dag.py:3823} INFO - Setting next_dagrun for logidata_pipeline_dag to None, run_after=None
[2026-04-20T19:43:05.655+0000] {processor.py:183} INFO - Processing /opt/airflow/dags/logidata_pipeline_dag.py took 0.304 seconds
[2026-04-20T19:43:35.981+0000] {processor.py:161} INFO - Started process (PID=507) to work on /opt/airflow/dags/logidata_pipeline_dag.py
[2026-04-20T19:43:35.985+0000] {processor.py:830} INFO - Processing file /opt/airflow/dags/logidata_pipeline_dag.py for tasks to queue
[2026-04-20T19:43:35.987+0000] {logging_mixin.py:188} INFO - [2026-04-20T19:43:35.987+0000] {dagbag.py:538} INFO - Filling up the DagBag from /opt/airflow/dags/logidata_pipeline_dag.py
[2026-04-20T19:43:36.059+0000] {processor.py:840} INFO - DAG(s) 'logidata_pipeline_dag' retrieved from /opt/airflow/dags/logidata_pipeline_dag.py
[2026-04-20T19:43:36.100+0000] {logging_mixin.py:188} INFO - [2026-04-20T19:43:36.100+0000] {dag.py:3036} INFO - Sync 1 DAGs
[2026-04-20T19:43:36.117+0000] {logging_mixin.py:188} INFO - [2026-04-20T19:43:36.117+0000] {dag.py:3823} INFO - Setting next_dagrun for logidata_pipeline_dag to None, run_after=None
[2026-04-20T19:43:36.196+0000] {processor.py:183} INFO - Processing /opt/airflow/dags/logidata_pipeline_dag.py took 0.219 seconds
[2026-04-20T19:44:09.228+0000] {processor.py:161} INFO - Started process (PID=508) to work on /opt/airflow/dags/logidata_pipeline_dag.py
[2026-04-20T19:44:09.231+0000] {processor.py:830} INFO - Processing file /opt/airflow/dags/logidata_pipeline_dag.py for tasks to queue
[2026-04-20T19:44:09.232+0000] {logging_mixin.py:188} INFO - [2026-04-20T19:44:09.232+0000] {dagbag.py:538} INFO - Filling up the DagBag from /opt/airflow/dags/logidata_pipeline_dag.py
[2026-04-20T19:44:09.330+0000] {processor.py:840} INFO - DAG(s) 'logidata_pipeline_dag' retrieved from /opt/airflow/dags/logidata_pipeline_dag.py
[2026-04-20T19:44:09.371+0000] {logging_mixin.py:188} INFO - [2026-04-20T19:44:09.371+0000] {dag.py:3036} INFO - Sync 1 DAGs
[2026-04-20T19:44:09.388+0000] {logging_mixin.py:188} INFO - [2026-04-20T19:44:09.388+0000] {dag.py:3823} INFO - Setting next_dagrun for logidata_pipeline_dag to None, run_after=None
[2026-04-20T19:44:09.476+0000] {processor.py:183} INFO - Processing /opt/airflow/dags/logidata_pipeline_dag.py took 0.252 seconds
[2026-04-20T19:44:41.591+0000] {processor.py:161} INFO - Started process (PID=509) to work on /opt/airflow/dags/logidata_pipeline_dag.py
[2026-04-20T19:44:41.593+0000] {processor.py:830} INFO - Processing file /opt/airflow/dags/logidata_pipeline_dag.py for tasks to queue
[2026-04-20T19:44:41.594+0000] {logging_mixin.py:188} INFO - [2026-04-20T19:44:41.594+0000] {dagbag.py:538} INFO - Filling up the DagBag from /opt/airflow/dags/logidata_pipeline_dag.py
[2026-04-20T19:44:41.676+0000] {processor.py:840} INFO - DAG(s) 'logidata_pipeline_dag' retrieved from /opt/airflow/dags/logidata_pipeline_dag.py
[2026-04-20T19:44:41.738+0000] {logging_mixin.py:188} INFO - [2026-04-20T19:44:41.738+0000] {dag.py:3036} INFO - Sync 1 DAGs
[2026-04-20T19:44:41.757+0000] {logging_mixin.py:188} INFO - [2026-04-20T19:44:41.757+0000] {dag.py:3823} INFO - Setting next_dagrun for logidata_pipeline_dag to None, run_after=None
[2026-04-20T19:44:41.934+0000] {processor.py:183} INFO - Processing /opt/airflow/dags/logidata_pipeline_dag.py took 0.346 seconds
[2026-04-20T19:45:13.102+0000] {processor.py:161} INFO - Started process (PID=510) to work on /opt/airflow/dags/logidata_pipeline_dag.py
[2026-04-20T19:45:13.104+0000] {processor.py:830} INFO - Processing file /opt/airflow/dags/logidata_pipeline_dag.py for tasks to queue
[2026-04-20T19:45:13.106+0000] {logging_mixin.py:188} INFO - [2026-04-20T19:45:13.105+0000] {dagbag.py:538} INFO - Filling up the DagBag from /opt/airflow/dags/logidata_pipeline_dag.py
[2026-04-20T19:45:13.202+0000] {processor.py:840} INFO - DAG(s) 'logidata_pipeline_dag' retrieved from /opt/airflow/dags/logidata_pipeline_dag.py
[2026-04-20T19:45:13.253+0000] {logging_mixin.py:188} INFO - [2026-04-20T19:45:13.253+0000] {dag.py:3036} INFO - Sync 1 DAGs
[2026-04-20T19:45:13.272+0000] {logging_mixin.py:188} INFO - [2026-04-20T19:45:13.272+0000] {dag.py:3823} INFO - Setting next_dagrun for logidata_pipeline_dag to None, run_after=None
[2026-04-20T19:45:13.426+0000] {processor.py:183} INFO - Processing /opt/airflow/dags/logidata_pipeline_dag.py took 0.327 seconds
[2026-04-20T19:45:44.469+0000] {processor.py:161} INFO - Started process (PID=511) to work on /opt/airflow/dags/logidata_pipeline_dag.py
[2026-04-20T19:45:44.470+0000] {processor.py:830} INFO - Processing file /opt/airflow/dags/logidata_pipeline_dag.py for tasks to queue
[2026-04-20T19:45:44.472+0000] {logging_mixin.py:188} INFO - [2026-04-20T19:45:44.471+0000] {dagbag.py:538} INFO - Filling up the DagBag from /opt/airflow/dags/logidata_pipeline_dag.py
[2026-04-20T19:45:44.582+0000] {processor.py:840} INFO - DAG(s) 'logidata_pipeline_dag' retrieved from /opt/airflow/dags/logidata_pipeline_dag.py
[2026-04-20T19:45:44.632+0000] {logging_mixin.py:188} INFO - [2026-04-20T19:45:44.632+0000] {dag.py:3036} INFO - Sync 1 DAGs
[2026-04-20T19:45:44.649+0000] {logging_mixin.py:188} INFO - [2026-04-20T19:45:44.649+0000] {dag.py:3823} INFO - Setting next_dagrun for logidata_pipeline_dag to None, run_after=None
[2026-04-20T19:45:44.818+0000] {processor.py:183} INFO - Processing /opt/airflow/dags/logidata_pipeline_dag.py took 0.356 seconds
[2026-04-20T19:46:15.549+0000] {processor.py:161} INFO - Started process (PID=512) to work on /opt/airflow/dags/logidata_pipeline_dag.py
[2026-04-20T19:46:15.554+0000] {processor.py:830} INFO - Processing file /opt/airflow/dags/logidata_pipeline_dag.py for tasks to queue
[2026-04-20T19:46:15.558+0000] {logging_mixin.py:188} INFO - [2026-04-20T19:46:15.557+0000] {dagbag.py:538} INFO - Filling up the DagBag from /opt/airflow/dags/logidata_pipeline_dag.py
[2026-04-20T19:46:15.645+0000] {processor.py:840} INFO - DAG(s) 'logidata_pipeline_dag' retrieved from /opt/airflow/dags/logidata_pipeline_dag.py
[2026-04-20T19:46:15.688+0000] {logging_mixin.py:188} INFO - [2026-04-20T19:46:15.687+0000] {dag.py:3036} INFO - Sync 1 DAGs
[2026-04-20T19:46:15.710+0000] {logging_mixin.py:188} INFO - [2026-04-20T19:46:15.709+0000] {dag.py:3823} INFO - Setting next_dagrun for logidata_pipeline_dag to None, run_after=None
[2026-04-20T19:46:15.836+0000] {processor.py:183} INFO - Processing /opt/airflow/dags/logidata_pipeline_dag.py took 0.300 seconds
[2026-04-20T19:46:46.690+0000] {processor.py:161} INFO - Started process (PID=513) to work on /opt/airflow/dags/logidata_pipeline_dag.py
[2026-04-20T19:46:46.692+0000] {processor.py:830} INFO - Processing file /opt/airflow/dags/logidata_pipeline_dag.py for tasks to queue
[2026-04-20T19:46:46.695+0000] {logging_mixin.py:188} INFO - [2026-04-20T19:46:46.694+0000] {dagbag.py:538} INFO - Filling up the DagBag from /opt/airflow/dags/logidata_pipeline_dag.py
[2026-04-20T19:46:46.815+0000] {processor.py:840} INFO - DAG(s) 'logidata_pipeline_dag' retrieved from /opt/airflow/dags/logidata_pipeline_dag.py
[2026-04-20T19:46:46.868+0000] {logging_mixin.py:188} INFO - [2026-04-20T19:46:46.868+0000] {dag.py:3036} INFO - Sync 1 DAGs
[2026-04-20T19:46:46.891+0000] {logging_mixin.py:188} INFO - [2026-04-20T19:46:46.891+0000] {dag.py:3823} INFO - Setting next_dagrun for logidata_pipeline_dag to None, run_after=None
[2026-04-20T19:46:47.018+0000] {processor.py:183} INFO - Processing /opt/airflow/dags/logidata_pipeline_dag.py took 0.339 seconds
[2026-04-20T19:47:19.237+0000] {processor.py:161} INFO - Started process (PID=514) to work on /opt/airflow/dags/logidata_pipeline_dag.py
[2026-04-20T19:47:19.239+0000] {processor.py:830} INFO - Processing file /opt/airflow/dags/logidata_pipeline_dag.py for tasks to queue
[2026-04-20T19:47:19.241+0000] {logging_mixin.py:188} INFO - [2026-04-20T19:47:19.240+0000] {dagbag.py:538} INFO - Filling up the DagBag from /opt/airflow/dags/logidata_pipeline_dag.py
[2026-04-20T19:47:19.333+0000] {processor.py:840} INFO - DAG(s) 'logidata_pipeline_dag' retrieved from /opt/airflow/dags/logidata_pipeline_dag.py
[2026-04-20T19:47:19.380+0000] {logging_mixin.py:188} INFO - [2026-04-20T19:47:19.380+0000] {dag.py:3036} INFO - Sync 1 DAGs
[2026-04-20T19:47:19.401+0000] {logging_mixin.py:188} INFO - [2026-04-20T19:47:19.400+0000] {dag.py:3823} INFO - Setting next_dagrun for logidata_pipeline_dag to None, run_after=None
[2026-04-20T19:47:19.518+0000] {processor.py:183} INFO - Processing /opt/airflow/dags/logidata_pipeline_dag.py took 0.285 seconds
[2026-04-20T19:47:50.183+0000] {processor.py:161} INFO - Started process (PID=515) to work on /opt/airflow/dags/logidata_pipeline_dag.py
[2026-04-20T19:47:50.185+0000] {processor.py:830} INFO - Processing file /opt/airflow/dags/logidata_pipeline_dag.py for tasks to queue
[2026-04-20T19:47:50.187+0000] {logging_mixin.py:188} INFO - [2026-04-20T19:47:50.186+0000] {dagbag.py:538} INFO - Filling up the DagBag from /opt/airflow/dags/logidata_pipeline_dag.py
[2026-04-20T19:47:50.273+0000] {processor.py:840} INFO - DAG(s) 'logidata_pipeline_dag' retrieved from /opt/airflow/dags/logidata_pipeline_dag.py
[2026-04-20T19:47:50.312+0000] {logging_mixin.py:188} INFO - [2026-04-20T19:47:50.311+0000] {dag.py:3036} INFO - Sync 1 DAGs
[2026-04-20T19:47:50.330+0000] {logging_mixin.py:188} INFO - [2026-04-20T19:47:50.330+0000] {dag.py:3823} INFO - Setting next_dagrun for logidata_pipeline_dag to None, run_after=None
[2026-04-20T19:47:50.428+0000] {processor.py:183} INFO - Processing /opt/airflow/dags/logidata_pipeline_dag.py took 0.249 seconds
[2026-04-20T19:48:21.498+0000] {processor.py:161} INFO - Started process (PID=516) to work on /opt/airflow/dags/logidata_pipeline_dag.py
[2026-04-20T19:48:21.500+0000] {processor.py:830} INFO - Processing file /opt/airflow/dags/logidata_pipeline_dag.py for tasks to queue
[2026-04-20T19:48:21.501+0000] {logging_mixin.py:188} INFO - [2026-04-20T19:48:21.501+0000] {dagbag.py:538} INFO - Filling up the DagBag from /opt/airflow/dags/logidata_pipeline_dag.py
[2026-04-20T19:48:21.577+0000] {processor.py:840} INFO - DAG(s) 'logidata_pipeline_dag' retrieved from /opt/airflow/dags/logidata_pipeline_dag.py
[2026-04-20T19:48:21.648+0000] {logging_mixin.py:188} INFO - [2026-04-20T19:48:21.648+0000] {dag.py:3036} INFO - Sync 1 DAGs
[2026-04-20T19:48:21.667+0000] {logging_mixin.py:188} INFO - [2026-04-20T19:48:21.667+0000] {dag.py:3823} INFO - Setting next_dagrun for logidata_pipeline_dag to None, run_after=None
[2026-04-20T19:48:21.786+0000] {processor.py:183} INFO - Processing /opt/airflow/dags/logidata_pipeline_dag.py took 0.291 seconds
[2026-04-20T19:48:52.069+0000] {processor.py:161} INFO - Started process (PID=517) to work on /opt/airflow/dags/logidata_pipeline_dag.py
[2026-04-20T19:48:52.070+0000] {processor.py:830} INFO - Processing file /opt/airflow/dags/logidata_pipeline_dag.py for tasks to queue
[2026-04-20T19:48:52.071+0000] {logging_mixin.py:188} INFO - [2026-04-20T19:48:52.071+0000] {dagbag.py:538} INFO - Filling up the DagBag from /opt/airflow/dags/logidata_pipeline_dag.py
[2026-04-20T19:48:52.151+0000] {processor.py:840} INFO - DAG(s) 'logidata_pipeline_dag' retrieved from /opt/airflow/dags/logidata_pipeline_dag.py
[2026-04-20T19:48:52.216+0000] {logging_mixin.py:188} INFO - [2026-04-20T19:48:52.216+0000] {dag.py:3036} INFO - Sync 1 DAGs
[2026-04-20T19:48:52.247+0000] {logging_mixin.py:188} INFO - [2026-04-20T19:48:52.246+0000] {dag.py:3823} INFO - Setting next_dagrun for logidata_pipeline_dag to None, run_after=None
[2026-04-20T19:48:52.424+0000] {processor.py:183} INFO - Processing /opt/airflow/dags/logidata_pipeline_dag.py took 0.358 seconds
[2026-04-20T19:49:24.861+0000] {processor.py:161} INFO - Started process (PID=518) to work on /opt/airflow/dags/logidata_pipeline_dag.py
[2026-04-20T19:49:24.862+0000] {processor.py:830} INFO - Processing file /opt/airflow/dags/logidata_pipeline_dag.py for tasks to queue
[2026-04-20T19:49:24.864+0000] {logging_mixin.py:188} INFO - [2026-04-20T19:49:24.863+0000] {dagbag.py:538} INFO - Filling up the DagBag from /opt/airflow/dags/logidata_pipeline_dag.py
[2026-04-20T19:49:24.925+0000] {processor.py:840} INFO - DAG(s) 'logidata_pipeline_dag' retrieved from /opt/airflow/dags/logidata_pipeline_dag.py
[2026-04-20T19:49:24.974+0000] {logging_mixin.py:188} INFO - [2026-04-20T19:49:24.973+0000] {dag.py:3036} INFO - Sync 1 DAGs
[2026-04-20T19:49:24.989+0000] {logging_mixin.py:188} INFO - [2026-04-20T19:49:24.989+0000] {dag.py:3823} INFO - Setting next_dagrun for logidata_pipeline_dag to None, run_after=None
[2026-04-20T19:49:25.047+0000] {processor.py:183} INFO - Processing /opt/airflow/dags/logidata_pipeline_dag.py took 0.193 seconds
[2026-04-20T19:49:57.237+0000] {processor.py:161} INFO - Started process (PID=519) to work on /opt/airflow/dags/logidata_pipeline_dag.py
[2026-04-20T19:49:57.239+0000] {processor.py:830} INFO - Processing file /opt/airflow/dags/logidata_pipeline_dag.py for tasks to queue
[2026-04-20T19:49:57.241+0000] {logging_mixin.py:188} INFO - [2026-04-20T19:49:57.241+0000] {dagbag.py:538} INFO - Filling up the DagBag from /opt/airflow/dags/logidata_pipeline_dag.py
[2026-04-20T19:49:57.314+0000] {processor.py:840} INFO - DAG(s) 'logidata_pipeline_dag' retrieved from /opt/airflow/dags/logidata_pipeline_dag.py
[2026-04-20T19:49:57.361+0000] {logging_mixin.py:188} INFO - [2026-04-20T19:49:57.361+0000] {dag.py:3036} INFO - Sync 1 DAGs
[2026-04-20T19:49:57.376+0000] {logging_mixin.py:188} INFO - [2026-04-20T19:49:57.376+0000] {dag.py:3823} INFO - Setting next_dagrun for logidata_pipeline_dag to None, run_after=None
[2026-04-20T19:49:57.450+0000] {processor.py:183} INFO - Processing /opt/airflow/dags/logidata_pipeline_dag.py took 0.216 seconds
[2026-04-20T19:50:30.719+0000] {processor.py:161} INFO - Started process (PID=520) to work on /opt/airflow/dags/logidata_pipeline_dag.py
[2026-04-20T19:50:30.720+0000] {processor.py:830} INFO - Processing file /opt/airflow/dags/logidata_pipeline_dag.py for tasks to queue
[2026-04-20T19:50:30.722+0000] {logging_mixin.py:188} INFO - [2026-04-20T19:50:30.722+0000] {dagbag.py:538} INFO - Filling up the DagBag from /opt/airflow/dags/logidata_pipeline_dag.py
[2026-04-20T19:50:30.811+0000] {processor.py:840} INFO - DAG(s) 'logidata_pipeline_dag' retrieved from /opt/airflow/dags/logidata_pipeline_dag.py
[2026-04-20T19:50:30.859+0000] {logging_mixin.py:188} INFO - [2026-04-20T19:50:30.859+0000] {dag.py:3036} INFO - Sync 1 DAGs
[2026-04-20T19:50:30.877+0000] {logging_mixin.py:188} INFO - [2026-04-20T19:50:30.876+0000] {dag.py:3823} INFO - Setting next_dagrun for logidata_pipeline_dag to None, run_after=None
[2026-04-20T19:50:30.970+0000] {processor.py:183} INFO - Processing /opt/airflow/dags/logidata_pipeline_dag.py took 0.255 seconds
[2026-04-20T19:51:01.055+0000] {processor.py:161} INFO - Started process (PID=521) to work on /opt/airflow/dags/logidata_pipeline_dag.py
[2026-04-20T19:51:01.057+0000] {processor.py:830} INFO - Processing file /opt/airflow/dags/logidata_pipeline_dag.py for tasks to queue
[2026-04-20T19:51:01.061+0000] {logging_mixin.py:188} INFO - [2026-04-20T19:51:01.059+0000] {dagbag.py:538} INFO - Filling up the DagBag from /opt/airflow/dags/logidata_pipeline_dag.py
[2026-04-20T19:51:01.155+0000] {processor.py:840} INFO - DAG(s) 'logidata_pipeline_dag' retrieved from /opt/airflow/dags/logidata_pipeline_dag.py
[2026-04-20T19:51:01.197+0000] {logging_mixin.py:188} INFO - [2026-04-20T19:51:01.197+0000] {dag.py:3036} INFO - Sync 1 DAGs
[2026-04-20T19:51:01.216+0000] {logging_mixin.py:188} INFO - [2026-04-20T19:51:01.216+0000] {dag.py:3823} INFO - Setting next_dagrun for logidata_pipeline_dag to None, run_after=None
[2026-04-20T19:51:01.296+0000] {processor.py:183} INFO - Processing /opt/airflow/dags/logidata_pipeline_dag.py took 0.247 seconds
[2026-04-20T19:51:32.012+0000] {processor.py:161} INFO - Started process (PID=522) to work on /opt/airflow/dags/logidata_pipeline_dag.py
[2026-04-20T19:51:32.014+0000] {processor.py:830} INFO - Processing file /opt/airflow/dags/logidata_pipeline_dag.py for tasks to queue
[2026-04-20T19:51:32.015+0000] {logging_mixin.py:188} INFO - [2026-04-20T19:51:32.015+0000] {dagbag.py:538} INFO - Filling up the DagBag from /opt/airflow/dags/logidata_pipeline_dag.py
[2026-04-20T19:51:32.096+0000] {processor.py:840} INFO - DAG(s) 'logidata_pipeline_dag' retrieved from /opt/airflow/dags/logidata_pipeline_dag.py
[2026-04-20T19:51:32.157+0000] {logging_mixin.py:188} INFO - [2026-04-20T19:51:32.156+0000] {dag.py:3036} INFO - Sync 1 DAGs
[2026-04-20T19:51:32.177+0000] {logging_mixin.py:188} INFO - [2026-04-20T19:51:32.177+0000] {dag.py:3823} INFO - Setting next_dagrun for logidata_pipeline_dag to None, run_after=None
[2026-04-20T19:51:32.290+0000] {processor.py:183} INFO - Processing /opt/airflow/dags/logidata_pipeline_dag.py took 0.289 seconds
[2026-04-20T19:52:03.377+0000] {processor.py:161} INFO - Started process (PID=523) to work on /opt/airflow/dags/logidata_pipeline_dag.py
[2026-04-20T19:52:03.380+0000] {processor.py:830} INFO - Processing file /opt/airflow/dags/logidata_pipeline_dag.py for tasks to queue
[2026-04-20T19:52:03.382+0000] {logging_mixin.py:188} INFO - [2026-04-20T19:52:03.382+0000] {dagbag.py:538} INFO - Filling up the DagBag from /opt/airflow/dags/logidata_pipeline_dag.py
[2026-04-20T19:52:03.475+0000] {processor.py:840} INFO - DAG(s) 'logidata_pipeline_dag' retrieved from /opt/airflow/dags/logidata_pipeline_dag.py
[2026-04-20T19:52:03.537+0000] {logging_mixin.py:188} INFO - [2026-04-20T19:52:03.537+0000] {dag.py:3036} INFO - Sync 1 DAGs
[2026-04-20T19:52:03.556+0000] {logging_mixin.py:188} INFO - [2026-04-20T19:52:03.556+0000] {dag.py:3823} INFO - Setting next_dagrun for logidata_pipeline_dag to None, run_after=None
[2026-04-20T19:52:03.709+0000] {processor.py:183} INFO - Processing /opt/airflow/dags/logidata_pipeline_dag.py took 0.342 seconds
[2026-04-20T19:52:35.452+0000] {processor.py:161} INFO - Started process (PID=524) to work on /opt/airflow/dags/logidata_pipeline_dag.py
[2026-04-20T19:52:35.457+0000] {processor.py:830} INFO - Processing file /opt/airflow/dags/logidata_pipeline_dag.py for tasks to queue
[2026-04-20T19:52:35.458+0000] {logging_mixin.py:188} INFO - [2026-04-20T19:52:35.458+0000] {dagbag.py:538} INFO - Filling up the DagBag from /opt/airflow/dags/logidata_pipeline_dag.py
[2026-04-20T19:52:35.536+0000] {processor.py:840} INFO - DAG(s) 'logidata_pipeline_dag' retrieved from /opt/airflow/dags/logidata_pipeline_dag.py
[2026-04-20T19:52:35.575+0000] {logging_mixin.py:188} INFO - [2026-04-20T19:52:35.574+0000] {dag.py:3036} INFO - Sync 1 DAGs
[2026-04-20T19:52:35.601+0000] {logging_mixin.py:188} INFO - [2026-04-20T19:52:35.601+0000] {dag.py:3823} INFO - Setting next_dagrun for logidata_pipeline_dag to None, run_after=None
[2026-04-20T19:52:35.689+0000] {processor.py:183} INFO - Processing /opt/airflow/dags/logidata_pipeline_dag.py took 0.243 seconds
[2026-04-20T19:53:08.214+0000] {processor.py:161} INFO - Started process (PID=525) to work on /opt/airflow/dags/logidata_pipeline_dag.py
[2026-04-20T19:53:08.222+0000] {processor.py:830} INFO - Processing file /opt/airflow/dags/logidata_pipeline_dag.py for tasks to queue
[2026-04-20T19:53:08.227+0000] {logging_mixin.py:188} INFO - [2026-04-20T19:53:08.224+0000] {dagbag.py:538} INFO - Filling up the DagBag from /opt/airflow/dags/logidata_pipeline_dag.py
[2026-04-20T19:53:08.459+0000] {processor.py:840} INFO - DAG(s) 'logidata_pipeline_dag' retrieved from /opt/airflow/dags/logidata_pipeline_dag.py
[2026-04-20T19:53:08.514+0000] {logging_mixin.py:188} INFO - [2026-04-20T19:53:08.514+0000] {dag.py:3036} INFO - Sync 1 DAGs
[2026-04-20T19:53:08.534+0000] {logging_mixin.py:188} INFO - [2026-04-20T19:53:08.534+0000] {dag.py:3823} INFO - Setting next_dagrun for logidata_pipeline_dag to None, run_after=None
[2026-04-20T19:53:08.617+0000] {processor.py:183} INFO - Processing /opt/airflow/dags/logidata_pipeline_dag.py took 0.416 seconds
[2026-04-20T19:53:41.514+0000] {processor.py:161} INFO - Started process (PID=526) to work on /opt/airflow/dags/logidata_pipeline_dag.py
[2026-04-20T19:53:41.516+0000] {processor.py:830} INFO - Processing file /opt/airflow/dags/logidata_pipeline_dag.py for tasks to queue
[2026-04-20T19:53:41.518+0000] {logging_mixin.py:188} INFO - [2026-04-20T19:53:41.517+0000] {dagbag.py:538} INFO - Filling up the DagBag from /opt/airflow/dags/logidata_pipeline_dag.py
[2026-04-20T19:53:41.604+0000] {processor.py:840} INFO - DAG(s) 'logidata_pipeline_dag' retrieved from /opt/airflow/dags/logidata_pipeline_dag.py
[2026-04-20T19:53:41.652+0000] {logging_mixin.py:188} INFO - [2026-04-20T19:53:41.652+0000] {dag.py:3036} INFO - Sync 1 DAGs
[2026-04-20T19:53:41.668+0000] {logging_mixin.py:188} INFO - [2026-04-20T19:53:41.668+0000] {dag.py:3823} INFO - Setting next_dagrun for logidata_pipeline_dag to None, run_after=None
[2026-04-20T19:53:41.762+0000] {processor.py:183} INFO - Processing /opt/airflow/dags/logidata_pipeline_dag.py took 0.253 seconds
[2026-04-20T19:54:12.071+0000] {processor.py:161} INFO - Started process (PID=527) to work on /opt/airflow/dags/logidata_pipeline_dag.py
[2026-04-20T19:54:12.074+0000] {processor.py:830} INFO - Processing file /opt/airflow/dags/logidata_pipeline_dag.py for tasks to queue
[2026-04-20T19:54:12.076+0000] {logging_mixin.py:188} INFO - [2026-04-20T19:54:12.075+0000] {dagbag.py:538} INFO - Filling up the DagBag from /opt/airflow/dags/logidata_pipeline_dag.py
[2026-04-20T19:54:12.165+0000] {processor.py:840} INFO - DAG(s) 'logidata_pipeline_dag' retrieved from /opt/airflow/dags/logidata_pipeline_dag.py
[2026-04-20T19:54:12.203+0000] {logging_mixin.py:188} INFO - [2026-04-20T19:54:12.203+0000] {dag.py:3036} INFO - Sync 1 DAGs
[2026-04-20T19:54:12.220+0000] {logging_mixin.py:188} INFO - [2026-04-20T19:54:12.220+0000] {dag.py:3823} INFO - Setting next_dagrun for logidata_pipeline_dag to None, run_after=None
[2026-04-20T19:54:12.288+0000] {processor.py:183} INFO - Processing /opt/airflow/dags/logidata_pipeline_dag.py took 0.221 seconds
[2026-04-20T19:54:43.364+0000] {processor.py:161} INFO - Started process (PID=528) to work on /opt/airflow/dags/logidata_pipeline_dag.py
[2026-04-20T19:54:43.368+0000] {processor.py:830} INFO - Processing file /opt/airflow/dags/logidata_pipeline_dag.py for tasks to queue
[2026-04-20T19:54:43.370+0000] {logging_mixin.py:188} INFO - [2026-04-20T19:54:43.370+0000] {dagbag.py:538} INFO - Filling up the DagBag from /opt/airflow/dags/logidata_pipeline_dag.py
[2026-04-20T19:54:43.459+0000] {processor.py:840} INFO - DAG(s) 'logidata_pipeline_dag' retrieved from /opt/airflow/dags/logidata_pipeline_dag.py
[2026-04-20T19:54:43.500+0000] {logging_mixin.py:188} INFO - [2026-04-20T19:54:43.500+0000] {dag.py:3036} INFO - Sync 1 DAGs
[2026-04-20T19:54:43.520+0000] {logging_mixin.py:188} INFO - [2026-04-20T19:54:43.520+0000] {dag.py:3823} INFO - Setting next_dagrun for logidata_pipeline_dag to None, run_after=None
[2026-04-20T19:54:43.629+0000] {processor.py:183} INFO - Processing /opt/airflow/dags/logidata_pipeline_dag.py took 0.277 seconds
[2026-04-20T19:55:14.404+0000] {processor.py:161} INFO - Started process (PID=529) to work on /opt/airflow/dags/logidata_pipeline_dag.py
[2026-04-20T19:55:14.405+0000] {processor.py:830} INFO - Processing file /opt/airflow/dags/logidata_pipeline_dag.py for tasks to queue
[2026-04-20T19:55:14.407+0000] {logging_mixin.py:188} INFO - [2026-04-20T19:55:14.406+0000] {dagbag.py:538} INFO - Filling up the DagBag from /opt/airflow/dags/logidata_pipeline_dag.py
[2026-04-20T19:55:14.480+0000] {processor.py:840} INFO - DAG(s) 'logidata_pipeline_dag' retrieved from /opt/airflow/dags/logidata_pipeline_dag.py
[2026-04-20T19:55:14.519+0000] {logging_mixin.py:188} INFO - [2026-04-20T19:55:14.519+0000] {dag.py:3036} INFO - Sync 1 DAGs
[2026-04-20T19:55:14.536+0000] {logging_mixin.py:188} INFO - [2026-04-20T19:55:14.535+0000] {dag.py:3823} INFO - Setting next_dagrun for logidata_pipeline_dag to None, run_after=None
[2026-04-20T19:55:14.609+0000] {processor.py:183} INFO - Processing /opt/airflow/dags/logidata_pipeline_dag.py took 0.209 seconds
[2026-04-20T19:55:46.282+0000] {processor.py:161} INFO - Started process (PID=530) to work on /opt/airflow/dags/logidata_pipeline_dag.py
[2026-04-20T19:55:46.284+0000] {processor.py:830} INFO - Processing file /opt/airflow/dags/logidata_pipeline_dag.py for tasks to queue
[2026-04-20T19:55:46.285+0000] {logging_mixin.py:188} INFO - [2026-04-20T19:55:46.285+0000] {dagbag.py:538} INFO - Filling up the DagBag from /opt/airflow/dags/logidata_pipeline_dag.py
[2026-04-20T19:55:46.358+0000] {processor.py:840} INFO - DAG(s) 'logidata_pipeline_dag' retrieved from /opt/airflow/dags/logidata_pipeline_dag.py
[2026-04-20T19:55:46.399+0000] {logging_mixin.py:188} INFO - [2026-04-20T19:55:46.399+0000] {dag.py:3036} INFO - Sync 1 DAGs
[2026-04-20T19:55:46.414+0000] {logging_mixin.py:188} INFO - [2026-04-20T19:55:46.414+0000] {dag.py:3823} INFO - Setting next_dagrun for logidata_pipeline_dag to None, run_after=None
[2026-04-20T19:55:46.506+0000] {processor.py:183} INFO - Processing /opt/airflow/dags/logidata_pipeline_dag.py took 0.229 seconds
[2026-04-20T19:56:19.812+0000] {processor.py:161} INFO - Started process (PID=531) to work on /opt/airflow/dags/logidata_pipeline_dag.py
[2026-04-20T19:56:19.814+0000] {processor.py:830} INFO - Processing file /opt/airflow/dags/logidata_pipeline_dag.py for tasks to queue
[2026-04-20T19:56:19.816+0000] {logging_mixin.py:188} INFO - [2026-04-20T19:56:19.815+0000] {dagbag.py:538} INFO - Filling up the DagBag from /opt/airflow/dags/logidata_pipeline_dag.py
[2026-04-20T19:56:19.922+0000] {processor.py:840} INFO - DAG(s) 'logidata_pipeline_dag' retrieved from /opt/airflow/dags/logidata_pipeline_dag.py
[2026-04-20T19:56:19.965+0000] {logging_mixin.py:188} INFO - [2026-04-20T19:56:19.964+0000] {dag.py:3036} INFO - Sync 1 DAGs
[2026-04-20T19:56:19.983+0000] {logging_mixin.py:188} INFO - [2026-04-20T19:56:19.983+0000] {dag.py:3823} INFO - Setting next_dagrun for logidata_pipeline_dag to None, run_after=None
[2026-04-20T19:56:20.071+0000] {processor.py:183} INFO - Processing /opt/airflow/dags/logidata_pipeline_dag.py took 0.264 seconds
[2026-04-20T19:56:52.137+0000] {processor.py:161} INFO - Started process (PID=532) to work on /opt/airflow/dags/logidata_pipeline_dag.py
[2026-04-20T19:56:52.138+0000] {processor.py:830} INFO - Processing file /opt/airflow/dags/logidata_pipeline_dag.py for tasks to queue
[2026-04-20T19:56:52.140+0000] {logging_mixin.py:188} INFO - [2026-04-20T19:56:52.139+0000] {dagbag.py:538} INFO - Filling up the DagBag from /opt/airflow/dags/logidata_pipeline_dag.py
[2026-04-20T19:56:52.224+0000] {processor.py:840} INFO - DAG(s) 'logidata_pipeline_dag' retrieved from /opt/airflow/dags/logidata_pipeline_dag.py
[2026-04-20T19:56:52.268+0000] {logging_mixin.py:188} INFO - [2026-04-20T19:56:52.268+0000] {dag.py:3036} INFO - Sync 1 DAGs
[2026-04-20T19:56:52.285+0000] {logging_mixin.py:188} INFO - [2026-04-20T19:56:52.285+0000] {dag.py:3823} INFO - Setting next_dagrun for logidata_pipeline_dag to None, run_after=None
[2026-04-20T19:56:52.367+0000] {processor.py:183} INFO - Processing /opt/airflow/dags/logidata_pipeline_dag.py took 0.239 seconds
[2026-04-20T19:57:23.959+0000] {processor.py:161} INFO - Started process (PID=533) to work on /opt/airflow/dags/logidata_pipeline_dag.py
[2026-04-20T19:57:23.971+0000] {processor.py:830} INFO - Processing file /opt/airflow/dags/logidata_pipeline_dag.py for tasks to queue
[2026-04-20T19:57:23.977+0000] {logging_mixin.py:188} INFO - [2026-04-20T19:57:23.976+0000] {dagbag.py:538} INFO - Filling up the DagBag from /opt/airflow/dags/logidata_pipeline_dag.py
[2026-04-20T19:57:24.353+0000] {processor.py:840} INFO - DAG(s) 'logidata_pipeline_dag' retrieved from /opt/airflow/dags/logidata_pipeline_dag.py
[2026-04-20T19:57:24.553+0000] {logging_mixin.py:188} INFO - [2026-04-20T19:57:24.552+0000] {dag.py:3036} INFO - Sync 1 DAGs
[2026-04-20T19:57:24.595+0000] {logging_mixin.py:188} INFO - [2026-04-20T19:57:24.594+0000] {dag.py:3823} INFO - Setting next_dagrun for logidata_pipeline_dag to None, run_after=None
[2026-04-20T19:57:25.136+0000] {processor.py:183} INFO - Processing /opt/airflow/dags/logidata_pipeline_dag.py took 1.182 seconds
[2026-04-20T19:57:56.236+0000] {processor.py:161} INFO - Started process (PID=534) to work on /opt/airflow/dags/logidata_pipeline_dag.py
[2026-04-20T19:57:56.241+0000] {processor.py:830} INFO - Processing file /opt/airflow/dags/logidata_pipeline_dag.py for tasks to queue
[2026-04-20T19:57:56.243+0000] {logging_mixin.py:188} INFO - [2026-04-20T19:57:56.242+0000] {dagbag.py:538} INFO - Filling up the DagBag from /opt/airflow/dags/logidata_pipeline_dag.py
[2026-04-20T19:57:56.330+0000] {processor.py:840} INFO - DAG(s) 'logidata_pipeline_dag' retrieved from /opt/airflow/dags/logidata_pipeline_dag.py
[2026-04-20T19:57:56.380+0000] {logging_mixin.py:188} INFO - [2026-04-20T19:57:56.379+0000] {dag.py:3036} INFO - Sync 1 DAGs
[2026-04-20T19:57:56.399+0000] {logging_mixin.py:188} INFO - [2026-04-20T19:57:56.398+0000] {dag.py:3823} INFO - Setting next_dagrun for logidata_pipeline_dag to None, run_after=None
[2026-04-20T19:57:56.460+0000] {processor.py:183} INFO - Processing /opt/airflow/dags/logidata_pipeline_dag.py took 0.233 seconds
[2026-04-20T19:58:27.185+0000] {processor.py:161} INFO - Started process (PID=535) to work on /opt/airflow/dags/logidata_pipeline_dag.py
[2026-04-20T19:58:27.186+0000] {processor.py:830} INFO - Processing file /opt/airflow/dags/logidata_pipeline_dag.py for tasks to queue
[2026-04-20T19:58:27.187+0000] {logging_mixin.py:188} INFO - [2026-04-20T19:58:27.187+0000] {dagbag.py:538} INFO - Filling up the DagBag from /opt/airflow/dags/logidata_pipeline_dag.py
[2026-04-20T19:58:27.264+0000] {processor.py:840} INFO - DAG(s) 'logidata_pipeline_dag' retrieved from /opt/airflow/dags/logidata_pipeline_dag.py
[2026-04-20T19:58:27.307+0000] {logging_mixin.py:188} INFO - [2026-04-20T19:58:27.306+0000] {dag.py:3036} INFO - Sync 1 DAGs
[2026-04-20T19:58:27.322+0000] {logging_mixin.py:188} INFO - [2026-04-20T19:58:27.322+0000] {dag.py:3823} INFO - Setting next_dagrun for logidata_pipeline_dag to None, run_after=None
[2026-04-20T19:58:27.388+0000] {processor.py:183} INFO - Processing /opt/airflow/dags/logidata_pipeline_dag.py took 0.207 seconds
[2026-04-20T19:58:58.564+0000] {processor.py:161} INFO - Started process (PID=536) to work on /opt/airflow/dags/logidata_pipeline_dag.py
[2026-04-20T19:58:58.568+0000] {processor.py:830} INFO - Processing file /opt/airflow/dags/logidata_pipeline_dag.py for tasks to queue
[2026-04-20T19:58:58.571+0000] {logging_mixin.py:188} INFO - [2026-04-20T19:58:58.570+0000] {dagbag.py:538} INFO - Filling up the DagBag from /opt/airflow/dags/logidata_pipeline_dag.py
[2026-04-20T19:58:58.663+0000] {processor.py:840} INFO - DAG(s) 'logidata_pipeline_dag' retrieved from /opt/airflow/dags/logidata_pipeline_dag.py
[2026-04-20T19:58:58.708+0000] {logging_mixin.py:188} INFO - [2026-04-20T19:58:58.708+0000] {dag.py:3036} INFO - Sync 1 DAGs
[2026-04-20T19:58:58.733+0000] {logging_mixin.py:188} INFO - [2026-04-20T19:58:58.733+0000] {dag.py:3823} INFO - Setting next_dagrun for logidata_pipeline_dag to None, run_after=None
[2026-04-20T19:58:58.841+0000] {processor.py:183} INFO - Processing /opt/airflow/dags/logidata_pipeline_dag.py took 0.285 seconds
[2026-04-20T19:59:30.445+0000] {processor.py:161} INFO - Started process (PID=537) to work on /opt/airflow/dags/logidata_pipeline_dag.py
[2026-04-20T19:59:30.446+0000] {processor.py:830} INFO - Processing file /opt/airflow/dags/logidata_pipeline_dag.py for tasks to queue
[2026-04-20T19:59:30.448+0000] {logging_mixin.py:188} INFO - [2026-04-20T19:59:30.448+0000] {dagbag.py:538} INFO - Filling up the DagBag from /opt/airflow/dags/logidata_pipeline_dag.py
[2026-04-20T19:59:30.522+0000] {processor.py:840} INFO - DAG(s) 'logidata_pipeline_dag' retrieved from /opt/airflow/dags/logidata_pipeline_dag.py
[2026-04-20T19:59:30.565+0000] {logging_mixin.py:188} INFO - [2026-04-20T19:59:30.565+0000] {dag.py:3036} INFO - Sync 1 DAGs
[2026-04-20T19:59:30.586+0000] {logging_mixin.py:188} INFO - [2026-04-20T19:59:30.585+0000] {dag.py:3823} INFO - Setting next_dagrun for logidata_pipeline_dag to None, run_after=None
[2026-04-20T19:59:30.655+0000] {processor.py:183} INFO - Processing /opt/airflow/dags/logidata_pipeline_dag.py took 0.218 seconds
[2026-04-20T20:00:02.350+0000] {processor.py:161} INFO - Started process (PID=538) to work on /opt/airflow/dags/logidata_pipeline_dag.py
[2026-04-20T20:00:02.352+0000] {processor.py:830} INFO - Processing file /opt/airflow/dags/logidata_pipeline_dag.py for tasks to queue
[2026-04-20T20:00:02.353+0000] {logging_mixin.py:188} INFO - [2026-04-20T20:00:02.353+0000] {dagbag.py:538} INFO - Filling up the DagBag from /opt/airflow/dags/logidata_pipeline_dag.py
[2026-04-20T20:00:02.446+0000] {processor.py:840} INFO - DAG(s) 'logidata_pipeline_dag' retrieved from /opt/airflow/dags/logidata_pipeline_dag.py
[2026-04-20T20:00:02.504+0000] {logging_mixin.py:188} INFO - [2026-04-20T20:00:02.503+0000] {dag.py:3036} INFO - Sync 1 DAGs
[2026-04-20T20:00:02.521+0000] {logging_mixin.py:188} INFO - [2026-04-20T20:00:02.520+0000] {dag.py:3823} INFO - Setting next_dagrun for logidata_pipeline_dag to None, run_after=None
[2026-04-20T20:00:02.591+0000] {processor.py:183} INFO - Processing /opt/airflow/dags/logidata_pipeline_dag.py took 0.246 seconds
[2026-04-20T20:00:33.797+0000] {processor.py:161} INFO - Started process (PID=539) to work on /opt/airflow/dags/logidata_pipeline_dag.py
[2026-04-20T20:00:33.798+0000] {processor.py:830} INFO - Processing file /opt/airflow/dags/logidata_pipeline_dag.py for tasks to queue
[2026-04-20T20:00:33.800+0000] {logging_mixin.py:188} INFO - [2026-04-20T20:00:33.799+0000] {dagbag.py:538} INFO - Filling up the DagBag from /opt/airflow/dags/logidata_pipeline_dag.py
[2026-04-20T20:00:33.896+0000] {processor.py:840} INFO - DAG(s) 'logidata_pipeline_dag' retrieved from /opt/airflow/dags/logidata_pipeline_dag.py
[2026-04-20T20:00:33.945+0000] {logging_mixin.py:188} INFO - [2026-04-20T20:00:33.945+0000] {dag.py:3036} INFO - Sync 1 DAGs
[2026-04-20T20:00:33.963+0000] {logging_mixin.py:188} INFO - [2026-04-20T20:00:33.963+0000] {dag.py:3823} INFO - Setting next_dagrun for logidata_pipeline_dag to None, run_after=None
[2026-04-20T20:00:34.117+0000] {processor.py:183} INFO - Processing /opt/airflow/dags/logidata_pipeline_dag.py took 0.330 seconds
[2026-04-20T20:01:04.819+0000] {processor.py:161} INFO - Started process (PID=540) to work on /opt/airflow/dags/logidata_pipeline_dag.py
[2026-04-20T20:01:04.821+0000] {processor.py:830} INFO - Processing file /opt/airflow/dags/logidata_pipeline_dag.py for tasks to queue
[2026-04-20T20:01:04.824+0000] {logging_mixin.py:188} INFO - [2026-04-20T20:01:04.823+0000] {dagbag.py:538} INFO - Filling up the DagBag from /opt/airflow/dags/logidata_pipeline_dag.py
[2026-04-20T20:01:04.997+0000] {processor.py:840} INFO - DAG(s) 'logidata_pipeline_dag' retrieved from /opt/airflow/dags/logidata_pipeline_dag.py
[2026-04-20T20:01:05.054+0000] {logging_mixin.py:188} INFO - [2026-04-20T20:01:05.054+0000] {dag.py:3036} INFO - Sync 1 DAGs
[2026-04-20T20:01:05.073+0000] {logging_mixin.py:188} INFO - [2026-04-20T20:01:05.073+0000] {dag.py:3823} INFO - Setting next_dagrun for logidata_pipeline_dag to None, run_after=None
[2026-04-20T20:01:05.255+0000] {processor.py:183} INFO - Processing /opt/airflow/dags/logidata_pipeline_dag.py took 0.447 seconds
[2026-04-20T20:01:36.313+0000] {processor.py:161} INFO - Started process (PID=541) to work on /opt/airflow/dags/logidata_pipeline_dag.py
[2026-04-20T20:01:36.315+0000] {processor.py:830} INFO - Processing file /opt/airflow/dags/logidata_pipeline_dag.py for tasks to queue
[2026-04-20T20:01:36.316+0000] {logging_mixin.py:188} INFO - [2026-04-20T20:01:36.316+0000] {dagbag.py:538} INFO - Filling up the DagBag from /opt/airflow/dags/logidata_pipeline_dag.py
[2026-04-20T20:01:36.400+0000] {processor.py:840} INFO - DAG(s) 'logidata_pipeline_dag' retrieved from /opt/airflow/dags/logidata_pipeline_dag.py
[2026-04-20T20:01:36.447+0000] {logging_mixin.py:188} INFO - [2026-04-20T20:01:36.447+0000] {dag.py:3036} INFO - Sync 1 DAGs
[2026-04-20T20:01:36.464+0000] {logging_mixin.py:188} INFO - [2026-04-20T20:01:36.464+0000] {dag.py:3823} INFO - Setting next_dagrun for logidata_pipeline_dag to None, run_after=None
[2026-04-20T20:01:36.558+0000] {processor.py:183} INFO - Processing /opt/airflow/dags/logidata_pipeline_dag.py took 0.251 seconds
[2026-04-20T20:02:08.633+0000] {processor.py:161} INFO - Started process (PID=542) to work on /opt/airflow/dags/logidata_pipeline_dag.py
[2026-04-20T20:02:08.635+0000] {processor.py:830} INFO - Processing file /opt/airflow/dags/logidata_pipeline_dag.py for tasks to queue
[2026-04-20T20:02:08.636+0000] {logging_mixin.py:188} INFO - [2026-04-20T20:02:08.636+0000] {dagbag.py:538} INFO - Filling up the DagBag from /opt/airflow/dags/logidata_pipeline_dag.py
[2026-04-20T20:02:08.738+0000] {processor.py:840} INFO - DAG(s) 'logidata_pipeline_dag' retrieved from /opt/airflow/dags/logidata_pipeline_dag.py
[2026-04-20T20:02:08.778+0000] {logging_mixin.py:188} INFO - [2026-04-20T20:02:08.777+0000] {dag.py:3036} INFO - Sync 1 DAGs
[2026-04-20T20:02:08.792+0000] {logging_mixin.py:188} INFO - [2026-04-20T20:02:08.792+0000] {dag.py:3823} INFO - Setting next_dagrun for logidata_pipeline_dag to None, run_after=None
[2026-04-20T20:02:08.876+0000] {processor.py:183} INFO - Processing /opt/airflow/dags/logidata_pipeline_dag.py took 0.248 seconds
[2026-04-20T20:02:40.758+0000] {processor.py:161} INFO - Started process (PID=543) to work on /opt/airflow/dags/logidata_pipeline_dag.py
[2026-04-20T20:02:40.760+0000] {processor.py:830} INFO - Processing file /opt/airflow/dags/logidata_pipeline_dag.py for tasks to queue
[2026-04-20T20:02:40.762+0000] {logging_mixin.py:188} INFO - [2026-04-20T20:02:40.761+0000] {dagbag.py:538} INFO - Filling up the DagBag from /opt/airflow/dags/logidata_pipeline_dag.py
[2026-04-20T20:02:40.834+0000] {processor.py:840} INFO - DAG(s) 'logidata_pipeline_dag' retrieved from /opt/airflow/dags/logidata_pipeline_dag.py
[2026-04-20T20:02:40.879+0000] {logging_mixin.py:188} INFO - [2026-04-20T20:02:40.879+0000] {dag.py:3036} INFO - Sync 1 DAGs
[2026-04-20T20:02:40.893+0000] {logging_mixin.py:188} INFO - [2026-04-20T20:02:40.893+0000] {dag.py:3823} INFO - Setting next_dagrun for logidata_pipeline_dag to None, run_after=None
[2026-04-20T20:02:41.004+0000] {processor.py:183} INFO - Processing /opt/airflow/dags/logidata_pipeline_dag.py took 0.250 seconds
[2026-04-20T20:03:13.890+0000] {processor.py:161} INFO - Started process (PID=544) to work on /opt/airflow/dags/logidata_pipeline_dag.py
[2026-04-20T20:03:13.893+0000] {processor.py:830} INFO - Processing file /opt/airflow/dags/logidata_pipeline_dag.py for tasks to queue
[2026-04-20T20:03:13.894+0000] {logging_mixin.py:188} INFO - [2026-04-20T20:03:13.894+0000] {dagbag.py:538} INFO - Filling up the DagBag from /opt/airflow/dags/logidata_pipeline_dag.py
[2026-04-20T20:03:13.988+0000] {processor.py:840} INFO - DAG(s) 'logidata_pipeline_dag' retrieved from /opt/airflow/dags/logidata_pipeline_dag.py
[2026-04-20T20:03:14.036+0000] {logging_mixin.py:188} INFO - [2026-04-20T20:03:14.036+0000] {dag.py:3036} INFO - Sync 1 DAGs
[2026-04-20T20:03:14.057+0000] {logging_mixin.py:188} INFO - [2026-04-20T20:03:14.057+0000] {dag.py:3823} INFO - Setting next_dagrun for logidata_pipeline_dag to None, run_after=None
[2026-04-20T20:03:14.216+0000] {processor.py:183} INFO - Processing /opt/airflow/dags/logidata_pipeline_dag.py took 0.330 seconds
[2026-04-20T20:03:45.309+0000] {processor.py:161} INFO - Started process (PID=545) to work on /opt/airflow/dags/logidata_pipeline_dag.py
[2026-04-20T20:03:45.311+0000] {processor.py:830} INFO - Processing file /opt/airflow/dags/logidata_pipeline_dag.py for tasks to queue
[2026-04-20T20:03:45.313+0000] {logging_mixin.py:188} INFO - [2026-04-20T20:03:45.313+0000] {dagbag.py:538} INFO - Filling up the DagBag from /opt/airflow/dags/logidata_pipeline_dag.py
[2026-04-20T20:03:45.427+0000] {processor.py:840} INFO - DAG(s) 'logidata_pipeline_dag' retrieved from /opt/airflow/dags/logidata_pipeline_dag.py
[2026-04-20T20:03:45.465+0000] {logging_mixin.py:188} INFO - [2026-04-20T20:03:45.465+0000] {dag.py:3036} INFO - Sync 1 DAGs
[2026-04-20T20:03:45.487+0000] {logging_mixin.py:188} INFO - [2026-04-20T20:03:45.487+0000] {dag.py:3823} INFO - Setting next_dagrun for logidata_pipeline_dag to None, run_after=None
[2026-04-20T20:03:45.570+0000] {processor.py:183} INFO - Processing /opt/airflow/dags/logidata_pipeline_dag.py took 0.265 seconds
[2026-04-20T20:04:15.892+0000] {processor.py:161} INFO - Started process (PID=546) to work on /opt/airflow/dags/logidata_pipeline_dag.py
[2026-04-20T20:04:15.896+0000] {processor.py:830} INFO - Processing file /opt/airflow/dags/logidata_pipeline_dag.py for tasks to queue
[2026-04-20T20:04:15.897+0000] {logging_mixin.py:188} INFO - [2026-04-20T20:04:15.897+0000] {dagbag.py:538} INFO - Filling up the DagBag from /opt/airflow/dags/logidata_pipeline_dag.py
[2026-04-20T20:04:15.976+0000] {processor.py:840} INFO - DAG(s) 'logidata_pipeline_dag' retrieved from /opt/airflow/dags/logidata_pipeline_dag.py
[2026-04-20T20:04:16.025+0000] {logging_mixin.py:188} INFO - [2026-04-20T20:04:16.025+0000] {dag.py:3036} INFO - Sync 1 DAGs
[2026-04-20T20:04:16.047+0000] {logging_mixin.py:188} INFO - [2026-04-20T20:04:16.047+0000] {dag.py:3823} INFO - Setting next_dagrun for logidata_pipeline_dag to None, run_after=None
[2026-04-20T20:04:16.123+0000] {processor.py:183} INFO - Processing /opt/airflow/dags/logidata_pipeline_dag.py took 0.238 seconds
[2026-04-20T20:04:46.957+0000] {processor.py:161} INFO - Started process (PID=547) to work on /opt/airflow/dags/logidata_pipeline_dag.py
[2026-04-20T20:04:46.960+0000] {processor.py:830} INFO - Processing file /opt/airflow/dags/logidata_pipeline_dag.py for tasks to queue
[2026-04-20T20:04:46.963+0000] {logging_mixin.py:188} INFO - [2026-04-20T20:04:46.962+0000] {dagbag.py:538} INFO - Filling up the DagBag from /opt/airflow/dags/logidata_pipeline_dag.py
[2026-04-20T20:04:47.040+0000] {processor.py:840} INFO - DAG(s) 'logidata_pipeline_dag' retrieved from /opt/airflow/dags/logidata_pipeline_dag.py
[2026-04-20T20:04:47.087+0000] {logging_mixin.py:188} INFO - [2026-04-20T20:04:47.087+0000] {dag.py:3036} INFO - Sync 1 DAGs
[2026-04-20T20:04:47.107+0000] {logging_mixin.py:188} INFO - [2026-04-20T20:04:47.107+0000] {dag.py:3823} INFO - Setting next_dagrun for logidata_pipeline_dag to None, run_after=None
[2026-04-20T20:04:47.184+0000] {processor.py:183} INFO - Processing /opt/airflow/dags/logidata_pipeline_dag.py took 0.233 seconds
[2026-04-20T20:05:19.259+0000] {processor.py:161} INFO - Started process (PID=548) to work on /opt/airflow/dags/logidata_pipeline_dag.py
[2026-04-20T20:05:19.260+0000] {processor.py:830} INFO - Processing file /opt/airflow/dags/logidata_pipeline_dag.py for tasks to queue
[2026-04-20T20:05:19.262+0000] {logging_mixin.py:188} INFO - [2026-04-20T20:05:19.261+0000] {dagbag.py:538} INFO - Filling up the DagBag from /opt/airflow/dags/logidata_pipeline_dag.py
[2026-04-20T20:05:19.353+0000] {processor.py:840} INFO - DAG(s) 'logidata_pipeline_dag' retrieved from /opt/airflow/dags/logidata_pipeline_dag.py
[2026-04-20T20:05:19.395+0000] {logging_mixin.py:188} INFO - [2026-04-20T20:05:19.395+0000] {dag.py:3036} INFO - Sync 1 DAGs
[2026-04-20T20:05:19.421+0000] {logging_mixin.py:188} INFO - [2026-04-20T20:05:19.420+0000] {dag.py:3823} INFO - Setting next_dagrun for logidata_pipeline_dag to None, run_after=None
[2026-04-20T20:05:19.541+0000] {processor.py:183} INFO - Processing /opt/airflow/dags/logidata_pipeline_dag.py took 0.288 seconds
[2026-04-20T20:05:51.347+0000] {processor.py:161} INFO - Started process (PID=549) to work on /opt/airflow/dags/logidata_pipeline_dag.py
[2026-04-20T20:05:51.349+0000] {processor.py:830} INFO - Processing file /opt/airflow/dags/logidata_pipeline_dag.py for tasks to queue
[2026-04-20T20:05:51.350+0000] {logging_mixin.py:188} INFO - [2026-04-20T20:05:51.349+0000] {dagbag.py:538} INFO - Filling up the DagBag from /opt/airflow/dags/logidata_pipeline_dag.py
[2026-04-20T20:05:51.439+0000] {processor.py:840} INFO - DAG(s) 'logidata_pipeline_dag' retrieved from /opt/airflow/dags/logidata_pipeline_dag.py
[2026-04-20T20:05:51.485+0000] {logging_mixin.py:188} INFO - [2026-04-20T20:05:51.484+0000] {dag.py:3036} INFO - Sync 1 DAGs
[2026-04-20T20:05:51.512+0000] {logging_mixin.py:188} INFO - [2026-04-20T20:05:51.511+0000] {dag.py:3823} INFO - Setting next_dagrun for logidata_pipeline_dag to None, run_after=None
[2026-04-20T20:05:51.600+0000] {processor.py:183} INFO - Processing /opt/airflow/dags/logidata_pipeline_dag.py took 0.256 seconds
[2026-04-20T20:06:24.550+0000] {processor.py:161} INFO - Started process (PID=550) to work on /opt/airflow/dags/logidata_pipeline_dag.py
[2026-04-20T20:06:24.553+0000] {processor.py:830} INFO - Processing file /opt/airflow/dags/logidata_pipeline_dag.py for tasks to queue
[2026-04-20T20:06:24.554+0000] {logging_mixin.py:188} INFO - [2026-04-20T20:06:24.554+0000] {dagbag.py:538} INFO - Filling up the DagBag from /opt/airflow/dags/logidata_pipeline_dag.py
[2026-04-20T20:06:24.666+0000] {processor.py:840} INFO - DAG(s) 'logidata_pipeline_dag' retrieved from /opt/airflow/dags/logidata_pipeline_dag.py
[2026-04-20T20:06:24.746+0000] {logging_mixin.py:188} INFO - [2026-04-20T20:06:24.746+0000] {dag.py:3036} INFO - Sync 1 DAGs
[2026-04-20T20:06:24.764+0000] {logging_mixin.py:188} INFO - [2026-04-20T20:06:24.764+0000] {dag.py:3823} INFO - Setting next_dagrun for logidata_pipeline_dag to None, run_after=None
[2026-04-20T20:06:24.977+0000] {processor.py:183} INFO - Processing /opt/airflow/dags/logidata_pipeline_dag.py took 0.440 seconds
[2026-04-20T20:06:55.993+0000] {processor.py:161} INFO - Started process (PID=551) to work on /opt/airflow/dags/logidata_pipeline_dag.py
[2026-04-20T20:06:55.995+0000] {processor.py:830} INFO - Processing file /opt/airflow/dags/logidata_pipeline_dag.py for tasks to queue
[2026-04-20T20:06:55.997+0000] {logging_mixin.py:188} INFO - [2026-04-20T20:06:55.996+0000] {dagbag.py:538} INFO - Filling up the DagBag from /opt/airflow/dags/logidata_pipeline_dag.py
[2026-04-20T20:06:56.090+0000] {processor.py:840} INFO - DAG(s) 'logidata_pipeline_dag' retrieved from /opt/airflow/dags/logidata_pipeline_dag.py
[2026-04-20T20:06:56.133+0000] {logging_mixin.py:188} INFO - [2026-04-20T20:06:56.133+0000] {dag.py:3036} INFO - Sync 1 DAGs
[2026-04-20T20:06:56.151+0000] {logging_mixin.py:188} INFO - [2026-04-20T20:06:56.151+0000] {dag.py:3823} INFO - Setting next_dagrun for logidata_pipeline_dag to None, run_after=None
[2026-04-20T20:06:56.243+0000] {processor.py:183} INFO - Processing /opt/airflow/dags/logidata_pipeline_dag.py took 0.259 seconds
[2026-04-20T20:07:27.335+0000] {processor.py:161} INFO - Started process (PID=552) to work on /opt/airflow/dags/logidata_pipeline_dag.py
[2026-04-20T20:07:27.336+0000] {processor.py:830} INFO - Processing file /opt/airflow/dags/logidata_pipeline_dag.py for tasks to queue
[2026-04-20T20:07:27.338+0000] {logging_mixin.py:188} INFO - [2026-04-20T20:07:27.338+0000] {dagbag.py:538} INFO - Filling up the DagBag from /opt/airflow/dags/logidata_pipeline_dag.py
[2026-04-20T20:07:27.433+0000] {processor.py:840} INFO - DAG(s) 'logidata_pipeline_dag' retrieved from /opt/airflow/dags/logidata_pipeline_dag.py
[2026-04-20T20:07:27.466+0000] {logging_mixin.py:188} INFO - [2026-04-20T20:07:27.466+0000] {dag.py:3036} INFO - Sync 1 DAGs
[2026-04-20T20:07:27.480+0000] {logging_mixin.py:188} INFO - [2026-04-20T20:07:27.480+0000] {dag.py:3823} INFO - Setting next_dagrun for logidata_pipeline_dag to None, run_after=None
[2026-04-20T20:07:27.546+0000] {processor.py:183} INFO - Processing /opt/airflow/dags/logidata_pipeline_dag.py took 0.221 seconds
[2026-04-20T20:07:58.723+0000] {processor.py:161} INFO - Started process (PID=553) to work on /opt/airflow/dags/logidata_pipeline_dag.py
[2026-04-20T20:07:58.725+0000] {processor.py:830} INFO - Processing file /opt/airflow/dags/logidata_pipeline_dag.py for tasks to queue
[2026-04-20T20:07:58.726+0000] {logging_mixin.py:188} INFO - [2026-04-20T20:07:58.725+0000] {dagbag.py:538} INFO - Filling up the DagBag from /opt/airflow/dags/logidata_pipeline_dag.py
[2026-04-20T20:07:58.789+0000] {processor.py:840} INFO - DAG(s) 'logidata_pipeline_dag' retrieved from /opt/airflow/dags/logidata_pipeline_dag.py
[2026-04-20T20:07:58.833+0000] {logging_mixin.py:188} INFO - [2026-04-20T20:07:58.833+0000] {dag.py:3036} INFO - Sync 1 DAGs
[2026-04-20T20:07:58.850+0000] {logging_mixin.py:188} INFO - [2026-04-20T20:07:58.850+0000] {dag.py:3823} INFO - Setting next_dagrun for logidata_pipeline_dag to None, run_after=None
[2026-04-20T20:07:58.994+0000] {processor.py:183} INFO - Processing /opt/airflow/dags/logidata_pipeline_dag.py took 0.274 seconds
[2026-04-20T20:08:31.666+0000] {processor.py:161} INFO - Started process (PID=554) to work on /opt/airflow/dags/logidata_pipeline_dag.py
[2026-04-20T20:08:31.669+0000] {processor.py:830} INFO - Processing file /opt/airflow/dags/logidata_pipeline_dag.py for tasks to queue
[2026-04-20T20:08:31.671+0000] {logging_mixin.py:188} INFO - [2026-04-20T20:08:31.670+0000] {dagbag.py:538} INFO - Filling up the DagBag from /opt/airflow/dags/logidata_pipeline_dag.py
[2026-04-20T20:08:31.767+0000] {processor.py:840} INFO - DAG(s) 'logidata_pipeline_dag' retrieved from /opt/airflow/dags/logidata_pipeline_dag.py
[2026-04-20T20:08:31.827+0000] {logging_mixin.py:188} INFO - [2026-04-20T20:08:31.826+0000] {dag.py:3036} INFO - Sync 1 DAGs
[2026-04-20T20:08:31.844+0000] {logging_mixin.py:188} INFO - [2026-04-20T20:08:31.844+0000] {dag.py:3823} INFO - Setting next_dagrun for logidata_pipeline_dag to None, run_after=None
[2026-04-20T20:08:31.949+0000] {processor.py:183} INFO - Processing /opt/airflow/dags/logidata_pipeline_dag.py took 0.291 seconds
[2026-04-20T20:09:04.314+0000] {processor.py:161} INFO - Started process (PID=555) to work on /opt/airflow/dags/logidata_pipeline_dag.py
[2026-04-20T20:09:04.316+0000] {processor.py:830} INFO - Processing file /opt/airflow/dags/logidata_pipeline_dag.py for tasks to queue
[2026-04-20T20:09:04.318+0000] {logging_mixin.py:188} INFO - [2026-04-20T20:09:04.317+0000] {dagbag.py:538} INFO - Filling up the DagBag from /opt/airflow/dags/logidata_pipeline_dag.py
[2026-04-20T20:09:04.430+0000] {processor.py:840} INFO - DAG(s) 'logidata_pipeline_dag' retrieved from /opt/airflow/dags/logidata_pipeline_dag.py
[2026-04-20T20:09:04.466+0000] {logging_mixin.py:188} INFO - [2026-04-20T20:09:04.466+0000] {dag.py:3036} INFO - Sync 1 DAGs
[2026-04-20T20:09:04.481+0000] {logging_mixin.py:188} INFO - [2026-04-20T20:09:04.481+0000] {dag.py:3823} INFO - Setting next_dagrun for logidata_pipeline_dag to None, run_after=None
[2026-04-20T20:09:04.544+0000] {processor.py:183} INFO - Processing /opt/airflow/dags/logidata_pipeline_dag.py took 0.236 seconds
[2026-04-20T20:09:36.815+0000] {processor.py:161} INFO - Started process (PID=556) to work on /opt/airflow/dags/logidata_pipeline_dag.py
[2026-04-20T20:09:36.817+0000] {processor.py:830} INFO - Processing file /opt/airflow/dags/logidata_pipeline_dag.py for tasks to queue
[2026-04-20T20:09:36.819+0000] {logging_mixin.py:188} INFO - [2026-04-20T20:09:36.819+0000] {dagbag.py:538} INFO - Filling up the DagBag from /opt/airflow/dags/logidata_pipeline_dag.py
[2026-04-20T20:09:36.904+0000] {processor.py:840} INFO - DAG(s) 'logidata_pipeline_dag' retrieved from /opt/airflow/dags/logidata_pipeline_dag.py
[2026-04-20T20:09:36.948+0000] {logging_mixin.py:188} INFO - [2026-04-20T20:09:36.948+0000] {dag.py:3036} INFO - Sync 1 DAGs
[2026-04-20T20:09:36.974+0000] {logging_mixin.py:188} INFO - [2026-04-20T20:09:36.974+0000] {dag.py:3823} INFO - Setting next_dagrun for logidata_pipeline_dag to None, run_after=None
[2026-04-20T20:09:37.136+0000] {processor.py:183} INFO - Processing /opt/airflow/dags/logidata_pipeline_dag.py took 0.327 seconds
[2026-04-20T20:10:08.232+0000] {processor.py:161} INFO - Started process (PID=557) to work on /opt/airflow/dags/logidata_pipeline_dag.py
[2026-04-20T20:10:08.233+0000] {processor.py:830} INFO - Processing file /opt/airflow/dags/logidata_pipeline_dag.py for tasks to queue
[2026-04-20T20:10:08.235+0000] {logging_mixin.py:188} INFO - [2026-04-20T20:10:08.234+0000] {dagbag.py:538} INFO - Filling up the DagBag from /opt/airflow/dags/logidata_pipeline_dag.py
[2026-04-20T20:10:08.314+0000] {processor.py:840} INFO - DAG(s) 'logidata_pipeline_dag' retrieved from /opt/airflow/dags/logidata_pipeline_dag.py
[2026-04-20T20:10:08.364+0000] {logging_mixin.py:188} INFO - [2026-04-20T20:10:08.364+0000] {dag.py:3036} INFO - Sync 1 DAGs
[2026-04-20T20:10:08.386+0000] {logging_mixin.py:188} INFO - [2026-04-20T20:10:08.386+0000] {dag.py:3823} INFO - Setting next_dagrun for logidata_pipeline_dag to None, run_after=None
[2026-04-20T20:10:08.525+0000] {processor.py:183} INFO - Processing /opt/airflow/dags/logidata_pipeline_dag.py took 0.299 seconds
[2026-04-20T20:10:39.508+0000] {processor.py:161} INFO - Started process (PID=558) to work on /opt/airflow/dags/logidata_pipeline_dag.py
[2026-04-20T20:10:39.509+0000] {processor.py:830} INFO - Processing file /opt/airflow/dags/logidata_pipeline_dag.py for tasks to queue
[2026-04-20T20:10:39.511+0000] {logging_mixin.py:188} INFO - [2026-04-20T20:10:39.510+0000] {dagbag.py:538} INFO - Filling up the DagBag from /opt/airflow/dags/logidata_pipeline_dag.py
[2026-04-20T20:10:39.585+0000] {processor.py:840} INFO - DAG(s) 'logidata_pipeline_dag' retrieved from /opt/airflow/dags/logidata_pipeline_dag.py
[2026-04-20T20:10:39.638+0000] {logging_mixin.py:188} INFO - [2026-04-20T20:10:39.638+0000] {dag.py:3036} INFO - Sync 1 DAGs
[2026-04-20T20:10:39.656+0000] {logging_mixin.py:188} INFO - [2026-04-20T20:10:39.656+0000] {dag.py:3823} INFO - Setting next_dagrun for logidata_pipeline_dag to None, run_after=None
[2026-04-20T20:10:39.786+0000] {processor.py:183} INFO - Processing /opt/airflow/dags/logidata_pipeline_dag.py took 0.285 seconds
[2026-04-20T20:11:10.002+0000] {processor.py:161} INFO - Started process (PID=559) to work on /opt/airflow/dags/logidata_pipeline_dag.py
[2026-04-20T20:11:10.005+0000] {processor.py:830} INFO - Processing file /opt/airflow/dags/logidata_pipeline_dag.py for tasks to queue
[2026-04-20T20:11:10.008+0000] {logging_mixin.py:188} INFO - [2026-04-20T20:11:10.007+0000] {dagbag.py:538} INFO - Filling up the DagBag from /opt/airflow/dags/logidata_pipeline_dag.py
[2026-04-20T20:11:10.115+0000] {processor.py:840} INFO - DAG(s) 'logidata_pipeline_dag' retrieved from /opt/airflow/dags/logidata_pipeline_dag.py
[2026-04-20T20:11:10.159+0000] {logging_mixin.py:188} INFO - [2026-04-20T20:11:10.159+0000] {dag.py:3036} INFO - Sync 1 DAGs
[2026-04-20T20:11:10.179+0000] {logging_mixin.py:188} INFO - [2026-04-20T20:11:10.179+0000] {dag.py:3823} INFO - Setting next_dagrun for logidata_pipeline_dag to None, run_after=None
[2026-04-20T20:11:10.289+0000] {processor.py:183} INFO - Processing /opt/airflow/dags/logidata_pipeline_dag.py took 0.297 seconds
[2026-04-20T20:11:42.497+0000] {processor.py:161} INFO - Started process (PID=560) to work on /opt/airflow/dags/logidata_pipeline_dag.py
[2026-04-20T20:11:42.499+0000] {processor.py:830} INFO - Processing file /opt/airflow/dags/logidata_pipeline_dag.py for tasks to queue
[2026-04-20T20:11:42.500+0000] {logging_mixin.py:188} INFO - [2026-04-20T20:11:42.500+0000] {dagbag.py:538} INFO - Filling up the DagBag from /opt/airflow/dags/logidata_pipeline_dag.py
[2026-04-20T20:11:42.576+0000] {processor.py:840} INFO - DAG(s) 'logidata_pipeline_dag' retrieved from /opt/airflow/dags/logidata_pipeline_dag.py
[2026-04-20T20:11:42.621+0000] {logging_mixin.py:188} INFO - [2026-04-20T20:11:42.621+0000] {dag.py:3036} INFO - Sync 1 DAGs
[2026-04-20T20:11:42.648+0000] {logging_mixin.py:188} INFO - [2026-04-20T20:11:42.648+0000] {dag.py:3823} INFO - Setting next_dagrun for logidata_pipeline_dag to None, run_after=None
[2026-04-20T20:11:42.741+0000] {processor.py:183} INFO - Processing /opt/airflow/dags/logidata_pipeline_dag.py took 0.249 seconds
[2026-04-20T20:12:15.066+0000] {processor.py:161} INFO - Started process (PID=561) to work on /opt/airflow/dags/logidata_pipeline_dag.py
[2026-04-20T20:12:15.068+0000] {processor.py:830} INFO - Processing file /opt/airflow/dags/logidata_pipeline_dag.py for tasks to queue
[2026-04-20T20:12:15.069+0000] {logging_mixin.py:188} INFO - [2026-04-20T20:12:15.069+0000] {dagbag.py:538} INFO - Filling up the DagBag from /opt/airflow/dags/logidata_pipeline_dag.py
[2026-04-20T20:12:15.146+0000] {processor.py:840} INFO - DAG(s) 'logidata_pipeline_dag' retrieved from /opt/airflow/dags/logidata_pipeline_dag.py
[2026-04-20T20:12:15.190+0000] {logging_mixin.py:188} INFO - [2026-04-20T20:12:15.190+0000] {dag.py:3036} INFO - Sync 1 DAGs
[2026-04-20T20:12:15.208+0000] {logging_mixin.py:188} INFO - [2026-04-20T20:12:15.208+0000] {dag.py:3823} INFO - Setting next_dagrun for logidata_pipeline_dag to None, run_after=None
[2026-04-20T20:12:15.311+0000] {processor.py:183} INFO - Processing /opt/airflow/dags/logidata_pipeline_dag.py took 0.251 seconds
[2026-04-20T20:12:47.697+0000] {processor.py:161} INFO - Started process (PID=562) to work on /opt/airflow/dags/logidata_pipeline_dag.py
[2026-04-20T20:12:47.700+0000] {processor.py:830} INFO - Processing file /opt/airflow/dags/logidata_pipeline_dag.py for tasks to queue
[2026-04-20T20:12:47.701+0000] {logging_mixin.py:188} INFO - [2026-04-20T20:12:47.701+0000] {dagbag.py:538} INFO - Filling up the DagBag from /opt/airflow/dags/logidata_pipeline_dag.py
[2026-04-20T20:12:47.818+0000] {processor.py:840} INFO - DAG(s) 'logidata_pipeline_dag' retrieved from /opt/airflow/dags/logidata_pipeline_dag.py
[2026-04-20T20:12:47.887+0000] {logging_mixin.py:188} INFO - [2026-04-20T20:12:47.886+0000] {dag.py:3036} INFO - Sync 1 DAGs
[2026-04-20T20:12:47.909+0000] {logging_mixin.py:188} INFO - [2026-04-20T20:12:47.908+0000] {dag.py:3823} INFO - Setting next_dagrun for logidata_pipeline_dag to None, run_after=None
[2026-04-20T20:12:47.976+0000] {processor.py:183} INFO - Processing /opt/airflow/dags/logidata_pipeline_dag.py took 0.284 seconds
[2026-04-20T20:13:18.381+0000] {processor.py:161} INFO - Started process (PID=563) to work on /opt/airflow/dags/logidata_pipeline_dag.py
[2026-04-20T20:13:18.383+0000] {processor.py:830} INFO - Processing file /opt/airflow/dags/logidata_pipeline_dag.py for tasks to queue
[2026-04-20T20:13:18.385+0000] {logging_mixin.py:188} INFO - [2026-04-20T20:13:18.384+0000] {dagbag.py:538} INFO - Filling up the DagBag from /opt/airflow/dags/logidata_pipeline_dag.py
[2026-04-20T20:13:18.487+0000] {processor.py:840} INFO - DAG(s) 'logidata_pipeline_dag' retrieved from /opt/airflow/dags/logidata_pipeline_dag.py
[2026-04-20T20:13:18.523+0000] {logging_mixin.py:188} INFO - [2026-04-20T20:13:18.523+0000] {dag.py:3036} INFO - Sync 1 DAGs
[2026-04-20T20:13:18.540+0000] {logging_mixin.py:188} INFO - [2026-04-20T20:13:18.540+0000] {dag.py:3823} INFO - Setting next_dagrun for logidata_pipeline_dag to None, run_after=None
[2026-04-20T20:13:18.640+0000] {processor.py:183} INFO - Processing /opt/airflow/dags/logidata_pipeline_dag.py took 0.262 seconds
[2026-04-20T20:13:49.353+0000] {processor.py:161} INFO - Started process (PID=564) to work on /opt/airflow/dags/logidata_pipeline_dag.py
[2026-04-20T20:13:49.355+0000] {processor.py:830} INFO - Processing file /opt/airflow/dags/logidata_pipeline_dag.py for tasks to queue
[2026-04-20T20:13:49.356+0000] {logging_mixin.py:188} INFO - [2026-04-20T20:13:49.356+0000] {dagbag.py:538} INFO - Filling up the DagBag from /opt/airflow/dags/logidata_pipeline_dag.py
[2026-04-20T20:13:49.455+0000] {processor.py:840} INFO - DAG(s) 'logidata_pipeline_dag' retrieved from /opt/airflow/dags/logidata_pipeline_dag.py
[2026-04-20T20:13:49.523+0000] {logging_mixin.py:188} INFO - [2026-04-20T20:13:49.523+0000] {dag.py:3036} INFO - Sync 1 DAGs
[2026-04-20T20:13:49.555+0000] {logging_mixin.py:188} INFO - [2026-04-20T20:13:49.555+0000] {dag.py:3823} INFO - Setting next_dagrun for logidata_pipeline_dag to None, run_after=None
[2026-04-20T20:13:49.627+0000] {processor.py:183} INFO - Processing /opt/airflow/dags/logidata_pipeline_dag.py took 0.279 seconds
[2026-04-20T20:14:19.854+0000] {processor.py:161} INFO - Started process (PID=565) to work on /opt/airflow/dags/logidata_pipeline_dag.py
[2026-04-20T20:14:19.857+0000] {processor.py:830} INFO - Processing file /opt/airflow/dags/logidata_pipeline_dag.py for tasks to queue
[2026-04-20T20:14:19.859+0000] {logging_mixin.py:188} INFO - [2026-04-20T20:14:19.858+0000] {dagbag.py:538} INFO - Filling up the DagBag from /opt/airflow/dags/logidata_pipeline_dag.py
[2026-04-20T20:14:19.933+0000] {processor.py:840} INFO - DAG(s) 'logidata_pipeline_dag' retrieved from /opt/airflow/dags/logidata_pipeline_dag.py
[2026-04-20T20:14:19.966+0000] {logging_mixin.py:188} INFO - [2026-04-20T20:14:19.965+0000] {dag.py:3036} INFO - Sync 1 DAGs
[2026-04-20T20:14:19.981+0000] {logging_mixin.py:188} INFO - [2026-04-20T20:14:19.981+0000] {dag.py:3823} INFO - Setting next_dagrun for logidata_pipeline_dag to None, run_after=None
[2026-04-20T20:14:20.080+0000] {processor.py:183} INFO - Processing /opt/airflow/dags/logidata_pipeline_dag.py took 0.229 seconds
[2026-04-20T20:14:52.566+0000] {processor.py:161} INFO - Started process (PID=566) to work on /opt/airflow/dags/logidata_pipeline_dag.py
[2026-04-20T20:14:52.568+0000] {processor.py:830} INFO - Processing file /opt/airflow/dags/logidata_pipeline_dag.py for tasks to queue
[2026-04-20T20:14:52.570+0000] {logging_mixin.py:188} INFO - [2026-04-20T20:14:52.569+0000] {dagbag.py:538} INFO - Filling up the DagBag from /opt/airflow/dags/logidata_pipeline_dag.py
[2026-04-20T20:14:52.649+0000] {processor.py:840} INFO - DAG(s) 'logidata_pipeline_dag' retrieved from /opt/airflow/dags/logidata_pipeline_dag.py
[2026-04-20T20:14:52.701+0000] {logging_mixin.py:188} INFO - [2026-04-20T20:14:52.701+0000] {dag.py:3036} INFO - Sync 1 DAGs
[2026-04-20T20:14:52.720+0000] {logging_mixin.py:188} INFO - [2026-04-20T20:14:52.720+0000] {dag.py:3823} INFO - Setting next_dagrun for logidata_pipeline_dag to None, run_after=None
[2026-04-20T20:14:52.816+0000] {processor.py:183} INFO - Processing /opt/airflow/dags/logidata_pipeline_dag.py took 0.255 seconds
[2026-04-20T20:15:25.910+0000] {processor.py:161} INFO - Started process (PID=567) to work on /opt/airflow/dags/logidata_pipeline_dag.py
[2026-04-20T20:15:25.912+0000] {processor.py:830} INFO - Processing file /opt/airflow/dags/logidata_pipeline_dag.py for tasks to queue
[2026-04-20T20:15:25.914+0000] {logging_mixin.py:188} INFO - [2026-04-20T20:15:25.913+0000] {dagbag.py:538} INFO - Filling up the DagBag from /opt/airflow/dags/logidata_pipeline_dag.py
[2026-04-20T20:15:26.000+0000] {processor.py:840} INFO - DAG(s) 'logidata_pipeline_dag' retrieved from /opt/airflow/dags/logidata_pipeline_dag.py
[2026-04-20T20:15:26.054+0000] {logging_mixin.py:188} INFO - [2026-04-20T20:15:26.054+0000] {dag.py:3036} INFO - Sync 1 DAGs
[2026-04-20T20:15:26.070+0000] {logging_mixin.py:188} INFO - [2026-04-20T20:15:26.070+0000] {dag.py:3823} INFO - Setting next_dagrun for logidata_pipeline_dag to None, run_after=None
[2026-04-20T20:15:26.172+0000] {processor.py:183} INFO - Processing /opt/airflow/dags/logidata_pipeline_dag.py took 0.266 seconds
[2026-04-20T20:15:58.004+0000] {processor.py:161} INFO - Started process (PID=568) to work on /opt/airflow/dags/logidata_pipeline_dag.py
[2026-04-20T20:15:58.006+0000] {processor.py:830} INFO - Processing file /opt/airflow/dags/logidata_pipeline_dag.py for tasks to queue
[2026-04-20T20:15:58.007+0000] {logging_mixin.py:188} INFO - [2026-04-20T20:15:58.006+0000] {dagbag.py:538} INFO - Filling up the DagBag from /opt/airflow/dags/logidata_pipeline_dag.py
[2026-04-20T20:15:58.077+0000] {processor.py:840} INFO - DAG(s) 'logidata_pipeline_dag' retrieved from /opt/airflow/dags/logidata_pipeline_dag.py
[2026-04-20T20:15:58.115+0000] {logging_mixin.py:188} INFO - [2026-04-20T20:15:58.115+0000] {dag.py:3036} INFO - Sync 1 DAGs
[2026-04-20T20:15:58.129+0000] {logging_mixin.py:188} INFO - [2026-04-20T20:15:58.129+0000] {dag.py:3823} INFO - Setting next_dagrun for logidata_pipeline_dag to None, run_after=None
[2026-04-20T20:15:58.210+0000] {processor.py:183} INFO - Processing /opt/airflow/dags/logidata_pipeline_dag.py took 0.214 seconds
[2026-04-20T20:16:28.909+0000] {processor.py:161} INFO - Started process (PID=569) to work on /opt/airflow/dags/logidata_pipeline_dag.py
[2026-04-20T20:16:28.911+0000] {processor.py:830} INFO - Processing file /opt/airflow/dags/logidata_pipeline_dag.py for tasks to queue
[2026-04-20T20:16:28.912+0000] {logging_mixin.py:188} INFO - [2026-04-20T20:16:28.912+0000] {dagbag.py:538} INFO - Filling up the DagBag from /opt/airflow/dags/logidata_pipeline_dag.py
[2026-04-20T20:16:28.989+0000] {processor.py:840} INFO - DAG(s) 'logidata_pipeline_dag' retrieved from /opt/airflow/dags/logidata_pipeline_dag.py
[2026-04-20T20:16:29.035+0000] {logging_mixin.py:188} INFO - [2026-04-20T20:16:29.034+0000] {dag.py:3036} INFO - Sync 1 DAGs
[2026-04-20T20:16:29.051+0000] {logging_mixin.py:188} INFO - [2026-04-20T20:16:29.050+0000] {dag.py:3823} INFO - Setting next_dagrun for logidata_pipeline_dag to None, run_after=None
[2026-04-20T20:16:29.119+0000] {processor.py:183} INFO - Processing /opt/airflow/dags/logidata_pipeline_dag.py took 0.217 seconds
[2026-04-20T20:17:00.557+0000] {processor.py:161} INFO - Started process (PID=570) to work on /opt/airflow/dags/logidata_pipeline_dag.py
[2026-04-20T20:17:00.559+0000] {processor.py:830} INFO - Processing file /opt/airflow/dags/logidata_pipeline_dag.py for tasks to queue
[2026-04-20T20:17:00.561+0000] {logging_mixin.py:188} INFO - [2026-04-20T20:17:00.560+0000] {dagbag.py:538} INFO - Filling up the DagBag from /opt/airflow/dags/logidata_pipeline_dag.py
[2026-04-20T20:17:00.662+0000] {processor.py:840} INFO - DAG(s) 'logidata_pipeline_dag' retrieved from /opt/airflow/dags/logidata_pipeline_dag.py
[2026-04-20T20:17:00.714+0000] {logging_mixin.py:188} INFO - [2026-04-20T20:17:00.714+0000] {dag.py:3036} INFO - Sync 1 DAGs
[2026-04-20T20:17:00.733+0000] {logging_mixin.py:188} INFO - [2026-04-20T20:17:00.733+0000] {dag.py:3823} INFO - Setting next_dagrun for logidata_pipeline_dag to None, run_after=None
[2026-04-20T20:17:00.858+0000] {processor.py:183} INFO - Processing /opt/airflow/dags/logidata_pipeline_dag.py took 0.305 seconds
[2026-04-20T20:17:31.323+0000] {processor.py:161} INFO - Started process (PID=571) to work on /opt/airflow/dags/logidata_pipeline_dag.py
[2026-04-20T20:17:31.326+0000] {processor.py:830} INFO - Processing file /opt/airflow/dags/logidata_pipeline_dag.py for tasks to queue
[2026-04-20T20:17:31.328+0000] {logging_mixin.py:188} INFO - [2026-04-20T20:17:31.328+0000] {dagbag.py:538} INFO - Filling up the DagBag from /opt/airflow/dags/logidata_pipeline_dag.py
[2026-04-20T20:17:31.419+0000] {processor.py:840} INFO - DAG(s) 'logidata_pipeline_dag' retrieved from /opt/airflow/dags/logidata_pipeline_dag.py
[2026-04-20T20:17:31.456+0000] {logging_mixin.py:188} INFO - [2026-04-20T20:17:31.456+0000] {dag.py:3036} INFO - Sync 1 DAGs
[2026-04-20T20:17:31.471+0000] {logging_mixin.py:188} INFO - [2026-04-20T20:17:31.471+0000] {dag.py:3823} INFO - Setting next_dagrun for logidata_pipeline_dag to None, run_after=None
[2026-04-20T20:17:31.543+0000] {processor.py:183} INFO - Processing /opt/airflow/dags/logidata_pipeline_dag.py took 0.227 seconds
[2026-04-20T20:18:03.875+0000] {processor.py:161} INFO - Started process (PID=572) to work on /opt/airflow/dags/logidata_pipeline_dag.py
[2026-04-20T20:18:03.876+0000] {processor.py:830} INFO - Processing file /opt/airflow/dags/logidata_pipeline_dag.py for tasks to queue
[2026-04-20T20:18:03.878+0000] {logging_mixin.py:188} INFO - [2026-04-20T20:18:03.877+0000] {dagbag.py:538} INFO - Filling up the DagBag from /opt/airflow/dags/logidata_pipeline_dag.py
[2026-04-20T20:18:03.956+0000] {processor.py:840} INFO - DAG(s) 'logidata_pipeline_dag' retrieved from /opt/airflow/dags/logidata_pipeline_dag.py
[2026-04-20T20:18:03.991+0000] {logging_mixin.py:188} INFO - [2026-04-20T20:18:03.991+0000] {dag.py:3036} INFO - Sync 1 DAGs
[2026-04-20T20:18:04.005+0000] {logging_mixin.py:188} INFO - [2026-04-20T20:18:04.005+0000] {dag.py:3823} INFO - Setting next_dagrun for logidata_pipeline_dag to None, run_after=None
[2026-04-20T20:18:04.060+0000] {processor.py:183} INFO - Processing /opt/airflow/dags/logidata_pipeline_dag.py took 0.190 seconds
[2026-04-20T20:18:36.326+0000] {processor.py:161} INFO - Started process (PID=573) to work on /opt/airflow/dags/logidata_pipeline_dag.py
[2026-04-20T20:18:36.329+0000] {processor.py:830} INFO - Processing file /opt/airflow/dags/logidata_pipeline_dag.py for tasks to queue
[2026-04-20T20:18:36.330+0000] {logging_mixin.py:188} INFO - [2026-04-20T20:18:36.330+0000] {dagbag.py:538} INFO - Filling up the DagBag from /opt/airflow/dags/logidata_pipeline_dag.py
[2026-04-20T20:18:36.564+0000] {processor.py:840} INFO - DAG(s) 'logidata_pipeline_dag' retrieved from /opt/airflow/dags/logidata_pipeline_dag.py
[2026-04-20T20:18:36.655+0000] {logging_mixin.py:188} INFO - [2026-04-20T20:18:36.654+0000] {dag.py:3036} INFO - Sync 1 DAGs
[2026-04-20T20:18:36.684+0000] {logging_mixin.py:188} INFO - [2026-04-20T20:18:36.684+0000] {dag.py:3823} INFO - Setting next_dagrun for logidata_pipeline_dag to None, run_after=None
[2026-04-20T20:18:36.788+0000] {processor.py:183} INFO - Processing /opt/airflow/dags/logidata_pipeline_dag.py took 0.468 seconds
[2026-04-20T20:19:08.916+0000] {processor.py:161} INFO - Started process (PID=574) to work on /opt/airflow/dags/logidata_pipeline_dag.py
[2026-04-20T20:19:08.918+0000] {processor.py:830} INFO - Processing file /opt/airflow/dags/logidata_pipeline_dag.py for tasks to queue
[2026-04-20T20:19:08.920+0000] {logging_mixin.py:188} INFO - [2026-04-20T20:19:08.920+0000] {dagbag.py:538} INFO - Filling up the DagBag from /opt/airflow/dags/logidata_pipeline_dag.py
[2026-04-20T20:19:09.010+0000] {processor.py:840} INFO - DAG(s) 'logidata_pipeline_dag' retrieved from /opt/airflow/dags/logidata_pipeline_dag.py
[2026-04-20T20:19:09.072+0000] {logging_mixin.py:188} INFO - [2026-04-20T20:19:09.071+0000] {dag.py:3036} INFO - Sync 1 DAGs
[2026-04-20T20:19:09.101+0000] {logging_mixin.py:188} INFO - [2026-04-20T20:19:09.101+0000] {dag.py:3823} INFO - Setting next_dagrun for logidata_pipeline_dag to None, run_after=None
[2026-04-20T20:19:09.262+0000] {processor.py:183} INFO - Processing /opt/airflow/dags/logidata_pipeline_dag.py took 0.355 seconds
[2026-04-20T20:19:40.177+0000] {processor.py:161} INFO - Started process (PID=575) to work on /opt/airflow/dags/logidata_pipeline_dag.py
[2026-04-20T20:19:40.179+0000] {processor.py:830} INFO - Processing file /opt/airflow/dags/logidata_pipeline_dag.py for tasks to queue
[2026-04-20T20:19:40.180+0000] {logging_mixin.py:188} INFO - [2026-04-20T20:19:40.180+0000] {dagbag.py:538} INFO - Filling up the DagBag from /opt/airflow/dags/logidata_pipeline_dag.py
[2026-04-20T20:19:40.250+0000] {processor.py:840} INFO - DAG(s) 'logidata_pipeline_dag' retrieved from /opt/airflow/dags/logidata_pipeline_dag.py
[2026-04-20T20:19:40.312+0000] {logging_mixin.py:188} INFO - [2026-04-20T20:19:40.312+0000] {dag.py:3036} INFO - Sync 1 DAGs
[2026-04-20T20:19:40.328+0000] {logging_mixin.py:188} INFO - [2026-04-20T20:19:40.328+0000] {dag.py:3823} INFO - Setting next_dagrun for logidata_pipeline_dag to None, run_after=None
[2026-04-20T20:19:40.394+0000] {processor.py:183} INFO - Processing /opt/airflow/dags/logidata_pipeline_dag.py took 0.220 seconds
[2026-04-20T20:20:11.306+0000] {processor.py:161} INFO - Started process (PID=576) to work on /opt/airflow/dags/logidata_pipeline_dag.py
[2026-04-20T20:20:11.309+0000] {processor.py:830} INFO - Processing file /opt/airflow/dags/logidata_pipeline_dag.py for tasks to queue
[2026-04-20T20:20:11.311+0000] {logging_mixin.py:188} INFO - [2026-04-20T20:20:11.310+0000] {dagbag.py:538} INFO - Filling up the DagBag from /opt/airflow/dags/logidata_pipeline_dag.py
[2026-04-20T20:20:11.419+0000] {processor.py:840} INFO - DAG(s) 'logidata_pipeline_dag' retrieved from /opt/airflow/dags/logidata_pipeline_dag.py
[2026-04-20T20:20:11.470+0000] {logging_mixin.py:188} INFO - [2026-04-20T20:20:11.469+0000] {dag.py:3036} INFO - Sync 1 DAGs
[2026-04-20T20:20:11.486+0000] {logging_mixin.py:188} INFO - [2026-04-20T20:20:11.486+0000] {dag.py:3823} INFO - Setting next_dagrun for logidata_pipeline_dag to None, run_after=None
[2026-04-20T20:20:11.644+0000] {processor.py:183} INFO - Processing /opt/airflow/dags/logidata_pipeline_dag.py took 0.345 seconds
[2026-04-20T20:20:42.359+0000] {processor.py:161} INFO - Started process (PID=577) to work on /opt/airflow/dags/logidata_pipeline_dag.py
[2026-04-20T20:20:42.361+0000] {processor.py:830} INFO - Processing file /opt/airflow/dags/logidata_pipeline_dag.py for tasks to queue
[2026-04-20T20:20:42.362+0000] {logging_mixin.py:188} INFO - [2026-04-20T20:20:42.362+0000] {dagbag.py:538} INFO - Filling up the DagBag from /opt/airflow/dags/logidata_pipeline_dag.py
[2026-04-20T20:20:42.436+0000] {processor.py:840} INFO - DAG(s) 'logidata_pipeline_dag' retrieved from /opt/airflow/dags/logidata_pipeline_dag.py
[2026-04-20T20:20:42.484+0000] {logging_mixin.py:188} INFO - [2026-04-20T20:20:42.483+0000] {dag.py:3036} INFO - Sync 1 DAGs
[2026-04-20T20:20:42.500+0000] {logging_mixin.py:188} INFO - [2026-04-20T20:20:42.499+0000] {dag.py:3823} INFO - Setting next_dagrun for logidata_pipeline_dag to None, run_after=None
[2026-04-20T20:20:42.637+0000] {processor.py:183} INFO - Processing /opt/airflow/dags/logidata_pipeline_dag.py took 0.281 seconds
[2026-04-20T20:21:13.745+0000] {processor.py:161} INFO - Started process (PID=578) to work on /opt/airflow/dags/logidata_pipeline_dag.py
[2026-04-20T20:21:13.747+0000] {processor.py:830} INFO - Processing file /opt/airflow/dags/logidata_pipeline_dag.py for tasks to queue
[2026-04-20T20:21:13.748+0000] {logging_mixin.py:188} INFO - [2026-04-20T20:21:13.748+0000] {dagbag.py:538} INFO - Filling up the DagBag from /opt/airflow/dags/logidata_pipeline_dag.py
[2026-04-20T20:21:13.824+0000] {processor.py:840} INFO - DAG(s) 'logidata_pipeline_dag' retrieved from /opt/airflow/dags/logidata_pipeline_dag.py
[2026-04-20T20:21:13.868+0000] {logging_mixin.py:188} INFO - [2026-04-20T20:21:13.868+0000] {dag.py:3036} INFO - Sync 1 DAGs
[2026-04-20T20:21:13.885+0000] {logging_mixin.py:188} INFO - [2026-04-20T20:21:13.884+0000] {dag.py:3823} INFO - Setting next_dagrun for logidata_pipeline_dag to None, run_after=None
[2026-04-20T20:21:13.953+0000] {processor.py:183} INFO - Processing /opt/airflow/dags/logidata_pipeline_dag.py took 0.212 seconds
[2026-04-20T20:21:47.152+0000] {processor.py:161} INFO - Started process (PID=579) to work on /opt/airflow/dags/logidata_pipeline_dag.py
[2026-04-20T20:21:47.155+0000] {processor.py:830} INFO - Processing file /opt/airflow/dags/logidata_pipeline_dag.py for tasks to queue
[2026-04-20T20:21:47.156+0000] {logging_mixin.py:188} INFO - [2026-04-20T20:21:47.156+0000] {dagbag.py:538} INFO - Filling up the DagBag from /opt/airflow/dags/logidata_pipeline_dag.py
[2026-04-20T20:21:47.256+0000] {processor.py:840} INFO - DAG(s) 'logidata_pipeline_dag' retrieved from /opt/airflow/dags/logidata_pipeline_dag.py
[2026-04-20T20:21:47.301+0000] {logging_mixin.py:188} INFO - [2026-04-20T20:21:47.301+0000] {dag.py:3036} INFO - Sync 1 DAGs
[2026-04-20T20:21:47.318+0000] {logging_mixin.py:188} INFO - [2026-04-20T20:21:47.317+0000] {dag.py:3823} INFO - Setting next_dagrun for logidata_pipeline_dag to None, run_after=None
[2026-04-20T20:21:47.456+0000] {processor.py:183} INFO - Processing /opt/airflow/dags/logidata_pipeline_dag.py took 0.309 seconds
[2026-04-20T20:22:17.965+0000] {processor.py:161} INFO - Started process (PID=580) to work on /opt/airflow/dags/logidata_pipeline_dag.py
[2026-04-20T20:22:17.968+0000] {processor.py:830} INFO - Processing file /opt/airflow/dags/logidata_pipeline_dag.py for tasks to queue
[2026-04-20T20:22:17.970+0000] {logging_mixin.py:188} INFO - [2026-04-20T20:22:17.969+0000] {dagbag.py:538} INFO - Filling up the DagBag from /opt/airflow/dags/logidata_pipeline_dag.py
[2026-04-20T20:22:18.068+0000] {processor.py:840} INFO - DAG(s) 'logidata_pipeline_dag' retrieved from /opt/airflow/dags/logidata_pipeline_dag.py
[2026-04-20T20:22:18.118+0000] {logging_mixin.py:188} INFO - [2026-04-20T20:22:18.118+0000] {dag.py:3036} INFO - Sync 1 DAGs
[2026-04-20T20:22:18.145+0000] {logging_mixin.py:188} INFO - [2026-04-20T20:22:18.144+0000] {dag.py:3823} INFO - Setting next_dagrun for logidata_pipeline_dag to None, run_after=None
[2026-04-20T20:22:18.252+0000] {processor.py:183} INFO - Processing /opt/airflow/dags/logidata_pipeline_dag.py took 0.295 seconds
[2026-04-20T20:22:48.635+0000] {processor.py:161} INFO - Started process (PID=581) to work on /opt/airflow/dags/logidata_pipeline_dag.py
[2026-04-20T20:22:48.637+0000] {processor.py:830} INFO - Processing file /opt/airflow/dags/logidata_pipeline_dag.py for tasks to queue
[2026-04-20T20:22:48.638+0000] {logging_mixin.py:188} INFO - [2026-04-20T20:22:48.638+0000] {dagbag.py:538} INFO - Filling up the DagBag from /opt/airflow/dags/logidata_pipeline_dag.py
[2026-04-20T20:22:48.726+0000] {processor.py:840} INFO - DAG(s) 'logidata_pipeline_dag' retrieved from /opt/airflow/dags/logidata_pipeline_dag.py
[2026-04-20T20:22:48.790+0000] {logging_mixin.py:188} INFO - [2026-04-20T20:22:48.790+0000] {dag.py:3036} INFO - Sync 1 DAGs
[2026-04-20T20:22:48.809+0000] {logging_mixin.py:188} INFO - [2026-04-20T20:22:48.808+0000] {dag.py:3823} INFO - Setting next_dagrun for logidata_pipeline_dag to None, run_after=None
[2026-04-20T20:22:49.006+0000] {processor.py:183} INFO - Processing /opt/airflow/dags/logidata_pipeline_dag.py took 0.375 seconds
[2026-04-20T20:23:19.803+0000] {processor.py:161} INFO - Started process (PID=582) to work on /opt/airflow/dags/logidata_pipeline_dag.py
[2026-04-20T20:23:19.804+0000] {processor.py:830} INFO - Processing file /opt/airflow/dags/logidata_pipeline_dag.py for tasks to queue
[2026-04-20T20:23:19.806+0000] {logging_mixin.py:188} INFO - [2026-04-20T20:23:19.805+0000] {dagbag.py:538} INFO - Filling up the DagBag from /opt/airflow/dags/logidata_pipeline_dag.py
[2026-04-20T20:23:19.902+0000] {processor.py:840} INFO - DAG(s) 'logidata_pipeline_dag' retrieved from /opt/airflow/dags/logidata_pipeline_dag.py
[2026-04-20T20:23:19.957+0000] {logging_mixin.py:188} INFO - [2026-04-20T20:23:19.957+0000] {dag.py:3036} INFO - Sync 1 DAGs
[2026-04-20T20:23:19.978+0000] {logging_mixin.py:188} INFO - [2026-04-20T20:23:19.977+0000] {dag.py:3823} INFO - Setting next_dagrun for logidata_pipeline_dag to None, run_after=None
[2026-04-20T20:23:20.099+0000] {processor.py:183} INFO - Processing /opt/airflow/dags/logidata_pipeline_dag.py took 0.300 seconds
[2026-04-20T20:23:50.324+0000] {processor.py:161} INFO - Started process (PID=583) to work on /opt/airflow/dags/logidata_pipeline_dag.py
[2026-04-20T20:23:50.326+0000] {processor.py:830} INFO - Processing file /opt/airflow/dags/logidata_pipeline_dag.py for tasks to queue
[2026-04-20T20:23:50.327+0000] {logging_mixin.py:188} INFO - [2026-04-20T20:23:50.327+0000] {dagbag.py:538} INFO - Filling up the DagBag from /opt/airflow/dags/logidata_pipeline_dag.py
[2026-04-20T20:23:50.427+0000] {processor.py:840} INFO - DAG(s) 'logidata_pipeline_dag' retrieved from /opt/airflow/dags/logidata_pipeline_dag.py
[2026-04-20T20:23:50.483+0000] {logging_mixin.py:188} INFO - [2026-04-20T20:23:50.483+0000] {dag.py:3036} INFO - Sync 1 DAGs
[2026-04-20T20:23:50.505+0000] {logging_mixin.py:188} INFO - [2026-04-20T20:23:50.505+0000] {dag.py:3823} INFO - Setting next_dagrun for logidata_pipeline_dag to None, run_after=None
[2026-04-20T20:23:50.608+0000] {processor.py:183} INFO - Processing /opt/airflow/dags/logidata_pipeline_dag.py took 0.287 seconds
[2026-04-20T20:24:23.272+0000] {processor.py:161} INFO - Started process (PID=584) to work on /opt/airflow/dags/logidata_pipeline_dag.py
[2026-04-20T20:24:23.274+0000] {processor.py:830} INFO - Processing file /opt/airflow/dags/logidata_pipeline_dag.py for tasks to queue
[2026-04-20T20:24:23.275+0000] {logging_mixin.py:188} INFO - [2026-04-20T20:24:23.275+0000] {dagbag.py:538} INFO - Filling up the DagBag from /opt/airflow/dags/logidata_pipeline_dag.py
[2026-04-20T20:24:23.381+0000] {processor.py:840} INFO - DAG(s) 'logidata_pipeline_dag' retrieved from /opt/airflow/dags/logidata_pipeline_dag.py
[2026-04-20T20:24:23.421+0000] {logging_mixin.py:188} INFO - [2026-04-20T20:24:23.421+0000] {dag.py:3036} INFO - Sync 1 DAGs
[2026-04-20T20:24:23.439+0000] {logging_mixin.py:188} INFO - [2026-04-20T20:24:23.439+0000] {dag.py:3823} INFO - Setting next_dagrun for logidata_pipeline_dag to None, run_after=None
[2026-04-20T20:24:23.585+0000] {processor.py:183} INFO - Processing /opt/airflow/dags/logidata_pipeline_dag.py took 0.322 seconds
[2026-04-20T20:24:53.985+0000] {processor.py:161} INFO - Started process (PID=585) to work on /opt/airflow/dags/logidata_pipeline_dag.py
[2026-04-20T20:24:53.987+0000] {processor.py:830} INFO - Processing file /opt/airflow/dags/logidata_pipeline_dag.py for tasks to queue
[2026-04-20T20:24:53.989+0000] {logging_mixin.py:188} INFO - [2026-04-20T20:24:53.988+0000] {dagbag.py:538} INFO - Filling up the DagBag from /opt/airflow/dags/logidata_pipeline_dag.py
[2026-04-20T20:24:54.097+0000] {processor.py:840} INFO - DAG(s) 'logidata_pipeline_dag' retrieved from /opt/airflow/dags/logidata_pipeline_dag.py
[2026-04-20T20:24:54.146+0000] {logging_mixin.py:188} INFO - [2026-04-20T20:24:54.146+0000] {dag.py:3036} INFO - Sync 1 DAGs
[2026-04-20T20:24:54.170+0000] {logging_mixin.py:188} INFO - [2026-04-20T20:24:54.170+0000] {dag.py:3823} INFO - Setting next_dagrun for logidata_pipeline_dag to None, run_after=None
[2026-04-20T20:24:54.281+0000] {processor.py:183} INFO - Processing /opt/airflow/dags/logidata_pipeline_dag.py took 0.303 seconds
[2026-04-20T20:25:24.822+0000] {processor.py:161} INFO - Started process (PID=586) to work on /opt/airflow/dags/logidata_pipeline_dag.py
[2026-04-20T20:25:24.823+0000] {processor.py:830} INFO - Processing file /opt/airflow/dags/logidata_pipeline_dag.py for tasks to queue
[2026-04-20T20:25:24.824+0000] {logging_mixin.py:188} INFO - [2026-04-20T20:25:24.824+0000] {dagbag.py:538} INFO - Filling up the DagBag from /opt/airflow/dags/logidata_pipeline_dag.py
[2026-04-20T20:25:24.907+0000] {processor.py:840} INFO - DAG(s) 'logidata_pipeline_dag' retrieved from /opt/airflow/dags/logidata_pipeline_dag.py
[2026-04-20T20:25:24.959+0000] {logging_mixin.py:188} INFO - [2026-04-20T20:25:24.959+0000] {dag.py:3036} INFO - Sync 1 DAGs
[2026-04-20T20:25:24.979+0000] {logging_mixin.py:188} INFO - [2026-04-20T20:25:24.978+0000] {dag.py:3823} INFO - Setting next_dagrun for logidata_pipeline_dag to None, run_after=None
[2026-04-20T20:25:25.069+0000] {processor.py:183} INFO - Processing /opt/airflow/dags/logidata_pipeline_dag.py took 0.253 seconds
[2026-04-20T20:25:55.606+0000] {processor.py:161} INFO - Started process (PID=587) to work on /opt/airflow/dags/logidata_pipeline_dag.py
[2026-04-20T20:25:55.609+0000] {processor.py:830} INFO - Processing file /opt/airflow/dags/logidata_pipeline_dag.py for tasks to queue
[2026-04-20T20:25:55.612+0000] {logging_mixin.py:188} INFO - [2026-04-20T20:25:55.611+0000] {dagbag.py:538} INFO - Filling up the DagBag from /opt/airflow/dags/logidata_pipeline_dag.py
[2026-04-20T20:25:55.697+0000] {processor.py:840} INFO - DAG(s) 'logidata_pipeline_dag' retrieved from /opt/airflow/dags/logidata_pipeline_dag.py
[2026-04-20T20:25:55.764+0000] {logging_mixin.py:188} INFO - [2026-04-20T20:25:55.763+0000] {dag.py:3036} INFO - Sync 1 DAGs
[2026-04-20T20:25:55.786+0000] {logging_mixin.py:188} INFO - [2026-04-20T20:25:55.786+0000] {dag.py:3823} INFO - Setting next_dagrun for logidata_pipeline_dag to None, run_after=None
[2026-04-20T20:25:55.894+0000] {processor.py:183} INFO - Processing /opt/airflow/dags/logidata_pipeline_dag.py took 0.293 seconds
[2026-04-20T20:29:03.185+0000] {processor.py:161} INFO - Started process (PID=619) to work on /opt/airflow/dags/logidata_pipeline_dag.py
[2026-04-20T20:29:03.186+0000] {processor.py:830} INFO - Processing file /opt/airflow/dags/logidata_pipeline_dag.py for tasks to queue
[2026-04-20T20:29:03.189+0000] {logging_mixin.py:188} INFO - [2026-04-20T20:29:03.187+0000] {dagbag.py:538} INFO - Filling up the DagBag from /opt/airflow/dags/logidata_pipeline_dag.py
[2026-04-20T20:29:03.294+0000] {processor.py:840} INFO - DAG(s) 'logidata_pipeline_dag' retrieved from /opt/airflow/dags/logidata_pipeline_dag.py
[2026-04-20T20:29:03.353+0000] {logging_mixin.py:188} INFO - [2026-04-20T20:29:03.353+0000] {dag.py:3036} INFO - Sync 1 DAGs
[2026-04-20T20:29:03.375+0000] {logging_mixin.py:188} INFO - [2026-04-20T20:29:03.374+0000] {dag.py:3823} INFO - Setting next_dagrun for logidata_pipeline_dag to None, run_after=None
[2026-04-20T20:29:03.459+0000] {processor.py:183} INFO - Processing /opt/airflow/dags/logidata_pipeline_dag.py took 0.278 seconds
[2026-04-20T20:29:33.749+0000] {processor.py:161} INFO - Started process (PID=620) to work on /opt/airflow/dags/logidata_pipeline_dag.py
[2026-04-20T20:29:33.751+0000] {processor.py:830} INFO - Processing file /opt/airflow/dags/logidata_pipeline_dag.py for tasks to queue
[2026-04-20T20:29:33.752+0000] {logging_mixin.py:188} INFO - [2026-04-20T20:29:33.752+0000] {dagbag.py:538} INFO - Filling up the DagBag from /opt/airflow/dags/logidata_pipeline_dag.py
[2026-04-20T20:29:33.841+0000] {processor.py:840} INFO - DAG(s) 'logidata_pipeline_dag' retrieved from /opt/airflow/dags/logidata_pipeline_dag.py
[2026-04-20T20:29:33.890+0000] {logging_mixin.py:188} INFO - [2026-04-20T20:29:33.889+0000] {dag.py:3036} INFO - Sync 1 DAGs
[2026-04-20T20:29:33.907+0000] {logging_mixin.py:188} INFO - [2026-04-20T20:29:33.907+0000] {dag.py:3823} INFO - Setting next_dagrun for logidata_pipeline_dag to None, run_after=None
[2026-04-20T20:29:34.019+0000] {processor.py:183} INFO - Processing /opt/airflow/dags/logidata_pipeline_dag.py took 0.273 seconds
[2026-04-20T20:30:04.130+0000] {processor.py:161} INFO - Started process (PID=621) to work on /opt/airflow/dags/logidata_pipeline_dag.py
[2026-04-20T20:30:04.132+0000] {processor.py:830} INFO - Processing file /opt/airflow/dags/logidata_pipeline_dag.py for tasks to queue
[2026-04-20T20:30:04.133+0000] {logging_mixin.py:188} INFO - [2026-04-20T20:30:04.132+0000] {dagbag.py:538} INFO - Filling up the DagBag from /opt/airflow/dags/logidata_pipeline_dag.py
[2026-04-20T20:30:04.234+0000] {processor.py:840} INFO - DAG(s) 'logidata_pipeline_dag' retrieved from /opt/airflow/dags/logidata_pipeline_dag.py
[2026-04-20T20:30:04.308+0000] {logging_mixin.py:188} INFO - [2026-04-20T20:30:04.308+0000] {dag.py:3036} INFO - Sync 1 DAGs
[2026-04-20T20:30:04.327+0000] {logging_mixin.py:188} INFO - [2026-04-20T20:30:04.326+0000] {dag.py:3823} INFO - Setting next_dagrun for logidata_pipeline_dag to None, run_after=None
[2026-04-20T20:30:04.480+0000] {processor.py:183} INFO - Processing /opt/airflow/dags/logidata_pipeline_dag.py took 0.352 seconds
[2026-04-20T20:30:34.891+0000] {processor.py:161} INFO - Started process (PID=622) to work on /opt/airflow/dags/logidata_pipeline_dag.py
[2026-04-20T20:30:34.893+0000] {processor.py:830} INFO - Processing file /opt/airflow/dags/logidata_pipeline_dag.py for tasks to queue
[2026-04-20T20:30:34.894+0000] {logging_mixin.py:188} INFO - [2026-04-20T20:30:34.894+0000] {dagbag.py:538} INFO - Filling up the DagBag from /opt/airflow/dags/logidata_pipeline_dag.py
[2026-04-20T20:30:34.969+0000] {processor.py:840} INFO - DAG(s) 'logidata_pipeline_dag' retrieved from /opt/airflow/dags/logidata_pipeline_dag.py
[2026-04-20T20:30:35.011+0000] {logging_mixin.py:188} INFO - [2026-04-20T20:30:35.011+0000] {dag.py:3036} INFO - Sync 1 DAGs
[2026-04-20T20:30:35.575+0000] {logging_mixin.py:188} INFO - [2026-04-20T20:30:35.575+0000] {dag.py:3823} INFO - Setting next_dagrun for logidata_pipeline_dag to None, run_after=None
[2026-04-20T20:30:35.654+0000] {processor.py:183} INFO - Processing /opt/airflow/dags/logidata_pipeline_dag.py took 0.766 seconds
[2026-04-20T20:31:06.474+0000] {processor.py:161} INFO - Started process (PID=623) to work on /opt/airflow/dags/logidata_pipeline_dag.py
[2026-04-20T20:31:06.476+0000] {processor.py:830} INFO - Processing file /opt/airflow/dags/logidata_pipeline_dag.py for tasks to queue
[2026-04-20T20:31:06.477+0000] {logging_mixin.py:188} INFO - [2026-04-20T20:31:06.476+0000] {dagbag.py:538} INFO - Filling up the DagBag from /opt/airflow/dags/logidata_pipeline_dag.py
[2026-04-20T20:31:06.551+0000] {processor.py:840} INFO - DAG(s) 'logidata_pipeline_dag' retrieved from /opt/airflow/dags/logidata_pipeline_dag.py
[2026-04-20T20:31:06.724+0000] {logging_mixin.py:188} INFO - [2026-04-20T20:31:06.724+0000] {dag.py:3036} INFO - Sync 1 DAGs
[2026-04-20T20:31:06.739+0000] {logging_mixin.py:188} INFO - [2026-04-20T20:31:06.738+0000] {dag.py:3823} INFO - Setting next_dagrun for logidata_pipeline_dag to None, run_after=None
[2026-04-20T20:31:06.798+0000] {processor.py:183} INFO - Processing /opt/airflow/dags/logidata_pipeline_dag.py took 0.328 seconds
[2026-04-20T20:31:37.196+0000] {processor.py:161} INFO - Started process (PID=624) to work on /opt/airflow/dags/logidata_pipeline_dag.py
[2026-04-20T20:31:37.198+0000] {processor.py:830} INFO - Processing file /opt/airflow/dags/logidata_pipeline_dag.py for tasks to queue
[2026-04-20T20:31:37.199+0000] {logging_mixin.py:188} INFO - [2026-04-20T20:31:37.199+0000] {dagbag.py:538} INFO - Filling up the DagBag from /opt/airflow/dags/logidata_pipeline_dag.py
[2026-04-20T20:31:37.281+0000] {processor.py:840} INFO - DAG(s) 'logidata_pipeline_dag' retrieved from /opt/airflow/dags/logidata_pipeline_dag.py
[2026-04-20T20:31:37.314+0000] {logging_mixin.py:188} INFO - [2026-04-20T20:31:37.314+0000] {dag.py:3036} INFO - Sync 1 DAGs
[2026-04-20T20:31:37.327+0000] {logging_mixin.py:188} INFO - [2026-04-20T20:31:37.327+0000] {dag.py:3823} INFO - Setting next_dagrun for logidata_pipeline_dag to None, run_after=None
[2026-04-20T20:31:37.394+0000] {processor.py:183} INFO - Processing /opt/airflow/dags/logidata_pipeline_dag.py took 0.203 seconds
[2026-04-20T20:32:08.035+0000] {processor.py:161} INFO - Started process (PID=625) to work on /opt/airflow/dags/logidata_pipeline_dag.py
[2026-04-20T20:32:08.036+0000] {processor.py:830} INFO - Processing file /opt/airflow/dags/logidata_pipeline_dag.py for tasks to queue
[2026-04-20T20:32:08.037+0000] {logging_mixin.py:188} INFO - [2026-04-20T20:32:08.037+0000] {dagbag.py:538} INFO - Filling up the DagBag from /opt/airflow/dags/logidata_pipeline_dag.py
[2026-04-20T20:32:08.125+0000] {processor.py:840} INFO - DAG(s) 'logidata_pipeline_dag' retrieved from /opt/airflow/dags/logidata_pipeline_dag.py
[2026-04-20T20:32:08.170+0000] {logging_mixin.py:188} INFO - [2026-04-20T20:32:08.169+0000] {dag.py:3036} INFO - Sync 1 DAGs
[2026-04-20T20:32:08.189+0000] {logging_mixin.py:188} INFO - [2026-04-20T20:32:08.189+0000] {dag.py:3823} INFO - Setting next_dagrun for logidata_pipeline_dag to None, run_after=None
[2026-04-20T20:32:08.266+0000] {processor.py:183} INFO - Processing /opt/airflow/dags/logidata_pipeline_dag.py took 0.235 seconds
[2026-04-20T20:32:38.497+0000] {processor.py:161} INFO - Started process (PID=626) to work on /opt/airflow/dags/logidata_pipeline_dag.py
[2026-04-20T20:32:38.499+0000] {processor.py:830} INFO - Processing file /opt/airflow/dags/logidata_pipeline_dag.py for tasks to queue
[2026-04-20T20:32:38.500+0000] {logging_mixin.py:188} INFO - [2026-04-20T20:32:38.500+0000] {dagbag.py:538} INFO - Filling up the DagBag from /opt/airflow/dags/logidata_pipeline_dag.py
[2026-04-20T20:32:38.585+0000] {processor.py:840} INFO - DAG(s) 'logidata_pipeline_dag' retrieved from /opt/airflow/dags/logidata_pipeline_dag.py
[2026-04-20T20:32:38.639+0000] {logging_mixin.py:188} INFO - [2026-04-20T20:32:38.639+0000] {dag.py:3036} INFO - Sync 1 DAGs
[2026-04-20T20:32:38.856+0000] {logging_mixin.py:188} INFO - [2026-04-20T20:32:38.856+0000] {dag.py:3823} INFO - Setting next_dagrun for logidata_pipeline_dag to None, run_after=None
[2026-04-20T20:32:38.959+0000] {processor.py:183} INFO - Processing /opt/airflow/dags/logidata_pipeline_dag.py took 0.468 seconds
[2026-04-20T20:33:10.100+0000] {processor.py:161} INFO - Started process (PID=627) to work on /opt/airflow/dags/logidata_pipeline_dag.py
[2026-04-20T20:33:10.102+0000] {processor.py:830} INFO - Processing file /opt/airflow/dags/logidata_pipeline_dag.py for tasks to queue
[2026-04-20T20:33:10.103+0000] {logging_mixin.py:188} INFO - [2026-04-20T20:33:10.103+0000] {dagbag.py:538} INFO - Filling up the DagBag from /opt/airflow/dags/logidata_pipeline_dag.py
[2026-04-20T20:33:10.187+0000] {processor.py:840} INFO - DAG(s) 'logidata_pipeline_dag' retrieved from /opt/airflow/dags/logidata_pipeline_dag.py
[2026-04-20T20:33:10.380+0000] {logging_mixin.py:188} INFO - [2026-04-20T20:33:10.380+0000] {dag.py:3036} INFO - Sync 1 DAGs
[2026-04-20T20:33:10.394+0000] {logging_mixin.py:188} INFO - [2026-04-20T20:33:10.394+0000] {dag.py:3823} INFO - Setting next_dagrun for logidata_pipeline_dag to None, run_after=None
[2026-04-20T20:33:10.507+0000] {processor.py:183} INFO - Processing /opt/airflow/dags/logidata_pipeline_dag.py took 0.411 seconds
[2026-04-20T20:33:41.270+0000] {processor.py:161} INFO - Started process (PID=628) to work on /opt/airflow/dags/logidata_pipeline_dag.py
[2026-04-20T20:33:41.272+0000] {processor.py:830} INFO - Processing file /opt/airflow/dags/logidata_pipeline_dag.py for tasks to queue
[2026-04-20T20:33:41.275+0000] {logging_mixin.py:188} INFO - [2026-04-20T20:33:41.274+0000] {dagbag.py:538} INFO - Filling up the DagBag from /opt/airflow/dags/logidata_pipeline_dag.py
[2026-04-20T20:33:41.519+0000] {processor.py:840} INFO - DAG(s) 'logidata_pipeline_dag' retrieved from /opt/airflow/dags/logidata_pipeline_dag.py
[2026-04-20T20:33:41.560+0000] {logging_mixin.py:188} INFO - [2026-04-20T20:33:41.560+0000] {dag.py:3036} INFO - Sync 1 DAGs
[2026-04-20T20:33:41.581+0000] {logging_mixin.py:188} INFO - [2026-04-20T20:33:41.581+0000] {dag.py:3823} INFO - Setting next_dagrun for logidata_pipeline_dag to None, run_after=None
[2026-04-20T20:33:41.635+0000] {processor.py:183} INFO - Processing /opt/airflow/dags/logidata_pipeline_dag.py took 0.369 seconds
[2026-04-20T20:34:11.846+0000] {processor.py:161} INFO - Started process (PID=629) to work on /opt/airflow/dags/logidata_pipeline_dag.py
[2026-04-20T20:34:11.847+0000] {processor.py:830} INFO - Processing file /opt/airflow/dags/logidata_pipeline_dag.py for tasks to queue
[2026-04-20T20:34:11.848+0000] {logging_mixin.py:188} INFO - [2026-04-20T20:34:11.848+0000] {dagbag.py:538} INFO - Filling up the DagBag from /opt/airflow/dags/logidata_pipeline_dag.py
[2026-04-20T20:34:12.063+0000] {processor.py:840} INFO - DAG(s) 'logidata_pipeline_dag' retrieved from /opt/airflow/dags/logidata_pipeline_dag.py
[2026-04-20T20:34:12.095+0000] {logging_mixin.py:188} INFO - [2026-04-20T20:34:12.095+0000] {dag.py:3036} INFO - Sync 1 DAGs
[2026-04-20T20:34:12.109+0000] {logging_mixin.py:188} INFO - [2026-04-20T20:34:12.109+0000] {dag.py:3823} INFO - Setting next_dagrun for logidata_pipeline_dag to None, run_after=None
[2026-04-20T20:34:12.176+0000] {processor.py:183} INFO - Processing /opt/airflow/dags/logidata_pipeline_dag.py took 0.333 seconds
[2026-04-20T20:34:42.983+0000] {processor.py:161} INFO - Started process (PID=630) to work on /opt/airflow/dags/logidata_pipeline_dag.py
[2026-04-20T20:34:42.984+0000] {processor.py:830} INFO - Processing file /opt/airflow/dags/logidata_pipeline_dag.py for tasks to queue
[2026-04-20T20:34:42.986+0000] {logging_mixin.py:188} INFO - [2026-04-20T20:34:42.985+0000] {dagbag.py:538} INFO - Filling up the DagBag from /opt/airflow/dags/logidata_pipeline_dag.py
[2026-04-20T20:34:43.062+0000] {processor.py:840} INFO - DAG(s) 'logidata_pipeline_dag' retrieved from /opt/airflow/dags/logidata_pipeline_dag.py
[2026-04-20T20:34:43.117+0000] {logging_mixin.py:188} INFO - [2026-04-20T20:34:43.117+0000] {dag.py:3036} INFO - Sync 1 DAGs
[2026-04-20T20:34:43.323+0000] {logging_mixin.py:188} INFO - [2026-04-20T20:34:43.323+0000] {dag.py:3823} INFO - Setting next_dagrun for logidata_pipeline_dag to None, run_after=None
[2026-04-20T20:34:43.465+0000] {processor.py:183} INFO - Processing /opt/airflow/dags/logidata_pipeline_dag.py took 0.486 seconds
[2026-04-20T20:35:14.532+0000] {processor.py:161} INFO - Started process (PID=631) to work on /opt/airflow/dags/logidata_pipeline_dag.py
[2026-04-20T20:35:14.534+0000] {processor.py:830} INFO - Processing file /opt/airflow/dags/logidata_pipeline_dag.py for tasks to queue
[2026-04-20T20:35:14.535+0000] {logging_mixin.py:188} INFO - [2026-04-20T20:35:14.535+0000] {dagbag.py:538} INFO - Filling up the DagBag from /opt/airflow/dags/logidata_pipeline_dag.py
[2026-04-20T20:35:14.602+0000] {processor.py:840} INFO - DAG(s) 'logidata_pipeline_dag' retrieved from /opt/airflow/dags/logidata_pipeline_dag.py
[2026-04-20T20:35:14.781+0000] {logging_mixin.py:188} INFO - [2026-04-20T20:35:14.780+0000] {dag.py:3036} INFO - Sync 1 DAGs
[2026-04-20T20:35:14.803+0000] {logging_mixin.py:188} INFO - [2026-04-20T20:35:14.802+0000] {dag.py:3823} INFO - Setting next_dagrun for logidata_pipeline_dag to None, run_after=None
[2026-04-20T20:35:14.880+0000] {processor.py:183} INFO - Processing /opt/airflow/dags/logidata_pipeline_dag.py took 0.351 seconds
[2026-04-20T20:35:45.679+0000] {processor.py:161} INFO - Started process (PID=632) to work on /opt/airflow/dags/logidata_pipeline_dag.py
[2026-04-20T20:35:45.681+0000] {processor.py:830} INFO - Processing file /opt/airflow/dags/logidata_pipeline_dag.py for tasks to queue
[2026-04-20T20:35:45.682+0000] {logging_mixin.py:188} INFO - [2026-04-20T20:35:45.682+0000] {dagbag.py:538} INFO - Filling up the DagBag from /opt/airflow/dags/logidata_pipeline_dag.py
[2026-04-20T20:35:45.893+0000] {processor.py:840} INFO - DAG(s) 'logidata_pipeline_dag' retrieved from /opt/airflow/dags/logidata_pipeline_dag.py
[2026-04-20T20:35:45.943+0000] {logging_mixin.py:188} INFO - [2026-04-20T20:35:45.943+0000] {dag.py:3036} INFO - Sync 1 DAGs
[2026-04-20T20:35:45.959+0000] {logging_mixin.py:188} INFO - [2026-04-20T20:35:45.959+0000] {dag.py:3823} INFO - Setting next_dagrun for logidata_pipeline_dag to None, run_after=None
[2026-04-20T20:35:46.065+0000] {processor.py:183} INFO - Processing /opt/airflow/dags/logidata_pipeline_dag.py took 0.396 seconds
[2026-04-20T20:36:17.063+0000] {processor.py:161} INFO - Started process (PID=633) to work on /opt/airflow/dags/logidata_pipeline_dag.py
[2026-04-20T20:36:17.065+0000] {processor.py:830} INFO - Processing file /opt/airflow/dags/logidata_pipeline_dag.py for tasks to queue
[2026-04-20T20:36:17.067+0000] {logging_mixin.py:188} INFO - [2026-04-20T20:36:17.066+0000] {dagbag.py:538} INFO - Filling up the DagBag from /opt/airflow/dags/logidata_pipeline_dag.py
[2026-04-20T20:36:17.295+0000] {processor.py:840} INFO - DAG(s) 'logidata_pipeline_dag' retrieved from /opt/airflow/dags/logidata_pipeline_dag.py
[2026-04-20T20:36:17.332+0000] {logging_mixin.py:188} INFO - [2026-04-20T20:36:17.332+0000] {dag.py:3036} INFO - Sync 1 DAGs
[2026-04-20T20:36:17.346+0000] {logging_mixin.py:188} INFO - [2026-04-20T20:36:17.346+0000] {dag.py:3823} INFO - Setting next_dagrun for logidata_pipeline_dag to None, run_after=None
[2026-04-20T20:36:17.457+0000] {processor.py:183} INFO - Processing /opt/airflow/dags/logidata_pipeline_dag.py took 0.402 seconds
[2026-04-20T20:36:48.389+0000] {processor.py:161} INFO - Started process (PID=634) to work on /opt/airflow/dags/logidata_pipeline_dag.py
[2026-04-20T20:36:48.393+0000] {processor.py:830} INFO - Processing file /opt/airflow/dags/logidata_pipeline_dag.py for tasks to queue
[2026-04-20T20:36:48.397+0000] {logging_mixin.py:188} INFO - [2026-04-20T20:36:48.395+0000] {dagbag.py:538} INFO - Filling up the DagBag from /opt/airflow/dags/logidata_pipeline_dag.py
[2026-04-20T20:36:48.679+0000] {processor.py:840} INFO - DAG(s) 'logidata_pipeline_dag' retrieved from /opt/airflow/dags/logidata_pipeline_dag.py
[2026-04-20T20:36:48.738+0000] {logging_mixin.py:188} INFO - [2026-04-20T20:36:48.738+0000] {dag.py:3036} INFO - Sync 1 DAGs
[2026-04-20T20:36:48.755+0000] {logging_mixin.py:188} INFO - [2026-04-20T20:36:48.755+0000] {dag.py:3823} INFO - Setting next_dagrun for logidata_pipeline_dag to None, run_after=None
[2026-04-20T20:36:48.876+0000] {processor.py:183} INFO - Processing /opt/airflow/dags/logidata_pipeline_dag.py took 0.491 seconds
[2026-04-20T20:37:19.299+0000] {processor.py:161} INFO - Started process (PID=635) to work on /opt/airflow/dags/logidata_pipeline_dag.py
[2026-04-20T20:37:19.301+0000] {processor.py:830} INFO - Processing file /opt/airflow/dags/logidata_pipeline_dag.py for tasks to queue
[2026-04-20T20:37:19.302+0000] {logging_mixin.py:188} INFO - [2026-04-20T20:37:19.302+0000] {dagbag.py:538} INFO - Filling up the DagBag from /opt/airflow/dags/logidata_pipeline_dag.py
[2026-04-20T20:37:19.387+0000] {processor.py:840} INFO - DAG(s) 'logidata_pipeline_dag' retrieved from /opt/airflow/dags/logidata_pipeline_dag.py
[2026-04-20T20:37:19.566+0000] {logging_mixin.py:188} INFO - [2026-04-20T20:37:19.566+0000] {dag.py:3036} INFO - Sync 1 DAGs
[2026-04-20T20:37:19.581+0000] {logging_mixin.py:188} INFO - [2026-04-20T20:37:19.581+0000] {dag.py:3823} INFO - Setting next_dagrun for logidata_pipeline_dag to None, run_after=None
[2026-04-20T20:37:19.709+0000] {processor.py:183} INFO - Processing /opt/airflow/dags/logidata_pipeline_dag.py took 0.418 seconds
[2026-04-20T20:37:50.879+0000] {processor.py:161} INFO - Started process (PID=636) to work on /opt/airflow/dags/logidata_pipeline_dag.py
[2026-04-20T20:37:50.881+0000] {processor.py:830} INFO - Processing file /opt/airflow/dags/logidata_pipeline_dag.py for tasks to queue
[2026-04-20T20:37:50.883+0000] {logging_mixin.py:188} INFO - [2026-04-20T20:37:50.883+0000] {dagbag.py:538} INFO - Filling up the DagBag from /opt/airflow/dags/logidata_pipeline_dag.py
[2026-04-20T20:37:51.163+0000] {processor.py:840} INFO - DAG(s) 'logidata_pipeline_dag' retrieved from /opt/airflow/dags/logidata_pipeline_dag.py
[2026-04-20T20:37:51.201+0000] {logging_mixin.py:188} INFO - [2026-04-20T20:37:51.201+0000] {dag.py:3036} INFO - Sync 1 DAGs
[2026-04-20T20:37:51.215+0000] {logging_mixin.py:188} INFO - [2026-04-20T20:37:51.215+0000] {dag.py:3823} INFO - Setting next_dagrun for logidata_pipeline_dag to None, run_after=None
[2026-04-20T20:37:51.355+0000] {processor.py:183} INFO - Processing /opt/airflow/dags/logidata_pipeline_dag.py took 0.491 seconds
[2026-04-20T20:38:22.167+0000] {processor.py:161} INFO - Started process (PID=637) to work on /opt/airflow/dags/logidata_pipeline_dag.py
[2026-04-20T20:38:22.169+0000] {processor.py:830} INFO - Processing file /opt/airflow/dags/logidata_pipeline_dag.py for tasks to queue
[2026-04-20T20:38:22.171+0000] {logging_mixin.py:188} INFO - [2026-04-20T20:38:22.170+0000] {dagbag.py:538} INFO - Filling up the DagBag from /opt/airflow/dags/logidata_pipeline_dag.py
[2026-04-20T20:38:22.399+0000] {processor.py:840} INFO - DAG(s) 'logidata_pipeline_dag' retrieved from /opt/airflow/dags/logidata_pipeline_dag.py
[2026-04-20T20:38:22.433+0000] {logging_mixin.py:188} INFO - [2026-04-20T20:38:22.433+0000] {dag.py:3036} INFO - Sync 1 DAGs
[2026-04-20T20:38:22.447+0000] {logging_mixin.py:188} INFO - [2026-04-20T20:38:22.446+0000] {dag.py:3823} INFO - Setting next_dagrun for logidata_pipeline_dag to None, run_after=None
[2026-04-20T20:38:22.582+0000] {processor.py:183} INFO - Processing /opt/airflow/dags/logidata_pipeline_dag.py took 0.418 seconds
[2026-04-20T20:38:53.336+0000] {processor.py:161} INFO - Started process (PID=638) to work on /opt/airflow/dags/logidata_pipeline_dag.py
[2026-04-20T20:38:53.338+0000] {processor.py:830} INFO - Processing file /opt/airflow/dags/logidata_pipeline_dag.py for tasks to queue
[2026-04-20T20:38:53.339+0000] {logging_mixin.py:188} INFO - [2026-04-20T20:38:53.339+0000] {dagbag.py:538} INFO - Filling up the DagBag from /opt/airflow/dags/logidata_pipeline_dag.py
[2026-04-20T20:38:53.549+0000] {processor.py:840} INFO - DAG(s) 'logidata_pipeline_dag' retrieved from /opt/airflow/dags/logidata_pipeline_dag.py
[2026-04-20T20:38:53.583+0000] {logging_mixin.py:188} INFO - [2026-04-20T20:38:53.582+0000] {dag.py:3036} INFO - Sync 1 DAGs
[2026-04-20T20:38:53.596+0000] {logging_mixin.py:188} INFO - [2026-04-20T20:38:53.596+0000] {dag.py:3823} INFO - Setting next_dagrun for logidata_pipeline_dag to None, run_after=None
[2026-04-20T20:38:53.672+0000] {processor.py:183} INFO - Processing /opt/airflow/dags/logidata_pipeline_dag.py took 0.339 seconds
[2026-04-20T20:39:24.471+0000] {processor.py:161} INFO - Started process (PID=639) to work on /opt/airflow/dags/logidata_pipeline_dag.py
[2026-04-20T20:39:24.473+0000] {processor.py:830} INFO - Processing file /opt/airflow/dags/logidata_pipeline_dag.py for tasks to queue
[2026-04-20T20:39:24.475+0000] {logging_mixin.py:188} INFO - [2026-04-20T20:39:24.475+0000] {dagbag.py:538} INFO - Filling up the DagBag from /opt/airflow/dags/logidata_pipeline_dag.py
[2026-04-20T20:39:24.602+0000] {processor.py:840} INFO - DAG(s) 'logidata_pipeline_dag' retrieved from /opt/airflow/dags/logidata_pipeline_dag.py
[2026-04-20T20:39:24.796+0000] {logging_mixin.py:188} INFO - [2026-04-20T20:39:24.795+0000] {dag.py:3036} INFO - Sync 1 DAGs
[2026-04-20T20:39:24.816+0000] {logging_mixin.py:188} INFO - [2026-04-20T20:39:24.815+0000] {dag.py:3823} INFO - Setting next_dagrun for logidata_pipeline_dag to None, run_after=None
[2026-04-20T20:39:24.985+0000] {processor.py:183} INFO - Processing /opt/airflow/dags/logidata_pipeline_dag.py took 0.524 seconds
[2026-04-20T20:39:55.305+0000] {processor.py:161} INFO - Started process (PID=640) to work on /opt/airflow/dags/logidata_pipeline_dag.py
[2026-04-20T20:39:55.307+0000] {processor.py:830} INFO - Processing file /opt/airflow/dags/logidata_pipeline_dag.py for tasks to queue
[2026-04-20T20:39:55.308+0000] {logging_mixin.py:188} INFO - [2026-04-20T20:39:55.308+0000] {dagbag.py:538} INFO - Filling up the DagBag from /opt/airflow/dags/logidata_pipeline_dag.py
[2026-04-20T20:39:55.545+0000] {processor.py:840} INFO - DAG(s) 'logidata_pipeline_dag' retrieved from /opt/airflow/dags/logidata_pipeline_dag.py
[2026-04-20T20:39:55.582+0000] {logging_mixin.py:188} INFO - [2026-04-20T20:39:55.582+0000] {dag.py:3036} INFO - Sync 1 DAGs
[2026-04-20T20:39:55.596+0000] {logging_mixin.py:188} INFO - [2026-04-20T20:39:55.596+0000] {dag.py:3823} INFO - Setting next_dagrun for logidata_pipeline_dag to None, run_after=None
[2026-04-20T20:39:55.677+0000] {processor.py:183} INFO - Processing /opt/airflow/dags/logidata_pipeline_dag.py took 0.375 seconds
[2026-04-20T20:40:25.780+0000] {processor.py:161} INFO - Started process (PID=641) to work on /opt/airflow/dags/logidata_pipeline_dag.py
[2026-04-20T20:40:25.782+0000] {processor.py:830} INFO - Processing file /opt/airflow/dags/logidata_pipeline_dag.py for tasks to queue
[2026-04-20T20:40:25.784+0000] {logging_mixin.py:188} INFO - [2026-04-20T20:40:25.783+0000] {dagbag.py:538} INFO - Filling up the DagBag from /opt/airflow/dags/logidata_pipeline_dag.py
[2026-04-20T20:40:25.995+0000] {processor.py:840} INFO - DAG(s) 'logidata_pipeline_dag' retrieved from /opt/airflow/dags/logidata_pipeline_dag.py
[2026-04-20T20:40:26.036+0000] {logging_mixin.py:188} INFO - [2026-04-20T20:40:26.036+0000] {dag.py:3036} INFO - Sync 1 DAGs
[2026-04-20T20:40:26.052+0000] {logging_mixin.py:188} INFO - [2026-04-20T20:40:26.052+0000] {dag.py:3823} INFO - Setting next_dagrun for logidata_pipeline_dag to None, run_after=None
[2026-04-20T20:40:26.152+0000] {processor.py:183} INFO - Processing /opt/airflow/dags/logidata_pipeline_dag.py took 0.378 seconds
[2026-04-20T20:40:57.208+0000] {processor.py:161} INFO - Started process (PID=642) to work on /opt/airflow/dags/logidata_pipeline_dag.py
[2026-04-20T20:40:57.210+0000] {processor.py:830} INFO - Processing file /opt/airflow/dags/logidata_pipeline_dag.py for tasks to queue
[2026-04-20T20:40:57.211+0000] {logging_mixin.py:188} INFO - [2026-04-20T20:40:57.210+0000] {dagbag.py:538} INFO - Filling up the DagBag from /opt/airflow/dags/logidata_pipeline_dag.py
[2026-04-20T20:40:57.409+0000] {processor.py:840} INFO - DAG(s) 'logidata_pipeline_dag' retrieved from /opt/airflow/dags/logidata_pipeline_dag.py
[2026-04-20T20:40:57.450+0000] {logging_mixin.py:188} INFO - [2026-04-20T20:40:57.449+0000] {dag.py:3036} INFO - Sync 1 DAGs
[2026-04-20T20:40:57.462+0000] {logging_mixin.py:188} INFO - [2026-04-20T20:40:57.462+0000] {dag.py:3823} INFO - Setting next_dagrun for logidata_pipeline_dag to None, run_after=None
[2026-04-20T20:40:57.511+0000] {processor.py:183} INFO - Processing /opt/airflow/dags/logidata_pipeline_dag.py took 0.305 seconds
[2026-04-20T20:41:28.562+0000] {processor.py:161} INFO - Started process (PID=643) to work on /opt/airflow/dags/logidata_pipeline_dag.py
[2026-04-20T20:41:28.563+0000] {processor.py:830} INFO - Processing file /opt/airflow/dags/logidata_pipeline_dag.py for tasks to queue
[2026-04-20T20:41:28.566+0000] {logging_mixin.py:188} INFO - [2026-04-20T20:41:28.565+0000] {dagbag.py:538} INFO - Filling up the DagBag from /opt/airflow/dags/logidata_pipeline_dag.py
[2026-04-20T20:41:28.782+0000] {processor.py:840} INFO - DAG(s) 'logidata_pipeline_dag' retrieved from /opt/airflow/dags/logidata_pipeline_dag.py
[2026-04-20T20:41:28.826+0000] {logging_mixin.py:188} INFO - [2026-04-20T20:41:28.826+0000] {dag.py:3036} INFO - Sync 1 DAGs
[2026-04-20T20:41:28.843+0000] {logging_mixin.py:188} INFO - [2026-04-20T20:41:28.843+0000] {dag.py:3823} INFO - Setting next_dagrun for logidata_pipeline_dag to None, run_after=None
[2026-04-20T20:41:28.932+0000] {processor.py:183} INFO - Processing /opt/airflow/dags/logidata_pipeline_dag.py took 0.375 seconds
[2026-04-20T20:41:59.261+0000] {processor.py:161} INFO - Started process (PID=644) to work on /opt/airflow/dags/logidata_pipeline_dag.py
[2026-04-20T20:41:59.262+0000] {processor.py:830} INFO - Processing file /opt/airflow/dags/logidata_pipeline_dag.py for tasks to queue
[2026-04-20T20:41:59.263+0000] {logging_mixin.py:188} INFO - [2026-04-20T20:41:59.263+0000] {dagbag.py:538} INFO - Filling up the DagBag from /opt/airflow/dags/logidata_pipeline_dag.py
[2026-04-20T20:41:59.456+0000] {processor.py:840} INFO - DAG(s) 'logidata_pipeline_dag' retrieved from /opt/airflow/dags/logidata_pipeline_dag.py
[2026-04-20T20:41:59.493+0000] {logging_mixin.py:188} INFO - [2026-04-20T20:41:59.493+0000] {dag.py:3036} INFO - Sync 1 DAGs
[2026-04-20T20:41:59.508+0000] {logging_mixin.py:188} INFO - [2026-04-20T20:41:59.508+0000] {dag.py:3823} INFO - Setting next_dagrun for logidata_pipeline_dag to None, run_after=None
[2026-04-20T20:41:59.562+0000] {processor.py:183} INFO - Processing /opt/airflow/dags/logidata_pipeline_dag.py took 0.304 seconds
[2026-04-20T20:42:30.097+0000] {processor.py:161} INFO - Started process (PID=645) to work on /opt/airflow/dags/logidata_pipeline_dag.py
[2026-04-20T20:42:30.101+0000] {processor.py:830} INFO - Processing file /opt/airflow/dags/logidata_pipeline_dag.py for tasks to queue
[2026-04-20T20:42:30.103+0000] {logging_mixin.py:188} INFO - [2026-04-20T20:42:30.102+0000] {dagbag.py:538} INFO - Filling up the DagBag from /opt/airflow/dags/logidata_pipeline_dag.py
[2026-04-20T20:42:30.308+0000] {processor.py:840} INFO - DAG(s) 'logidata_pipeline_dag' retrieved from /opt/airflow/dags/logidata_pipeline_dag.py
[2026-04-20T20:42:30.350+0000] {logging_mixin.py:188} INFO - [2026-04-20T20:42:30.349+0000] {dag.py:3036} INFO - Sync 1 DAGs
[2026-04-20T20:42:30.367+0000] {logging_mixin.py:188} INFO - [2026-04-20T20:42:30.366+0000] {dag.py:3823} INFO - Setting next_dagrun for logidata_pipeline_dag to None, run_after=None
[2026-04-20T20:42:30.428+0000] {processor.py:183} INFO - Processing /opt/airflow/dags/logidata_pipeline_dag.py took 0.335 seconds
[2026-04-20T20:43:00.828+0000] {processor.py:161} INFO - Started process (PID=646) to work on /opt/airflow/dags/logidata_pipeline_dag.py
[2026-04-20T20:43:00.831+0000] {processor.py:830} INFO - Processing file /opt/airflow/dags/logidata_pipeline_dag.py for tasks to queue
[2026-04-20T20:43:00.833+0000] {logging_mixin.py:188} INFO - [2026-04-20T20:43:00.832+0000] {dagbag.py:538} INFO - Filling up the DagBag from /opt/airflow/dags/logidata_pipeline_dag.py
[2026-04-20T20:43:01.112+0000] {processor.py:840} INFO - DAG(s) 'logidata_pipeline_dag' retrieved from /opt/airflow/dags/logidata_pipeline_dag.py
[2026-04-20T20:43:01.151+0000] {logging_mixin.py:188} INFO - [2026-04-20T20:43:01.151+0000] {dag.py:3036} INFO - Sync 1 DAGs
[2026-04-20T20:43:01.171+0000] {logging_mixin.py:188} INFO - [2026-04-20T20:43:01.171+0000] {dag.py:3823} INFO - Setting next_dagrun for logidata_pipeline_dag to None, run_after=None
[2026-04-20T20:43:01.266+0000] {processor.py:183} INFO - Processing /opt/airflow/dags/logidata_pipeline_dag.py took 0.445 seconds
[2026-04-20T20:43:31.655+0000] {processor.py:161} INFO - Started process (PID=647) to work on /opt/airflow/dags/logidata_pipeline_dag.py
[2026-04-20T20:43:31.657+0000] {processor.py:830} INFO - Processing file /opt/airflow/dags/logidata_pipeline_dag.py for tasks to queue
[2026-04-20T20:43:31.659+0000] {logging_mixin.py:188} INFO - [2026-04-20T20:43:31.659+0000] {dagbag.py:538} INFO - Filling up the DagBag from /opt/airflow/dags/logidata_pipeline_dag.py
[2026-04-20T20:43:31.950+0000] {processor.py:840} INFO - DAG(s) 'logidata_pipeline_dag' retrieved from /opt/airflow/dags/logidata_pipeline_dag.py
[2026-04-20T20:43:31.992+0000] {logging_mixin.py:188} INFO - [2026-04-20T20:43:31.992+0000] {dag.py:3036} INFO - Sync 1 DAGs
[2026-04-20T20:43:32.008+0000] {logging_mixin.py:188} INFO - [2026-04-20T20:43:32.008+0000] {dag.py:3823} INFO - Setting next_dagrun for logidata_pipeline_dag to None, run_after=None
[2026-04-20T20:43:32.086+0000] {processor.py:183} INFO - Processing /opt/airflow/dags/logidata_pipeline_dag.py took 0.437 seconds
[2026-04-20T20:44:03.145+0000] {processor.py:161} INFO - Started process (PID=648) to work on /opt/airflow/dags/logidata_pipeline_dag.py
[2026-04-20T20:44:03.147+0000] {processor.py:830} INFO - Processing file /opt/airflow/dags/logidata_pipeline_dag.py for tasks to queue
[2026-04-20T20:44:03.149+0000] {logging_mixin.py:188} INFO - [2026-04-20T20:44:03.148+0000] {dagbag.py:538} INFO - Filling up the DagBag from /opt/airflow/dags/logidata_pipeline_dag.py
[2026-04-20T20:44:03.455+0000] {processor.py:840} INFO - DAG(s) 'logidata_pipeline_dag' retrieved from /opt/airflow/dags/logidata_pipeline_dag.py
[2026-04-20T20:44:03.507+0000] {logging_mixin.py:188} INFO - [2026-04-20T20:44:03.507+0000] {dag.py:3036} INFO - Sync 1 DAGs
[2026-04-20T20:44:03.528+0000] {logging_mixin.py:188} INFO - [2026-04-20T20:44:03.527+0000] {dag.py:3823} INFO - Setting next_dagrun for logidata_pipeline_dag to None, run_after=None
[2026-04-20T20:44:03.609+0000] {processor.py:183} INFO - Processing /opt/airflow/dags/logidata_pipeline_dag.py took 0.476 seconds
[2026-04-20T20:44:34.274+0000] {processor.py:161} INFO - Started process (PID=649) to work on /opt/airflow/dags/logidata_pipeline_dag.py
[2026-04-20T20:44:34.275+0000] {processor.py:830} INFO - Processing file /opt/airflow/dags/logidata_pipeline_dag.py for tasks to queue
[2026-04-20T20:44:34.277+0000] {logging_mixin.py:188} INFO - [2026-04-20T20:44:34.277+0000] {dagbag.py:538} INFO - Filling up the DagBag from /opt/airflow/dags/logidata_pipeline_dag.py
[2026-04-20T20:44:34.514+0000] {processor.py:840} INFO - DAG(s) 'logidata_pipeline_dag' retrieved from /opt/airflow/dags/logidata_pipeline_dag.py
[2026-04-20T20:44:34.549+0000] {logging_mixin.py:188} INFO - [2026-04-20T20:44:34.548+0000] {dag.py:3036} INFO - Sync 1 DAGs
[2026-04-20T20:44:34.563+0000] {logging_mixin.py:188} INFO - [2026-04-20T20:44:34.563+0000] {dag.py:3823} INFO - Setting next_dagrun for logidata_pipeline_dag to None, run_after=None
[2026-04-20T20:44:34.646+0000] {processor.py:183} INFO - Processing /opt/airflow/dags/logidata_pipeline_dag.py took 0.376 seconds
[2026-04-20T20:45:05.654+0000] {processor.py:161} INFO - Started process (PID=650) to work on /opt/airflow/dags/logidata_pipeline_dag.py
[2026-04-20T20:45:05.657+0000] {processor.py:830} INFO - Processing file /opt/airflow/dags/logidata_pipeline_dag.py for tasks to queue
[2026-04-20T20:45:05.658+0000] {logging_mixin.py:188} INFO - [2026-04-20T20:45:05.658+0000] {dagbag.py:538} INFO - Filling up the DagBag from /opt/airflow/dags/logidata_pipeline_dag.py
[2026-04-20T20:45:05.745+0000] {processor.py:840} INFO - DAG(s) 'logidata_pipeline_dag' retrieved from /opt/airflow/dags/logidata_pipeline_dag.py
[2026-04-20T20:45:05.801+0000] {logging_mixin.py:188} INFO - [2026-04-20T20:45:05.800+0000] {dag.py:3036} INFO - Sync 1 DAGs
[2026-04-20T20:45:05.823+0000] {logging_mixin.py:188} INFO - [2026-04-20T20:45:05.823+0000] {dag.py:3823} INFO - Setting next_dagrun for logidata_pipeline_dag to None, run_after=None
[2026-04-20T20:45:05.913+0000] {processor.py:183} INFO - Processing /opt/airflow/dags/logidata_pipeline_dag.py took 0.262 seconds
[2026-04-20T20:45:36.113+0000] {processor.py:161} INFO - Started process (PID=651) to work on /opt/airflow/dags/logidata_pipeline_dag.py
[2026-04-20T20:45:36.115+0000] {processor.py:830} INFO - Processing file /opt/airflow/dags/logidata_pipeline_dag.py for tasks to queue
[2026-04-20T20:45:36.117+0000] {logging_mixin.py:188} INFO - [2026-04-20T20:45:36.117+0000] {dagbag.py:538} INFO - Filling up the DagBag from /opt/airflow/dags/logidata_pipeline_dag.py
[2026-04-20T20:45:36.225+0000] {processor.py:840} INFO - DAG(s) 'logidata_pipeline_dag' retrieved from /opt/airflow/dags/logidata_pipeline_dag.py
[2026-04-20T20:45:36.280+0000] {logging_mixin.py:188} INFO - [2026-04-20T20:45:36.280+0000] {dag.py:3036} INFO - Sync 1 DAGs
[2026-04-20T20:45:36.309+0000] {logging_mixin.py:188} INFO - [2026-04-20T20:45:36.309+0000] {dag.py:3823} INFO - Setting next_dagrun for logidata_pipeline_dag to None, run_after=None
[2026-04-20T20:45:36.433+0000] {processor.py:183} INFO - Processing /opt/airflow/dags/logidata_pipeline_dag.py took 0.326 seconds
[2026-04-20T20:46:07.117+0000] {processor.py:161} INFO - Started process (PID=652) to work on /opt/airflow/dags/logidata_pipeline_dag.py
[2026-04-20T20:46:07.119+0000] {processor.py:830} INFO - Processing file /opt/airflow/dags/logidata_pipeline_dag.py for tasks to queue
[2026-04-20T20:46:07.120+0000] {logging_mixin.py:188} INFO - [2026-04-20T20:46:07.120+0000] {dagbag.py:538} INFO - Filling up the DagBag from /opt/airflow/dags/logidata_pipeline_dag.py
[2026-04-20T20:46:07.210+0000] {processor.py:840} INFO - DAG(s) 'logidata_pipeline_dag' retrieved from /opt/airflow/dags/logidata_pipeline_dag.py
[2026-04-20T20:46:07.268+0000] {logging_mixin.py:188} INFO - [2026-04-20T20:46:07.268+0000] {dag.py:3036} INFO - Sync 1 DAGs
[2026-04-20T20:46:07.302+0000] {logging_mixin.py:188} INFO - [2026-04-20T20:46:07.301+0000] {dag.py:3823} INFO - Setting next_dagrun for logidata_pipeline_dag to None, run_after=None
[2026-04-20T20:46:07.406+0000] {processor.py:183} INFO - Processing /opt/airflow/dags/logidata_pipeline_dag.py took 0.292 seconds
[2026-04-20T20:46:38.325+0000] {processor.py:161} INFO - Started process (PID=653) to work on /opt/airflow/dags/logidata_pipeline_dag.py
[2026-04-20T20:46:38.326+0000] {processor.py:830} INFO - Processing file /opt/airflow/dags/logidata_pipeline_dag.py for tasks to queue
[2026-04-20T20:46:38.328+0000] {logging_mixin.py:188} INFO - [2026-04-20T20:46:38.327+0000] {dagbag.py:538} INFO - Filling up the DagBag from /opt/airflow/dags/logidata_pipeline_dag.py
[2026-04-20T20:46:38.414+0000] {processor.py:840} INFO - DAG(s) 'logidata_pipeline_dag' retrieved from /opt/airflow/dags/logidata_pipeline_dag.py
[2026-04-20T20:46:38.464+0000] {logging_mixin.py:188} INFO - [2026-04-20T20:46:38.464+0000] {dag.py:3036} INFO - Sync 1 DAGs
[2026-04-20T20:46:38.485+0000] {logging_mixin.py:188} INFO - [2026-04-20T20:46:38.485+0000] {dag.py:3823} INFO - Setting next_dagrun for logidata_pipeline_dag to None, run_after=None
[2026-04-20T20:46:38.576+0000] {processor.py:183} INFO - Processing /opt/airflow/dags/logidata_pipeline_dag.py took 0.256 seconds
[2026-04-20T20:47:09.393+0000] {processor.py:161} INFO - Started process (PID=654) to work on /opt/airflow/dags/logidata_pipeline_dag.py
[2026-04-20T20:47:09.395+0000] {processor.py:830} INFO - Processing file /opt/airflow/dags/logidata_pipeline_dag.py for tasks to queue
[2026-04-20T20:47:09.396+0000] {logging_mixin.py:188} INFO - [2026-04-20T20:47:09.396+0000] {dagbag.py:538} INFO - Filling up the DagBag from /opt/airflow/dags/logidata_pipeline_dag.py
[2026-04-20T20:47:09.476+0000] {processor.py:840} INFO - DAG(s) 'logidata_pipeline_dag' retrieved from /opt/airflow/dags/logidata_pipeline_dag.py
[2026-04-20T20:47:09.524+0000] {logging_mixin.py:188} INFO - [2026-04-20T20:47:09.524+0000] {dag.py:3036} INFO - Sync 1 DAGs
[2026-04-20T20:47:09.542+0000] {logging_mixin.py:188} INFO - [2026-04-20T20:47:09.542+0000] {dag.py:3823} INFO - Setting next_dagrun for logidata_pipeline_dag to None, run_after=None
[2026-04-20T20:47:09.621+0000] {processor.py:183} INFO - Processing /opt/airflow/dags/logidata_pipeline_dag.py took 0.233 seconds
[2026-04-20T20:47:39.946+0000] {processor.py:161} INFO - Started process (PID=655) to work on /opt/airflow/dags/logidata_pipeline_dag.py
[2026-04-20T20:47:39.948+0000] {processor.py:830} INFO - Processing file /opt/airflow/dags/logidata_pipeline_dag.py for tasks to queue
[2026-04-20T20:47:39.950+0000] {logging_mixin.py:188} INFO - [2026-04-20T20:47:39.949+0000] {dagbag.py:538} INFO - Filling up the DagBag from /opt/airflow/dags/logidata_pipeline_dag.py
[2026-04-20T20:47:40.060+0000] {processor.py:840} INFO - DAG(s) 'logidata_pipeline_dag' retrieved from /opt/airflow/dags/logidata_pipeline_dag.py
[2026-04-20T20:47:40.122+0000] {logging_mixin.py:188} INFO - [2026-04-20T20:47:40.121+0000] {dag.py:3036} INFO - Sync 1 DAGs
[2026-04-20T20:47:40.142+0000] {logging_mixin.py:188} INFO - [2026-04-20T20:47:40.142+0000] {dag.py:3823} INFO - Setting next_dagrun for logidata_pipeline_dag to None, run_after=None
[2026-04-20T20:47:40.205+0000] {processor.py:183} INFO - Processing /opt/airflow/dags/logidata_pipeline_dag.py took 0.261 seconds
[2026-04-20T20:48:10.761+0000] {processor.py:161} INFO - Started process (PID=656) to work on /opt/airflow/dags/logidata_pipeline_dag.py
[2026-04-20T20:48:10.763+0000] {processor.py:830} INFO - Processing file /opt/airflow/dags/logidata_pipeline_dag.py for tasks to queue
[2026-04-20T20:48:10.765+0000] {logging_mixin.py:188} INFO - [2026-04-20T20:48:10.765+0000] {dagbag.py:538} INFO - Filling up the DagBag from /opt/airflow/dags/logidata_pipeline_dag.py
[2026-04-20T20:48:10.853+0000] {processor.py:840} INFO - DAG(s) 'logidata_pipeline_dag' retrieved from /opt/airflow/dags/logidata_pipeline_dag.py
[2026-04-20T20:48:10.911+0000] {logging_mixin.py:188} INFO - [2026-04-20T20:48:10.911+0000] {dag.py:3036} INFO - Sync 1 DAGs
[2026-04-20T20:48:10.926+0000] {logging_mixin.py:188} INFO - [2026-04-20T20:48:10.925+0000] {dag.py:3823} INFO - Setting next_dagrun for logidata_pipeline_dag to None, run_after=None
[2026-04-20T20:48:10.997+0000] {processor.py:183} INFO - Processing /opt/airflow/dags/logidata_pipeline_dag.py took 0.239 seconds
[2026-04-20T20:48:43.633+0000] {processor.py:161} INFO - Started process (PID=657) to work on /opt/airflow/dags/logidata_pipeline_dag.py
[2026-04-20T20:48:43.635+0000] {processor.py:830} INFO - Processing file /opt/airflow/dags/logidata_pipeline_dag.py for tasks to queue
[2026-04-20T20:48:43.637+0000] {logging_mixin.py:188} INFO - [2026-04-20T20:48:43.636+0000] {dagbag.py:538} INFO - Filling up the DagBag from /opt/airflow/dags/logidata_pipeline_dag.py
[2026-04-20T20:48:43.760+0000] {processor.py:840} INFO - DAG(s) 'logidata_pipeline_dag' retrieved from /opt/airflow/dags/logidata_pipeline_dag.py
[2026-04-20T20:48:43.804+0000] {logging_mixin.py:188} INFO - [2026-04-20T20:48:43.803+0000] {dag.py:3036} INFO - Sync 1 DAGs
[2026-04-20T20:48:43.821+0000] {logging_mixin.py:188} INFO - [2026-04-20T20:48:43.821+0000] {dag.py:3823} INFO - Setting next_dagrun for logidata_pipeline_dag to None, run_after=None
[2026-04-20T20:48:43.899+0000] {processor.py:183} INFO - Processing /opt/airflow/dags/logidata_pipeline_dag.py took 0.270 seconds
[2026-04-20T20:49:15.990+0000] {processor.py:161} INFO - Started process (PID=658) to work on /opt/airflow/dags/logidata_pipeline_dag.py
[2026-04-20T20:49:15.992+0000] {processor.py:830} INFO - Processing file /opt/airflow/dags/logidata_pipeline_dag.py for tasks to queue
[2026-04-20T20:49:15.994+0000] {logging_mixin.py:188} INFO - [2026-04-20T20:49:15.994+0000] {dagbag.py:538} INFO - Filling up the DagBag from /opt/airflow/dags/logidata_pipeline_dag.py
[2026-04-20T20:49:16.085+0000] {processor.py:840} INFO - DAG(s) 'logidata_pipeline_dag' retrieved from /opt/airflow/dags/logidata_pipeline_dag.py
[2026-04-20T20:49:16.133+0000] {logging_mixin.py:188} INFO - [2026-04-20T20:49:16.132+0000] {dag.py:3036} INFO - Sync 1 DAGs
[2026-04-20T20:49:16.150+0000] {logging_mixin.py:188} INFO - [2026-04-20T20:49:16.150+0000] {dag.py:3823} INFO - Setting next_dagrun for logidata_pipeline_dag to None, run_after=None
[2026-04-20T20:49:16.220+0000] {processor.py:183} INFO - Processing /opt/airflow/dags/logidata_pipeline_dag.py took 0.235 seconds
[2026-04-20T20:49:47.322+0000] {processor.py:161} INFO - Started process (PID=659) to work on /opt/airflow/dags/logidata_pipeline_dag.py
[2026-04-20T20:49:47.324+0000] {processor.py:830} INFO - Processing file /opt/airflow/dags/logidata_pipeline_dag.py for tasks to queue
[2026-04-20T20:49:47.326+0000] {logging_mixin.py:188} INFO - [2026-04-20T20:49:47.325+0000] {dagbag.py:538} INFO - Filling up the DagBag from /opt/airflow/dags/logidata_pipeline_dag.py
[2026-04-20T20:49:47.415+0000] {processor.py:840} INFO - DAG(s) 'logidata_pipeline_dag' retrieved from /opt/airflow/dags/logidata_pipeline_dag.py
[2026-04-20T20:49:47.466+0000] {logging_mixin.py:188} INFO - [2026-04-20T20:49:47.466+0000] {dag.py:3036} INFO - Sync 1 DAGs
[2026-04-20T20:49:47.489+0000] {logging_mixin.py:188} INFO - [2026-04-20T20:49:47.489+0000] {dag.py:3823} INFO - Setting next_dagrun for logidata_pipeline_dag to None, run_after=None
[2026-04-20T20:49:47.624+0000] {processor.py:183} INFO - Processing /opt/airflow/dags/logidata_pipeline_dag.py took 0.311 seconds
[2026-04-20T20:50:17.977+0000] {processor.py:161} INFO - Started process (PID=660) to work on /opt/airflow/dags/logidata_pipeline_dag.py
[2026-04-20T20:50:17.978+0000] {processor.py:830} INFO - Processing file /opt/airflow/dags/logidata_pipeline_dag.py for tasks to queue
[2026-04-20T20:50:17.979+0000] {logging_mixin.py:188} INFO - [2026-04-20T20:50:17.979+0000] {dagbag.py:538} INFO - Filling up the DagBag from /opt/airflow/dags/logidata_pipeline_dag.py
[2026-04-20T20:50:18.058+0000] {processor.py:840} INFO - DAG(s) 'logidata_pipeline_dag' retrieved from /opt/airflow/dags/logidata_pipeline_dag.py
[2026-04-20T20:50:18.105+0000] {logging_mixin.py:188} INFO - [2026-04-20T20:50:18.105+0000] {dag.py:3036} INFO - Sync 1 DAGs
[2026-04-20T20:50:18.122+0000] {logging_mixin.py:188} INFO - [2026-04-20T20:50:18.122+0000] {dag.py:3823} INFO - Setting next_dagrun for logidata_pipeline_dag to None, run_after=None
[2026-04-20T20:50:18.205+0000] {processor.py:183} INFO - Processing /opt/airflow/dags/logidata_pipeline_dag.py took 0.233 seconds
[2026-04-20T20:50:51.061+0000] {processor.py:161} INFO - Started process (PID=661) to work on /opt/airflow/dags/logidata_pipeline_dag.py
[2026-04-20T20:50:51.064+0000] {processor.py:830} INFO - Processing file /opt/airflow/dags/logidata_pipeline_dag.py for tasks to queue
[2026-04-20T20:50:51.065+0000] {logging_mixin.py:188} INFO - [2026-04-20T20:50:51.065+0000] {dagbag.py:538} INFO - Filling up the DagBag from /opt/airflow/dags/logidata_pipeline_dag.py
[2026-04-20T20:50:51.149+0000] {processor.py:840} INFO - DAG(s) 'logidata_pipeline_dag' retrieved from /opt/airflow/dags/logidata_pipeline_dag.py
[2026-04-20T20:50:51.219+0000] {logging_mixin.py:188} INFO - [2026-04-20T20:50:51.219+0000] {dag.py:3036} INFO - Sync 1 DAGs
[2026-04-20T20:50:51.235+0000] {logging_mixin.py:188} INFO - [2026-04-20T20:50:51.235+0000] {dag.py:3823} INFO - Setting next_dagrun for logidata_pipeline_dag to None, run_after=None
[2026-04-20T20:50:51.309+0000] {processor.py:183} INFO - Processing /opt/airflow/dags/logidata_pipeline_dag.py took 0.251 seconds
[2026-04-20T20:51:23.442+0000] {processor.py:161} INFO - Started process (PID=662) to work on /opt/airflow/dags/logidata_pipeline_dag.py
[2026-04-20T20:51:23.444+0000] {processor.py:830} INFO - Processing file /opt/airflow/dags/logidata_pipeline_dag.py for tasks to queue
[2026-04-20T20:51:23.445+0000] {logging_mixin.py:188} INFO - [2026-04-20T20:51:23.445+0000] {dagbag.py:538} INFO - Filling up the DagBag from /opt/airflow/dags/logidata_pipeline_dag.py
[2026-04-20T20:51:23.532+0000] {processor.py:840} INFO - DAG(s) 'logidata_pipeline_dag' retrieved from /opt/airflow/dags/logidata_pipeline_dag.py
[2026-04-20T20:51:23.579+0000] {logging_mixin.py:188} INFO - [2026-04-20T20:51:23.579+0000] {dag.py:3036} INFO - Sync 1 DAGs
[2026-04-20T20:51:23.595+0000] {logging_mixin.py:188} INFO - [2026-04-20T20:51:23.595+0000] {dag.py:3823} INFO - Setting next_dagrun for logidata_pipeline_dag to None, run_after=None
[2026-04-20T20:51:23.677+0000] {processor.py:183} INFO - Processing /opt/airflow/dags/logidata_pipeline_dag.py took 0.242 seconds
[2026-04-20T20:51:55.795+0000] {processor.py:161} INFO - Started process (PID=663) to work on /opt/airflow/dags/logidata_pipeline_dag.py
[2026-04-20T20:51:55.796+0000] {processor.py:830} INFO - Processing file /opt/airflow/dags/logidata_pipeline_dag.py for tasks to queue
[2026-04-20T20:51:55.799+0000] {logging_mixin.py:188} INFO - [2026-04-20T20:51:55.797+0000] {dagbag.py:538} INFO - Filling up the DagBag from /opt/airflow/dags/logidata_pipeline_dag.py
[2026-04-20T20:51:55.882+0000] {processor.py:840} INFO - DAG(s) 'logidata_pipeline_dag' retrieved from /opt/airflow/dags/logidata_pipeline_dag.py
[2026-04-20T20:51:55.930+0000] {logging_mixin.py:188} INFO - [2026-04-20T20:51:55.930+0000] {dag.py:3036} INFO - Sync 1 DAGs
[2026-04-20T20:51:55.952+0000] {logging_mixin.py:188} INFO - [2026-04-20T20:51:55.951+0000] {dag.py:3823} INFO - Setting next_dagrun for logidata_pipeline_dag to None, run_after=None
[2026-04-20T20:51:56.048+0000] {processor.py:183} INFO - Processing /opt/airflow/dags/logidata_pipeline_dag.py took 0.261 seconds
[2026-04-20T20:52:27.362+0000] {processor.py:161} INFO - Started process (PID=664) to work on /opt/airflow/dags/logidata_pipeline_dag.py
[2026-04-20T20:52:27.365+0000] {processor.py:830} INFO - Processing file /opt/airflow/dags/logidata_pipeline_dag.py for tasks to queue
[2026-04-20T20:52:27.366+0000] {logging_mixin.py:188} INFO - [2026-04-20T20:52:27.366+0000] {dagbag.py:538} INFO - Filling up the DagBag from /opt/airflow/dags/logidata_pipeline_dag.py
[2026-04-20T20:52:27.464+0000] {processor.py:840} INFO - DAG(s) 'logidata_pipeline_dag' retrieved from /opt/airflow/dags/logidata_pipeline_dag.py
[2026-04-20T20:52:27.522+0000] {logging_mixin.py:188} INFO - [2026-04-20T20:52:27.521+0000] {dag.py:3036} INFO - Sync 1 DAGs
[2026-04-20T20:52:27.539+0000] {logging_mixin.py:188} INFO - [2026-04-20T20:52:27.539+0000] {dag.py:3823} INFO - Setting next_dagrun for logidata_pipeline_dag to None, run_after=None
[2026-04-20T20:52:27.722+0000] {processor.py:183} INFO - Processing /opt/airflow/dags/logidata_pipeline_dag.py took 0.364 seconds
[2026-04-20T20:52:58.704+0000] {processor.py:161} INFO - Started process (PID=665) to work on /opt/airflow/dags/logidata_pipeline_dag.py
[2026-04-20T20:52:58.706+0000] {processor.py:830} INFO - Processing file /opt/airflow/dags/logidata_pipeline_dag.py for tasks to queue
[2026-04-20T20:52:58.708+0000] {logging_mixin.py:188} INFO - [2026-04-20T20:52:58.707+0000] {dagbag.py:538} INFO - Filling up the DagBag from /opt/airflow/dags/logidata_pipeline_dag.py
[2026-04-20T20:52:58.808+0000] {processor.py:840} INFO - DAG(s) 'logidata_pipeline_dag' retrieved from /opt/airflow/dags/logidata_pipeline_dag.py
[2026-04-20T20:52:58.858+0000] {logging_mixin.py:188} INFO - [2026-04-20T20:52:58.858+0000] {dag.py:3036} INFO - Sync 1 DAGs
[2026-04-20T20:52:58.881+0000] {logging_mixin.py:188} INFO - [2026-04-20T20:52:58.881+0000] {dag.py:3823} INFO - Setting next_dagrun for logidata_pipeline_dag to None, run_after=None
[2026-04-20T20:52:59.018+0000] {processor.py:183} INFO - Processing /opt/airflow/dags/logidata_pipeline_dag.py took 0.322 seconds
[2026-04-20T20:53:29.183+0000] {processor.py:161} INFO - Started process (PID=666) to work on /opt/airflow/dags/logidata_pipeline_dag.py
[2026-04-20T20:53:29.190+0000] {processor.py:830} INFO - Processing file /opt/airflow/dags/logidata_pipeline_dag.py for tasks to queue
[2026-04-20T20:53:29.193+0000] {logging_mixin.py:188} INFO - [2026-04-20T20:53:29.192+0000] {dagbag.py:538} INFO - Filling up the DagBag from /opt/airflow/dags/logidata_pipeline_dag.py
[2026-04-20T20:53:29.286+0000] {processor.py:840} INFO - DAG(s) 'logidata_pipeline_dag' retrieved from /opt/airflow/dags/logidata_pipeline_dag.py
[2026-04-20T20:53:29.323+0000] {logging_mixin.py:188} INFO - [2026-04-20T20:53:29.323+0000] {dag.py:3036} INFO - Sync 1 DAGs
[2026-04-20T20:53:29.337+0000] {logging_mixin.py:188} INFO - [2026-04-20T20:53:29.337+0000] {dag.py:3823} INFO - Setting next_dagrun for logidata_pipeline_dag to None, run_after=None
[2026-04-20T20:53:29.449+0000] {processor.py:183} INFO - Processing /opt/airflow/dags/logidata_pipeline_dag.py took 0.279 seconds
[2026-04-20T20:54:01.842+0000] {processor.py:161} INFO - Started process (PID=667) to work on /opt/airflow/dags/logidata_pipeline_dag.py
[2026-04-20T20:54:01.844+0000] {processor.py:830} INFO - Processing file /opt/airflow/dags/logidata_pipeline_dag.py for tasks to queue
[2026-04-20T20:54:01.846+0000] {logging_mixin.py:188} INFO - [2026-04-20T20:54:01.845+0000] {dagbag.py:538} INFO - Filling up the DagBag from /opt/airflow/dags/logidata_pipeline_dag.py
[2026-04-20T20:54:01.927+0000] {processor.py:840} INFO - DAG(s) 'logidata_pipeline_dag' retrieved from /opt/airflow/dags/logidata_pipeline_dag.py
[2026-04-20T20:54:01.969+0000] {logging_mixin.py:188} INFO - [2026-04-20T20:54:01.969+0000] {dag.py:3036} INFO - Sync 1 DAGs
[2026-04-20T20:54:01.987+0000] {logging_mixin.py:188} INFO - [2026-04-20T20:54:01.987+0000] {dag.py:3823} INFO - Setting next_dagrun for logidata_pipeline_dag to None, run_after=None
[2026-04-20T20:54:02.123+0000] {processor.py:183} INFO - Processing /opt/airflow/dags/logidata_pipeline_dag.py took 0.290 seconds
[2026-04-20T20:54:34.325+0000] {processor.py:161} INFO - Started process (PID=668) to work on /opt/airflow/dags/logidata_pipeline_dag.py
[2026-04-20T20:54:34.327+0000] {processor.py:830} INFO - Processing file /opt/airflow/dags/logidata_pipeline_dag.py for tasks to queue
[2026-04-20T20:54:34.328+0000] {logging_mixin.py:188} INFO - [2026-04-20T20:54:34.328+0000] {dagbag.py:538} INFO - Filling up the DagBag from /opt/airflow/dags/logidata_pipeline_dag.py
[2026-04-20T20:54:34.409+0000] {processor.py:840} INFO - DAG(s) 'logidata_pipeline_dag' retrieved from /opt/airflow/dags/logidata_pipeline_dag.py
[2026-04-20T20:54:34.453+0000] {logging_mixin.py:188} INFO - [2026-04-20T20:54:34.453+0000] {dag.py:3036} INFO - Sync 1 DAGs
[2026-04-20T20:54:34.469+0000] {logging_mixin.py:188} INFO - [2026-04-20T20:54:34.469+0000] {dag.py:3823} INFO - Setting next_dagrun for logidata_pipeline_dag to None, run_after=None
[2026-04-20T20:54:34.569+0000] {processor.py:183} INFO - Processing /opt/airflow/dags/logidata_pipeline_dag.py took 0.250 seconds
[2026-04-20T20:55:07.236+0000] {processor.py:161} INFO - Started process (PID=669) to work on /opt/airflow/dags/logidata_pipeline_dag.py
[2026-04-20T20:55:07.239+0000] {processor.py:830} INFO - Processing file /opt/airflow/dags/logidata_pipeline_dag.py for tasks to queue
[2026-04-20T20:55:07.242+0000] {logging_mixin.py:188} INFO - [2026-04-20T20:55:07.241+0000] {dagbag.py:538} INFO - Filling up the DagBag from /opt/airflow/dags/logidata_pipeline_dag.py
[2026-04-20T20:55:07.326+0000] {processor.py:840} INFO - DAG(s) 'logidata_pipeline_dag' retrieved from /opt/airflow/dags/logidata_pipeline_dag.py
[2026-04-20T20:55:07.366+0000] {logging_mixin.py:188} INFO - [2026-04-20T20:55:07.366+0000] {dag.py:3036} INFO - Sync 1 DAGs
[2026-04-20T20:55:07.380+0000] {logging_mixin.py:188} INFO - [2026-04-20T20:55:07.380+0000] {dag.py:3823} INFO - Setting next_dagrun for logidata_pipeline_dag to None, run_after=None
[2026-04-20T20:55:07.446+0000] {processor.py:183} INFO - Processing /opt/airflow/dags/logidata_pipeline_dag.py took 0.215 seconds
[2026-04-20T20:55:38.188+0000] {processor.py:161} INFO - Started process (PID=670) to work on /opt/airflow/dags/logidata_pipeline_dag.py
[2026-04-20T20:55:38.190+0000] {processor.py:830} INFO - Processing file /opt/airflow/dags/logidata_pipeline_dag.py for tasks to queue
[2026-04-20T20:55:38.191+0000] {logging_mixin.py:188} INFO - [2026-04-20T20:55:38.191+0000] {dagbag.py:538} INFO - Filling up the DagBag from /opt/airflow/dags/logidata_pipeline_dag.py
[2026-04-20T20:55:38.312+0000] {processor.py:840} INFO - DAG(s) 'logidata_pipeline_dag' retrieved from /opt/airflow/dags/logidata_pipeline_dag.py
[2026-04-20T20:55:38.356+0000] {logging_mixin.py:188} INFO - [2026-04-20T20:55:38.355+0000] {dag.py:3036} INFO - Sync 1 DAGs
[2026-04-20T20:55:38.372+0000] {logging_mixin.py:188} INFO - [2026-04-20T20:55:38.372+0000] {dag.py:3823} INFO - Setting next_dagrun for logidata_pipeline_dag to None, run_after=None
[2026-04-20T20:55:38.444+0000] {processor.py:183} INFO - Processing /opt/airflow/dags/logidata_pipeline_dag.py took 0.264 seconds
[2026-04-20T20:56:09.336+0000] {processor.py:161} INFO - Started process (PID=671) to work on /opt/airflow/dags/logidata_pipeline_dag.py
[2026-04-20T20:56:09.340+0000] {processor.py:830} INFO - Processing file /opt/airflow/dags/logidata_pipeline_dag.py for tasks to queue
[2026-04-20T20:56:09.345+0000] {logging_mixin.py:188} INFO - [2026-04-20T20:56:09.344+0000] {dagbag.py:538} INFO - Filling up the DagBag from /opt/airflow/dags/logidata_pipeline_dag.py
[2026-04-20T20:56:09.470+0000] {processor.py:840} INFO - DAG(s) 'logidata_pipeline_dag' retrieved from /opt/airflow/dags/logidata_pipeline_dag.py
[2026-04-20T20:56:09.528+0000] {logging_mixin.py:188} INFO - [2026-04-20T20:56:09.528+0000] {dag.py:3036} INFO - Sync 1 DAGs
[2026-04-20T20:56:09.550+0000] {logging_mixin.py:188} INFO - [2026-04-20T20:56:09.549+0000] {dag.py:3823} INFO - Setting next_dagrun for logidata_pipeline_dag to None, run_after=None
[2026-04-20T20:56:09.668+0000] {processor.py:183} INFO - Processing /opt/airflow/dags/logidata_pipeline_dag.py took 0.344 seconds
[2026-04-20T20:56:40.392+0000] {processor.py:161} INFO - Started process (PID=672) to work on /opt/airflow/dags/logidata_pipeline_dag.py
[2026-04-20T20:56:40.396+0000] {processor.py:830} INFO - Processing file /opt/airflow/dags/logidata_pipeline_dag.py for tasks to queue
[2026-04-20T20:56:40.400+0000] {logging_mixin.py:188} INFO - [2026-04-20T20:56:40.399+0000] {dagbag.py:538} INFO - Filling up the DagBag from /opt/airflow/dags/logidata_pipeline_dag.py
[2026-04-20T20:56:40.542+0000] {processor.py:840} INFO - DAG(s) 'logidata_pipeline_dag' retrieved from /opt/airflow/dags/logidata_pipeline_dag.py
[2026-04-20T20:56:40.587+0000] {logging_mixin.py:188} INFO - [2026-04-20T20:56:40.587+0000] {dag.py:3036} INFO - Sync 1 DAGs
[2026-04-20T20:56:40.606+0000] {logging_mixin.py:188} INFO - [2026-04-20T20:56:40.605+0000] {dag.py:3823} INFO - Setting next_dagrun for logidata_pipeline_dag to None, run_after=None
[2026-04-20T20:56:40.690+0000] {processor.py:183} INFO - Processing /opt/airflow/dags/logidata_pipeline_dag.py took 0.316 seconds
[2026-04-20T20:57:12.216+0000] {processor.py:161} INFO - Started process (PID=673) to work on /opt/airflow/dags/logidata_pipeline_dag.py
[2026-04-20T20:57:12.220+0000] {processor.py:830} INFO - Processing file /opt/airflow/dags/logidata_pipeline_dag.py for tasks to queue
[2026-04-20T20:57:12.223+0000] {logging_mixin.py:188} INFO - [2026-04-20T20:57:12.222+0000] {dagbag.py:538} INFO - Filling up the DagBag from /opt/airflow/dags/logidata_pipeline_dag.py
[2026-04-20T20:57:12.495+0000] {processor.py:840} INFO - DAG(s) 'logidata_pipeline_dag' retrieved from /opt/airflow/dags/logidata_pipeline_dag.py
[2026-04-20T20:57:12.742+0000] {logging_mixin.py:188} INFO - [2026-04-20T20:57:12.742+0000] {dag.py:3036} INFO - Sync 1 DAGs
[2026-04-20T20:57:12.887+0000] {logging_mixin.py:188} INFO - [2026-04-20T20:57:12.887+0000] {dag.py:3823} INFO - Setting next_dagrun for logidata_pipeline_dag to None, run_after=None
[2026-04-20T20:57:13.218+0000] {processor.py:183} INFO - Processing /opt/airflow/dags/logidata_pipeline_dag.py took 1.011 seconds
[2026-04-20T20:57:45.034+0000] {processor.py:161} INFO - Started process (PID=674) to work on /opt/airflow/dags/logidata_pipeline_dag.py
[2026-04-20T20:57:45.038+0000] {processor.py:830} INFO - Processing file /opt/airflow/dags/logidata_pipeline_dag.py for tasks to queue
[2026-04-20T20:57:45.041+0000] {logging_mixin.py:188} INFO - [2026-04-20T20:57:45.040+0000] {dagbag.py:538} INFO - Filling up the DagBag from /opt/airflow/dags/logidata_pipeline_dag.py
[2026-04-20T20:57:45.161+0000] {processor.py:840} INFO - DAG(s) 'logidata_pipeline_dag' retrieved from /opt/airflow/dags/logidata_pipeline_dag.py
[2026-04-20T20:57:45.250+0000] {logging_mixin.py:188} INFO - [2026-04-20T20:57:45.250+0000] {dag.py:3036} INFO - Sync 1 DAGs
[2026-04-20T20:57:45.288+0000] {logging_mixin.py:188} INFO - [2026-04-20T20:57:45.288+0000] {dag.py:3823} INFO - Setting next_dagrun for logidata_pipeline_dag to None, run_after=None
[2026-04-20T20:57:45.473+0000] {processor.py:183} INFO - Processing /opt/airflow/dags/logidata_pipeline_dag.py took 0.444 seconds
[2026-04-20T20:58:16.882+0000] {processor.py:161} INFO - Started process (PID=675) to work on /opt/airflow/dags/logidata_pipeline_dag.py
[2026-04-20T20:58:16.886+0000] {processor.py:830} INFO - Processing file /opt/airflow/dags/logidata_pipeline_dag.py for tasks to queue
[2026-04-20T20:58:16.888+0000] {logging_mixin.py:188} INFO - [2026-04-20T20:58:16.887+0000] {dagbag.py:538} INFO - Filling up the DagBag from /opt/airflow/dags/logidata_pipeline_dag.py
[2026-04-20T20:58:17.007+0000] {processor.py:840} INFO - DAG(s) 'logidata_pipeline_dag' retrieved from /opt/airflow/dags/logidata_pipeline_dag.py
[2026-04-20T20:58:17.058+0000] {logging_mixin.py:188} INFO - [2026-04-20T20:58:17.057+0000] {dag.py:3036} INFO - Sync 1 DAGs
[2026-04-20T20:58:17.082+0000] {logging_mixin.py:188} INFO - [2026-04-20T20:58:17.082+0000] {dag.py:3823} INFO - Setting next_dagrun for logidata_pipeline_dag to None, run_after=None
[2026-04-20T20:58:17.163+0000] {processor.py:183} INFO - Processing /opt/airflow/dags/logidata_pipeline_dag.py took 0.290 seconds
[2026-04-20T20:58:47.837+0000] {processor.py:161} INFO - Started process (PID=676) to work on /opt/airflow/dags/logidata_pipeline_dag.py
[2026-04-20T20:58:47.839+0000] {processor.py:830} INFO - Processing file /opt/airflow/dags/logidata_pipeline_dag.py for tasks to queue
[2026-04-20T20:58:47.841+0000] {logging_mixin.py:188} INFO - [2026-04-20T20:58:47.840+0000] {dagbag.py:538} INFO - Filling up the DagBag from /opt/airflow/dags/logidata_pipeline_dag.py
[2026-04-20T20:58:47.927+0000] {processor.py:840} INFO - DAG(s) 'logidata_pipeline_dag' retrieved from /opt/airflow/dags/logidata_pipeline_dag.py
[2026-04-20T20:58:48.003+0000] {logging_mixin.py:188} INFO - [2026-04-20T20:58:48.003+0000] {dag.py:3036} INFO - Sync 1 DAGs
[2026-04-20T20:58:48.021+0000] {logging_mixin.py:188} INFO - [2026-04-20T20:58:48.021+0000] {dag.py:3823} INFO - Setting next_dagrun for logidata_pipeline_dag to None, run_after=None
[2026-04-20T20:58:48.136+0000] {processor.py:183} INFO - Processing /opt/airflow/dags/logidata_pipeline_dag.py took 0.303 seconds
[2026-04-20T20:59:18.756+0000] {processor.py:161} INFO - Started process (PID=677) to work on /opt/airflow/dags/logidata_pipeline_dag.py
[2026-04-20T20:59:18.759+0000] {processor.py:830} INFO - Processing file /opt/airflow/dags/logidata_pipeline_dag.py for tasks to queue
[2026-04-20T20:59:18.764+0000] {logging_mixin.py:188} INFO - [2026-04-20T20:59:18.761+0000] {dagbag.py:538} INFO - Filling up the DagBag from /opt/airflow/dags/logidata_pipeline_dag.py
[2026-04-20T20:59:18.876+0000] {processor.py:840} INFO - DAG(s) 'logidata_pipeline_dag' retrieved from /opt/airflow/dags/logidata_pipeline_dag.py
[2026-04-20T20:59:18.917+0000] {logging_mixin.py:188} INFO - [2026-04-20T20:59:18.917+0000] {dag.py:3036} INFO - Sync 1 DAGs
[2026-04-20T20:59:18.940+0000] {logging_mixin.py:188} INFO - [2026-04-20T20:59:18.939+0000] {dag.py:3823} INFO - Setting next_dagrun for logidata_pipeline_dag to None, run_after=None
[2026-04-20T20:59:19.045+0000] {processor.py:183} INFO - Processing /opt/airflow/dags/logidata_pipeline_dag.py took 0.305 seconds
[2026-04-20T20:59:49.381+0000] {processor.py:161} INFO - Started process (PID=678) to work on /opt/airflow/dags/logidata_pipeline_dag.py
[2026-04-20T20:59:49.383+0000] {processor.py:830} INFO - Processing file /opt/airflow/dags/logidata_pipeline_dag.py for tasks to queue
[2026-04-20T20:59:49.384+0000] {logging_mixin.py:188} INFO - [2026-04-20T20:59:49.384+0000] {dagbag.py:538} INFO - Filling up the DagBag from /opt/airflow/dags/logidata_pipeline_dag.py
[2026-04-20T20:59:49.475+0000] {processor.py:840} INFO - DAG(s) 'logidata_pipeline_dag' retrieved from /opt/airflow/dags/logidata_pipeline_dag.py
[2026-04-20T20:59:49.523+0000] {logging_mixin.py:188} INFO - [2026-04-20T20:59:49.522+0000] {dag.py:3036} INFO - Sync 1 DAGs
[2026-04-20T20:59:49.539+0000] {logging_mixin.py:188} INFO - [2026-04-20T20:59:49.538+0000] {dag.py:3823} INFO - Setting next_dagrun for logidata_pipeline_dag to None, run_after=None
[2026-04-20T20:59:49.628+0000] {processor.py:183} INFO - Processing /opt/airflow/dags/logidata_pipeline_dag.py took 0.250 seconds
[2026-04-20T21:00:20.746+0000] {processor.py:161} INFO - Started process (PID=679) to work on /opt/airflow/dags/logidata_pipeline_dag.py
[2026-04-20T21:00:20.748+0000] {processor.py:830} INFO - Processing file /opt/airflow/dags/logidata_pipeline_dag.py for tasks to queue
[2026-04-20T21:00:20.749+0000] {logging_mixin.py:188} INFO - [2026-04-20T21:00:20.749+0000] {dagbag.py:538} INFO - Filling up the DagBag from /opt/airflow/dags/logidata_pipeline_dag.py
[2026-04-20T21:00:20.824+0000] {processor.py:840} INFO - DAG(s) 'logidata_pipeline_dag' retrieved from /opt/airflow/dags/logidata_pipeline_dag.py
[2026-04-20T21:00:20.872+0000] {logging_mixin.py:188} INFO - [2026-04-20T21:00:20.872+0000] {dag.py:3036} INFO - Sync 1 DAGs
[2026-04-20T21:00:20.885+0000] {logging_mixin.py:188} INFO - [2026-04-20T21:00:20.885+0000] {dag.py:3823} INFO - Setting next_dagrun for logidata_pipeline_dag to None, run_after=None
[2026-04-20T21:00:20.952+0000] {processor.py:183} INFO - Processing /opt/airflow/dags/logidata_pipeline_dag.py took 0.217 seconds
[2026-04-20T21:00:53.119+0000] {processor.py:161} INFO - Started process (PID=680) to work on /opt/airflow/dags/logidata_pipeline_dag.py
[2026-04-20T21:00:53.121+0000] {processor.py:830} INFO - Processing file /opt/airflow/dags/logidata_pipeline_dag.py for tasks to queue
[2026-04-20T21:00:53.122+0000] {logging_mixin.py:188} INFO - [2026-04-20T21:00:53.122+0000] {dagbag.py:538} INFO - Filling up the DagBag from /opt/airflow/dags/logidata_pipeline_dag.py
[2026-04-20T21:00:53.224+0000] {processor.py:840} INFO - DAG(s) 'logidata_pipeline_dag' retrieved from /opt/airflow/dags/logidata_pipeline_dag.py
[2026-04-20T21:00:53.297+0000] {logging_mixin.py:188} INFO - [2026-04-20T21:00:53.297+0000] {dag.py:3036} INFO - Sync 1 DAGs
[2026-04-20T21:00:53.330+0000] {logging_mixin.py:188} INFO - [2026-04-20T21:00:53.330+0000] {dag.py:3823} INFO - Setting next_dagrun for logidata_pipeline_dag to None, run_after=None
[2026-04-20T21:00:53.534+0000] {processor.py:183} INFO - Processing /opt/airflow/dags/logidata_pipeline_dag.py took 0.419 seconds
[2026-04-20T21:01:23.878+0000] {processor.py:161} INFO - Started process (PID=681) to work on /opt/airflow/dags/logidata_pipeline_dag.py
[2026-04-20T21:01:23.881+0000] {processor.py:830} INFO - Processing file /opt/airflow/dags/logidata_pipeline_dag.py for tasks to queue
[2026-04-20T21:01:23.884+0000] {logging_mixin.py:188} INFO - [2026-04-20T21:01:23.883+0000] {dagbag.py:538} INFO - Filling up the DagBag from /opt/airflow/dags/logidata_pipeline_dag.py
[2026-04-20T21:01:23.970+0000] {processor.py:840} INFO - DAG(s) 'logidata_pipeline_dag' retrieved from /opt/airflow/dags/logidata_pipeline_dag.py
[2026-04-20T21:01:24.025+0000] {logging_mixin.py:188} INFO - [2026-04-20T21:01:24.025+0000] {dag.py:3036} INFO - Sync 1 DAGs
[2026-04-20T21:01:24.044+0000] {logging_mixin.py:188} INFO - [2026-04-20T21:01:24.044+0000] {dag.py:3823} INFO - Setting next_dagrun for logidata_pipeline_dag to None, run_after=None
[2026-04-20T21:01:24.126+0000] {processor.py:183} INFO - Processing /opt/airflow/dags/logidata_pipeline_dag.py took 0.255 seconds
[2026-04-20T21:01:55.516+0000] {processor.py:161} INFO - Started process (PID=682) to work on /opt/airflow/dags/logidata_pipeline_dag.py
[2026-04-20T21:01:55.560+0000] {processor.py:830} INFO - Processing file /opt/airflow/dags/logidata_pipeline_dag.py for tasks to queue
[2026-04-20T21:01:55.563+0000] {logging_mixin.py:188} INFO - [2026-04-20T21:01:55.562+0000] {dagbag.py:538} INFO - Filling up the DagBag from /opt/airflow/dags/logidata_pipeline_dag.py
[2026-04-20T21:01:55.666+0000] {processor.py:840} INFO - DAG(s) 'logidata_pipeline_dag' retrieved from /opt/airflow/dags/logidata_pipeline_dag.py
[2026-04-20T21:01:55.711+0000] {logging_mixin.py:188} INFO - [2026-04-20T21:01:55.711+0000] {dag.py:3036} INFO - Sync 1 DAGs
[2026-04-20T21:01:55.740+0000] {logging_mixin.py:188} INFO - [2026-04-20T21:01:55.740+0000] {dag.py:3823} INFO - Setting next_dagrun for logidata_pipeline_dag to None, run_after=None
[2026-04-20T21:01:55.851+0000] {processor.py:183} INFO - Processing /opt/airflow/dags/logidata_pipeline_dag.py took 0.352 seconds
[2026-04-20T21:02:26.579+0000] {processor.py:161} INFO - Started process (PID=683) to work on /opt/airflow/dags/logidata_pipeline_dag.py
[2026-04-20T21:02:26.581+0000] {processor.py:830} INFO - Processing file /opt/airflow/dags/logidata_pipeline_dag.py for tasks to queue
[2026-04-20T21:02:26.583+0000] {logging_mixin.py:188} INFO - [2026-04-20T21:02:26.582+0000] {dagbag.py:538} INFO - Filling up the DagBag from /opt/airflow/dags/logidata_pipeline_dag.py
[2026-04-20T21:02:26.688+0000] {processor.py:840} INFO - DAG(s) 'logidata_pipeline_dag' retrieved from /opt/airflow/dags/logidata_pipeline_dag.py
[2026-04-20T21:02:26.734+0000] {logging_mixin.py:188} INFO - [2026-04-20T21:02:26.733+0000] {dag.py:3036} INFO - Sync 1 DAGs
[2026-04-20T21:02:26.757+0000] {logging_mixin.py:188} INFO - [2026-04-20T21:02:26.757+0000] {dag.py:3823} INFO - Setting next_dagrun for logidata_pipeline_dag to None, run_after=None
[2026-04-20T21:02:26.855+0000] {processor.py:183} INFO - Processing /opt/airflow/dags/logidata_pipeline_dag.py took 0.280 seconds
[2026-04-20T21:02:57.342+0000] {processor.py:161} INFO - Started process (PID=684) to work on /opt/airflow/dags/logidata_pipeline_dag.py
[2026-04-20T21:02:57.344+0000] {processor.py:830} INFO - Processing file /opt/airflow/dags/logidata_pipeline_dag.py for tasks to queue
[2026-04-20T21:02:57.346+0000] {logging_mixin.py:188} INFO - [2026-04-20T21:02:57.346+0000] {dagbag.py:538} INFO - Filling up the DagBag from /opt/airflow/dags/logidata_pipeline_dag.py
[2026-04-20T21:02:57.434+0000] {processor.py:840} INFO - DAG(s) 'logidata_pipeline_dag' retrieved from /opt/airflow/dags/logidata_pipeline_dag.py
[2026-04-20T21:02:57.490+0000] {logging_mixin.py:188} INFO - [2026-04-20T21:02:57.490+0000] {dag.py:3036} INFO - Sync 1 DAGs
[2026-04-20T21:02:57.513+0000] {logging_mixin.py:188} INFO - [2026-04-20T21:02:57.512+0000] {dag.py:3823} INFO - Setting next_dagrun for logidata_pipeline_dag to None, run_after=None
[2026-04-20T21:02:57.644+0000] {processor.py:183} INFO - Processing /opt/airflow/dags/logidata_pipeline_dag.py took 0.310 seconds
[2026-04-20T21:03:29.978+0000] {processor.py:161} INFO - Started process (PID=685) to work on /opt/airflow/dags/logidata_pipeline_dag.py
[2026-04-20T21:03:29.980+0000] {processor.py:830} INFO - Processing file /opt/airflow/dags/logidata_pipeline_dag.py for tasks to queue
[2026-04-20T21:03:29.981+0000] {logging_mixin.py:188} INFO - [2026-04-20T21:03:29.981+0000] {dagbag.py:538} INFO - Filling up the DagBag from /opt/airflow/dags/logidata_pipeline_dag.py
[2026-04-20T21:03:30.062+0000] {processor.py:840} INFO - DAG(s) 'logidata_pipeline_dag' retrieved from /opt/airflow/dags/logidata_pipeline_dag.py
[2026-04-20T21:03:30.105+0000] {logging_mixin.py:188} INFO - [2026-04-20T21:03:30.105+0000] {dag.py:3036} INFO - Sync 1 DAGs
[2026-04-20T21:03:30.122+0000] {logging_mixin.py:188} INFO - [2026-04-20T21:03:30.122+0000] {dag.py:3823} INFO - Setting next_dagrun for logidata_pipeline_dag to None, run_after=None
[2026-04-20T21:03:30.230+0000] {processor.py:183} INFO - Processing /opt/airflow/dags/logidata_pipeline_dag.py took 0.255 seconds
[2026-04-20T21:04:02.413+0000] {processor.py:161} INFO - Started process (PID=686) to work on /opt/airflow/dags/logidata_pipeline_dag.py
[2026-04-20T21:04:02.415+0000] {processor.py:830} INFO - Processing file /opt/airflow/dags/logidata_pipeline_dag.py for tasks to queue
[2026-04-20T21:04:02.417+0000] {logging_mixin.py:188} INFO - [2026-04-20T21:04:02.417+0000] {dagbag.py:538} INFO - Filling up the DagBag from /opt/airflow/dags/logidata_pipeline_dag.py
[2026-04-20T21:04:02.505+0000] {processor.py:840} INFO - DAG(s) 'logidata_pipeline_dag' retrieved from /opt/airflow/dags/logidata_pipeline_dag.py
[2026-04-20T21:04:02.553+0000] {logging_mixin.py:188} INFO - [2026-04-20T21:04:02.553+0000] {dag.py:3036} INFO - Sync 1 DAGs
[2026-04-20T21:04:02.570+0000] {logging_mixin.py:188} INFO - [2026-04-20T21:04:02.570+0000] {dag.py:3823} INFO - Setting next_dagrun for logidata_pipeline_dag to None, run_after=None
[2026-04-20T21:04:02.659+0000] {processor.py:183} INFO - Processing /opt/airflow/dags/logidata_pipeline_dag.py took 0.252 seconds
[2026-04-20T21:04:33.508+0000] {processor.py:161} INFO - Started process (PID=687) to work on /opt/airflow/dags/logidata_pipeline_dag.py
[2026-04-20T21:04:33.510+0000] {processor.py:830} INFO - Processing file /opt/airflow/dags/logidata_pipeline_dag.py for tasks to queue
[2026-04-20T21:04:33.512+0000] {logging_mixin.py:188} INFO - [2026-04-20T21:04:33.511+0000] {dagbag.py:538} INFO - Filling up the DagBag from /opt/airflow/dags/logidata_pipeline_dag.py
[2026-04-20T21:04:33.621+0000] {processor.py:840} INFO - DAG(s) 'logidata_pipeline_dag' retrieved from /opt/airflow/dags/logidata_pipeline_dag.py
[2026-04-20T21:04:33.665+0000] {logging_mixin.py:188} INFO - [2026-04-20T21:04:33.664+0000] {dag.py:3036} INFO - Sync 1 DAGs
[2026-04-20T21:04:33.683+0000] {logging_mixin.py:188} INFO - [2026-04-20T21:04:33.683+0000] {dag.py:3823} INFO - Setting next_dagrun for logidata_pipeline_dag to None, run_after=None
[2026-04-20T21:04:33.793+0000] {processor.py:183} INFO - Processing /opt/airflow/dags/logidata_pipeline_dag.py took 0.292 seconds
[2026-04-20T21:05:04.890+0000] {processor.py:161} INFO - Started process (PID=688) to work on /opt/airflow/dags/logidata_pipeline_dag.py
[2026-04-20T21:05:04.893+0000] {processor.py:830} INFO - Processing file /opt/airflow/dags/logidata_pipeline_dag.py for tasks to queue
[2026-04-20T21:05:04.896+0000] {logging_mixin.py:188} INFO - [2026-04-20T21:05:04.895+0000] {dagbag.py:538} INFO - Filling up the DagBag from /opt/airflow/dags/logidata_pipeline_dag.py
[2026-04-20T21:05:04.981+0000] {processor.py:840} INFO - DAG(s) 'logidata_pipeline_dag' retrieved from /opt/airflow/dags/logidata_pipeline_dag.py
[2026-04-20T21:05:05.041+0000] {logging_mixin.py:188} INFO - [2026-04-20T21:05:05.041+0000] {dag.py:3036} INFO - Sync 1 DAGs
[2026-04-20T21:05:05.066+0000] {logging_mixin.py:188} INFO - [2026-04-20T21:05:05.066+0000] {dag.py:3823} INFO - Setting next_dagrun for logidata_pipeline_dag to None, run_after=None
[2026-04-20T21:05:05.156+0000] {processor.py:183} INFO - Processing /opt/airflow/dags/logidata_pipeline_dag.py took 0.270 seconds
[2026-04-20T21:05:36.173+0000] {processor.py:161} INFO - Started process (PID=689) to work on /opt/airflow/dags/logidata_pipeline_dag.py
[2026-04-20T21:05:36.175+0000] {processor.py:830} INFO - Processing file /opt/airflow/dags/logidata_pipeline_dag.py for tasks to queue
[2026-04-20T21:05:36.177+0000] {logging_mixin.py:188} INFO - [2026-04-20T21:05:36.176+0000] {dagbag.py:538} INFO - Filling up the DagBag from /opt/airflow/dags/logidata_pipeline_dag.py
[2026-04-20T21:05:36.271+0000] {processor.py:840} INFO - DAG(s) 'logidata_pipeline_dag' retrieved from /opt/airflow/dags/logidata_pipeline_dag.py
[2026-04-20T21:05:36.319+0000] {logging_mixin.py:188} INFO - [2026-04-20T21:05:36.318+0000] {dag.py:3036} INFO - Sync 1 DAGs
[2026-04-20T21:05:36.339+0000] {logging_mixin.py:188} INFO - [2026-04-20T21:05:36.338+0000] {dag.py:3823} INFO - Setting next_dagrun for logidata_pipeline_dag to None, run_after=None
[2026-04-20T21:05:36.419+0000] {processor.py:183} INFO - Processing /opt/airflow/dags/logidata_pipeline_dag.py took 0.255 seconds
[2026-04-20T21:06:08.259+0000] {processor.py:161} INFO - Started process (PID=690) to work on /opt/airflow/dags/logidata_pipeline_dag.py
[2026-04-20T21:06:08.260+0000] {processor.py:830} INFO - Processing file /opt/airflow/dags/logidata_pipeline_dag.py for tasks to queue
[2026-04-20T21:06:08.262+0000] {logging_mixin.py:188} INFO - [2026-04-20T21:06:08.262+0000] {dagbag.py:538} INFO - Filling up the DagBag from /opt/airflow/dags/logidata_pipeline_dag.py
[2026-04-20T21:06:08.341+0000] {processor.py:840} INFO - DAG(s) 'logidata_pipeline_dag' retrieved from /opt/airflow/dags/logidata_pipeline_dag.py
[2026-04-20T21:06:08.390+0000] {logging_mixin.py:188} INFO - [2026-04-20T21:06:08.390+0000] {dag.py:3036} INFO - Sync 1 DAGs
[2026-04-20T21:06:08.408+0000] {logging_mixin.py:188} INFO - [2026-04-20T21:06:08.408+0000] {dag.py:3823} INFO - Setting next_dagrun for logidata_pipeline_dag to None, run_after=None
[2026-04-20T21:06:08.484+0000] {processor.py:183} INFO - Processing /opt/airflow/dags/logidata_pipeline_dag.py took 0.228 seconds
[2026-04-20T21:06:40.166+0000] {processor.py:161} INFO - Started process (PID=691) to work on /opt/airflow/dags/logidata_pipeline_dag.py
[2026-04-20T21:06:40.168+0000] {processor.py:830} INFO - Processing file /opt/airflow/dags/logidata_pipeline_dag.py for tasks to queue
[2026-04-20T21:06:40.169+0000] {logging_mixin.py:188} INFO - [2026-04-20T21:06:40.169+0000] {dagbag.py:538} INFO - Filling up the DagBag from /opt/airflow/dags/logidata_pipeline_dag.py
[2026-04-20T21:06:40.257+0000] {processor.py:840} INFO - DAG(s) 'logidata_pipeline_dag' retrieved from /opt/airflow/dags/logidata_pipeline_dag.py
[2026-04-20T21:06:40.299+0000] {logging_mixin.py:188} INFO - [2026-04-20T21:06:40.299+0000] {dag.py:3036} INFO - Sync 1 DAGs
[2026-04-20T21:06:40.315+0000] {logging_mixin.py:188} INFO - [2026-04-20T21:06:40.315+0000] {dag.py:3823} INFO - Setting next_dagrun for logidata_pipeline_dag to None, run_after=None
[2026-04-20T21:06:40.393+0000] {processor.py:183} INFO - Processing /opt/airflow/dags/logidata_pipeline_dag.py took 0.231 seconds
[2026-04-20T21:07:11.193+0000] {processor.py:161} INFO - Started process (PID=692) to work on /opt/airflow/dags/logidata_pipeline_dag.py
[2026-04-20T21:07:11.194+0000] {processor.py:830} INFO - Processing file /opt/airflow/dags/logidata_pipeline_dag.py for tasks to queue
[2026-04-20T21:07:11.196+0000] {logging_mixin.py:188} INFO - [2026-04-20T21:07:11.195+0000] {dagbag.py:538} INFO - Filling up the DagBag from /opt/airflow/dags/logidata_pipeline_dag.py
[2026-04-20T21:07:11.276+0000] {processor.py:840} INFO - DAG(s) 'logidata_pipeline_dag' retrieved from /opt/airflow/dags/logidata_pipeline_dag.py
[2026-04-20T21:07:11.325+0000] {logging_mixin.py:188} INFO - [2026-04-20T21:07:11.324+0000] {dag.py:3036} INFO - Sync 1 DAGs
[2026-04-20T21:07:11.341+0000] {logging_mixin.py:188} INFO - [2026-04-20T21:07:11.340+0000] {dag.py:3823} INFO - Setting next_dagrun for logidata_pipeline_dag to None, run_after=None
[2026-04-20T21:07:11.405+0000] {processor.py:183} INFO - Processing /opt/airflow/dags/logidata_pipeline_dag.py took 0.215 seconds
[2026-04-20T21:07:41.889+0000] {processor.py:161} INFO - Started process (PID=693) to work on /opt/airflow/dags/logidata_pipeline_dag.py
[2026-04-20T21:07:41.891+0000] {processor.py:830} INFO - Processing file /opt/airflow/dags/logidata_pipeline_dag.py for tasks to queue
[2026-04-20T21:07:41.893+0000] {logging_mixin.py:188} INFO - [2026-04-20T21:07:41.892+0000] {dagbag.py:538} INFO - Filling up the DagBag from /opt/airflow/dags/logidata_pipeline_dag.py
[2026-04-20T21:07:41.985+0000] {processor.py:840} INFO - DAG(s) 'logidata_pipeline_dag' retrieved from /opt/airflow/dags/logidata_pipeline_dag.py
[2026-04-20T21:07:42.050+0000] {logging_mixin.py:188} INFO - [2026-04-20T21:07:42.050+0000] {dag.py:3036} INFO - Sync 1 DAGs
[2026-04-20T21:07:42.068+0000] {logging_mixin.py:188} INFO - [2026-04-20T21:07:42.068+0000] {dag.py:3823} INFO - Setting next_dagrun for logidata_pipeline_dag to None, run_after=None
[2026-04-20T21:07:42.223+0000] {processor.py:183} INFO - Processing /opt/airflow/dags/logidata_pipeline_dag.py took 0.339 seconds
[2026-04-20T21:08:12.564+0000] {processor.py:161} INFO - Started process (PID=694) to work on /opt/airflow/dags/logidata_pipeline_dag.py
[2026-04-20T21:08:12.566+0000] {processor.py:830} INFO - Processing file /opt/airflow/dags/logidata_pipeline_dag.py for tasks to queue
[2026-04-20T21:08:12.567+0000] {logging_mixin.py:188} INFO - [2026-04-20T21:08:12.567+0000] {dagbag.py:538} INFO - Filling up the DagBag from /opt/airflow/dags/logidata_pipeline_dag.py
[2026-04-20T21:08:12.637+0000] {processor.py:840} INFO - DAG(s) 'logidata_pipeline_dag' retrieved from /opt/airflow/dags/logidata_pipeline_dag.py
[2026-04-20T21:08:12.687+0000] {logging_mixin.py:188} INFO - [2026-04-20T21:08:12.687+0000] {dag.py:3036} INFO - Sync 1 DAGs
[2026-04-20T21:08:12.703+0000] {logging_mixin.py:188} INFO - [2026-04-20T21:08:12.703+0000] {dag.py:3823} INFO - Setting next_dagrun for logidata_pipeline_dag to None, run_after=None
[2026-04-20T21:08:12.775+0000] {processor.py:183} INFO - Processing /opt/airflow/dags/logidata_pipeline_dag.py took 0.215 seconds
[2026-04-20T21:08:43.778+0000] {processor.py:161} INFO - Started process (PID=695) to work on /opt/airflow/dags/logidata_pipeline_dag.py
[2026-04-20T21:08:43.780+0000] {processor.py:830} INFO - Processing file /opt/airflow/dags/logidata_pipeline_dag.py for tasks to queue
[2026-04-20T21:08:43.783+0000] {logging_mixin.py:188} INFO - [2026-04-20T21:08:43.782+0000] {dagbag.py:538} INFO - Filling up the DagBag from /opt/airflow/dags/logidata_pipeline_dag.py
[2026-04-20T21:08:43.915+0000] {processor.py:840} INFO - DAG(s) 'logidata_pipeline_dag' retrieved from /opt/airflow/dags/logidata_pipeline_dag.py
[2026-04-20T21:08:43.976+0000] {logging_mixin.py:188} INFO - [2026-04-20T21:08:43.976+0000] {dag.py:3036} INFO - Sync 1 DAGs
[2026-04-20T21:08:43.998+0000] {logging_mixin.py:188} INFO - [2026-04-20T21:08:43.997+0000] {dag.py:3823} INFO - Setting next_dagrun for logidata_pipeline_dag to None, run_after=None
[2026-04-20T21:08:44.092+0000] {processor.py:183} INFO - Processing /opt/airflow/dags/logidata_pipeline_dag.py took 0.319 seconds
[2026-04-20T21:09:16.301+0000] {processor.py:161} INFO - Started process (PID=696) to work on /opt/airflow/dags/logidata_pipeline_dag.py
[2026-04-20T21:09:16.303+0000] {processor.py:830} INFO - Processing file /opt/airflow/dags/logidata_pipeline_dag.py for tasks to queue
[2026-04-20T21:09:16.304+0000] {logging_mixin.py:188} INFO - [2026-04-20T21:09:16.303+0000] {dagbag.py:538} INFO - Filling up the DagBag from /opt/airflow/dags/logidata_pipeline_dag.py
[2026-04-20T21:09:16.383+0000] {processor.py:840} INFO - DAG(s) 'logidata_pipeline_dag' retrieved from /opt/airflow/dags/logidata_pipeline_dag.py
[2026-04-20T21:09:16.430+0000] {logging_mixin.py:188} INFO - [2026-04-20T21:09:16.430+0000] {dag.py:3036} INFO - Sync 1 DAGs
[2026-04-20T21:09:16.448+0000] {logging_mixin.py:188} INFO - [2026-04-20T21:09:16.447+0000] {dag.py:3823} INFO - Setting next_dagrun for logidata_pipeline_dag to None, run_after=None
[2026-04-20T21:09:16.511+0000] {processor.py:183} INFO - Processing /opt/airflow/dags/logidata_pipeline_dag.py took 0.214 seconds
[2026-04-20T21:09:48.057+0000] {processor.py:161} INFO - Started process (PID=697) to work on /opt/airflow/dags/logidata_pipeline_dag.py
[2026-04-20T21:09:48.059+0000] {processor.py:830} INFO - Processing file /opt/airflow/dags/logidata_pipeline_dag.py for tasks to queue
[2026-04-20T21:09:48.061+0000] {logging_mixin.py:188} INFO - [2026-04-20T21:09:48.060+0000] {dagbag.py:538} INFO - Filling up the DagBag from /opt/airflow/dags/logidata_pipeline_dag.py
[2026-04-20T21:09:48.184+0000] {processor.py:840} INFO - DAG(s) 'logidata_pipeline_dag' retrieved from /opt/airflow/dags/logidata_pipeline_dag.py
[2026-04-20T21:09:48.230+0000] {logging_mixin.py:188} INFO - [2026-04-20T21:09:48.230+0000] {dag.py:3036} INFO - Sync 1 DAGs
[2026-04-20T21:09:48.250+0000] {logging_mixin.py:188} INFO - [2026-04-20T21:09:48.250+0000] {dag.py:3823} INFO - Setting next_dagrun for logidata_pipeline_dag to None, run_after=None
[2026-04-20T21:09:48.382+0000] {processor.py:183} INFO - Processing /opt/airflow/dags/logidata_pipeline_dag.py took 0.329 seconds
[2026-04-20T21:10:19.587+0000] {processor.py:161} INFO - Started process (PID=698) to work on /opt/airflow/dags/logidata_pipeline_dag.py
[2026-04-20T21:10:19.589+0000] {processor.py:830} INFO - Processing file /opt/airflow/dags/logidata_pipeline_dag.py for tasks to queue
[2026-04-20T21:10:19.590+0000] {logging_mixin.py:188} INFO - [2026-04-20T21:10:19.590+0000] {dagbag.py:538} INFO - Filling up the DagBag from /opt/airflow/dags/logidata_pipeline_dag.py
[2026-04-20T21:10:19.684+0000] {processor.py:840} INFO - DAG(s) 'logidata_pipeline_dag' retrieved from /opt/airflow/dags/logidata_pipeline_dag.py
[2026-04-20T21:10:19.724+0000] {logging_mixin.py:188} INFO - [2026-04-20T21:10:19.724+0000] {dag.py:3036} INFO - Sync 1 DAGs
[2026-04-20T21:10:19.741+0000] {logging_mixin.py:188} INFO - [2026-04-20T21:10:19.741+0000] {dag.py:3823} INFO - Setting next_dagrun for logidata_pipeline_dag to None, run_after=None
[2026-04-20T21:10:19.848+0000] {processor.py:183} INFO - Processing /opt/airflow/dags/logidata_pipeline_dag.py took 0.267 seconds
[2026-04-20T21:10:50.545+0000] {processor.py:161} INFO - Started process (PID=699) to work on /opt/airflow/dags/logidata_pipeline_dag.py
[2026-04-20T21:10:50.547+0000] {processor.py:830} INFO - Processing file /opt/airflow/dags/logidata_pipeline_dag.py for tasks to queue
[2026-04-20T21:10:50.548+0000] {logging_mixin.py:188} INFO - [2026-04-20T21:10:50.548+0000] {dagbag.py:538} INFO - Filling up the DagBag from /opt/airflow/dags/logidata_pipeline_dag.py
[2026-04-20T21:10:50.621+0000] {processor.py:840} INFO - DAG(s) 'logidata_pipeline_dag' retrieved from /opt/airflow/dags/logidata_pipeline_dag.py
[2026-04-20T21:10:50.675+0000] {logging_mixin.py:188} INFO - [2026-04-20T21:10:50.674+0000] {dag.py:3036} INFO - Sync 1 DAGs
[2026-04-20T21:10:50.703+0000] {logging_mixin.py:188} INFO - [2026-04-20T21:10:50.703+0000] {dag.py:3823} INFO - Setting next_dagrun for logidata_pipeline_dag to None, run_after=None
[2026-04-20T21:10:50.766+0000] {processor.py:183} INFO - Processing /opt/airflow/dags/logidata_pipeline_dag.py took 0.224 seconds
[2026-04-20T21:11:21.878+0000] {processor.py:161} INFO - Started process (PID=700) to work on /opt/airflow/dags/logidata_pipeline_dag.py
[2026-04-20T21:11:21.880+0000] {processor.py:830} INFO - Processing file /opt/airflow/dags/logidata_pipeline_dag.py for tasks to queue
[2026-04-20T21:11:21.881+0000] {logging_mixin.py:188} INFO - [2026-04-20T21:11:21.881+0000] {dagbag.py:538} INFO - Filling up the DagBag from /opt/airflow/dags/logidata_pipeline_dag.py
[2026-04-20T21:11:21.958+0000] {processor.py:840} INFO - DAG(s) 'logidata_pipeline_dag' retrieved from /opt/airflow/dags/logidata_pipeline_dag.py
[2026-04-20T21:11:21.999+0000] {logging_mixin.py:188} INFO - [2026-04-20T21:11:21.999+0000] {dag.py:3036} INFO - Sync 1 DAGs
[2026-04-20T21:11:22.015+0000] {logging_mixin.py:188} INFO - [2026-04-20T21:11:22.015+0000] {dag.py:3823} INFO - Setting next_dagrun for logidata_pipeline_dag to None, run_after=None
[2026-04-20T21:11:22.083+0000] {processor.py:183} INFO - Processing /opt/airflow/dags/logidata_pipeline_dag.py took 0.213 seconds
[2026-04-20T21:11:54.269+0000] {processor.py:161} INFO - Started process (PID=701) to work on /opt/airflow/dags/logidata_pipeline_dag.py
[2026-04-20T21:11:54.271+0000] {processor.py:830} INFO - Processing file /opt/airflow/dags/logidata_pipeline_dag.py for tasks to queue
[2026-04-20T21:11:54.273+0000] {logging_mixin.py:188} INFO - [2026-04-20T21:11:54.272+0000] {dagbag.py:538} INFO - Filling up the DagBag from /opt/airflow/dags/logidata_pipeline_dag.py
[2026-04-20T21:11:54.350+0000] {processor.py:840} INFO - DAG(s) 'logidata_pipeline_dag' retrieved from /opt/airflow/dags/logidata_pipeline_dag.py
[2026-04-20T21:11:54.394+0000] {logging_mixin.py:188} INFO - [2026-04-20T21:11:54.393+0000] {dag.py:3036} INFO - Sync 1 DAGs
[2026-04-20T21:11:54.416+0000] {logging_mixin.py:188} INFO - [2026-04-20T21:11:54.416+0000] {dag.py:3823} INFO - Setting next_dagrun for logidata_pipeline_dag to None, run_after=None
[2026-04-20T21:11:54.477+0000] {processor.py:183} INFO - Processing /opt/airflow/dags/logidata_pipeline_dag.py took 0.211 seconds
[2026-04-20T21:12:27.566+0000] {processor.py:161} INFO - Started process (PID=702) to work on /opt/airflow/dags/logidata_pipeline_dag.py
[2026-04-20T21:12:27.572+0000] {processor.py:830} INFO - Processing file /opt/airflow/dags/logidata_pipeline_dag.py for tasks to queue
[2026-04-20T21:12:27.577+0000] {logging_mixin.py:188} INFO - [2026-04-20T21:12:27.575+0000] {dagbag.py:538} INFO - Filling up the DagBag from /opt/airflow/dags/logidata_pipeline_dag.py
[2026-04-20T21:12:27.687+0000] {processor.py:840} INFO - DAG(s) 'logidata_pipeline_dag' retrieved from /opt/airflow/dags/logidata_pipeline_dag.py
[2026-04-20T21:12:27.732+0000] {logging_mixin.py:188} INFO - [2026-04-20T21:12:27.732+0000] {dag.py:3036} INFO - Sync 1 DAGs
[2026-04-20T21:12:27.749+0000] {logging_mixin.py:188} INFO - [2026-04-20T21:12:27.748+0000] {dag.py:3823} INFO - Setting next_dagrun for logidata_pipeline_dag to None, run_after=None
[2026-04-20T21:12:27.843+0000] {processor.py:183} INFO - Processing /opt/airflow/dags/logidata_pipeline_dag.py took 0.280 seconds
[2026-04-20T21:12:58.729+0000] {processor.py:161} INFO - Started process (PID=703) to work on /opt/airflow/dags/logidata_pipeline_dag.py
[2026-04-20T21:12:58.731+0000] {processor.py:830} INFO - Processing file /opt/airflow/dags/logidata_pipeline_dag.py for tasks to queue
[2026-04-20T21:12:58.732+0000] {logging_mixin.py:188} INFO - [2026-04-20T21:12:58.732+0000] {dagbag.py:538} INFO - Filling up the DagBag from /opt/airflow/dags/logidata_pipeline_dag.py
[2026-04-20T21:12:58.825+0000] {processor.py:840} INFO - DAG(s) 'logidata_pipeline_dag' retrieved from /opt/airflow/dags/logidata_pipeline_dag.py
[2026-04-20T21:12:58.877+0000] {logging_mixin.py:188} INFO - [2026-04-20T21:12:58.877+0000] {dag.py:3036} INFO - Sync 1 DAGs
[2026-04-20T21:12:58.912+0000] {logging_mixin.py:188} INFO - [2026-04-20T21:12:58.912+0000] {dag.py:3823} INFO - Setting next_dagrun for logidata_pipeline_dag to None, run_after=None
[2026-04-20T21:12:59.000+0000] {processor.py:183} INFO - Processing /opt/airflow/dags/logidata_pipeline_dag.py took 0.278 seconds
[2026-04-20T21:13:29.487+0000] {processor.py:161} INFO - Started process (PID=704) to work on /opt/airflow/dags/logidata_pipeline_dag.py
[2026-04-20T21:13:29.489+0000] {processor.py:830} INFO - Processing file /opt/airflow/dags/logidata_pipeline_dag.py for tasks to queue
[2026-04-20T21:13:29.490+0000] {logging_mixin.py:188} INFO - [2026-04-20T21:13:29.490+0000] {dagbag.py:538} INFO - Filling up the DagBag from /opt/airflow/dags/logidata_pipeline_dag.py
[2026-04-20T21:13:29.588+0000] {processor.py:840} INFO - DAG(s) 'logidata_pipeline_dag' retrieved from /opt/airflow/dags/logidata_pipeline_dag.py
[2026-04-20T21:13:29.638+0000] {logging_mixin.py:188} INFO - [2026-04-20T21:13:29.637+0000] {dag.py:3036} INFO - Sync 1 DAGs
[2026-04-20T21:13:29.655+0000] {logging_mixin.py:188} INFO - [2026-04-20T21:13:29.654+0000] {dag.py:3823} INFO - Setting next_dagrun for logidata_pipeline_dag to None, run_after=None
[2026-04-20T21:13:29.747+0000] {processor.py:183} INFO - Processing /opt/airflow/dags/logidata_pipeline_dag.py took 0.263 seconds
[2026-04-20T21:14:00.044+0000] {processor.py:161} INFO - Started process (PID=705) to work on /opt/airflow/dags/logidata_pipeline_dag.py
[2026-04-20T21:14:00.045+0000] {processor.py:830} INFO - Processing file /opt/airflow/dags/logidata_pipeline_dag.py for tasks to queue
[2026-04-20T21:14:00.047+0000] {logging_mixin.py:188} INFO - [2026-04-20T21:14:00.047+0000] {dagbag.py:538} INFO - Filling up the DagBag from /opt/airflow/dags/logidata_pipeline_dag.py
[2026-04-20T21:14:00.129+0000] {processor.py:840} INFO - DAG(s) 'logidata_pipeline_dag' retrieved from /opt/airflow/dags/logidata_pipeline_dag.py
[2026-04-20T21:14:00.173+0000] {logging_mixin.py:188} INFO - [2026-04-20T21:14:00.173+0000] {dag.py:3036} INFO - Sync 1 DAGs
[2026-04-20T21:14:00.190+0000] {logging_mixin.py:188} INFO - [2026-04-20T21:14:00.190+0000] {dag.py:3823} INFO - Setting next_dagrun for logidata_pipeline_dag to None, run_after=None
[2026-04-20T21:14:00.262+0000] {processor.py:183} INFO - Processing /opt/airflow/dags/logidata_pipeline_dag.py took 0.225 seconds
[2026-04-20T21:14:32.691+0000] {processor.py:161} INFO - Started process (PID=706) to work on /opt/airflow/dags/logidata_pipeline_dag.py
[2026-04-20T21:14:32.713+0000] {processor.py:830} INFO - Processing file /opt/airflow/dags/logidata_pipeline_dag.py for tasks to queue
[2026-04-20T21:14:32.720+0000] {logging_mixin.py:188} INFO - [2026-04-20T21:14:32.719+0000] {dagbag.py:538} INFO - Filling up the DagBag from /opt/airflow/dags/logidata_pipeline_dag.py
[2026-04-20T21:14:32.918+0000] {processor.py:840} INFO - DAG(s) 'logidata_pipeline_dag' retrieved from /opt/airflow/dags/logidata_pipeline_dag.py
[2026-04-20T21:14:32.954+0000] {logging_mixin.py:188} INFO - [2026-04-20T21:14:32.954+0000] {dag.py:3036} INFO - Sync 1 DAGs
[2026-04-20T21:14:32.971+0000] {logging_mixin.py:188} INFO - [2026-04-20T21:14:32.971+0000] {dag.py:3823} INFO - Setting next_dagrun for logidata_pipeline_dag to None, run_after=None
[2026-04-20T21:14:33.065+0000] {processor.py:183} INFO - Processing /opt/airflow/dags/logidata_pipeline_dag.py took 0.381 seconds
[2026-04-20T21:15:05.845+0000] {processor.py:161} INFO - Started process (PID=707) to work on /opt/airflow/dags/logidata_pipeline_dag.py
[2026-04-20T21:15:05.846+0000] {processor.py:830} INFO - Processing file /opt/airflow/dags/logidata_pipeline_dag.py for tasks to queue
[2026-04-20T21:15:05.848+0000] {logging_mixin.py:188} INFO - [2026-04-20T21:15:05.847+0000] {dagbag.py:538} INFO - Filling up the DagBag from /opt/airflow/dags/logidata_pipeline_dag.py
[2026-04-20T21:15:05.928+0000] {processor.py:840} INFO - DAG(s) 'logidata_pipeline_dag' retrieved from /opt/airflow/dags/logidata_pipeline_dag.py
[2026-04-20T21:15:05.980+0000] {logging_mixin.py:188} INFO - [2026-04-20T21:15:05.980+0000] {dag.py:3036} INFO - Sync 1 DAGs
[2026-04-20T21:15:05.998+0000] {logging_mixin.py:188} INFO - [2026-04-20T21:15:05.998+0000] {dag.py:3823} INFO - Setting next_dagrun for logidata_pipeline_dag to None, run_after=None
[2026-04-20T21:15:06.092+0000] {processor.py:183} INFO - Processing /opt/airflow/dags/logidata_pipeline_dag.py took 0.254 seconds
[2026-04-20T21:15:37.777+0000] {processor.py:161} INFO - Started process (PID=708) to work on /opt/airflow/dags/logidata_pipeline_dag.py
[2026-04-20T21:15:37.778+0000] {processor.py:830} INFO - Processing file /opt/airflow/dags/logidata_pipeline_dag.py for tasks to queue
[2026-04-20T21:15:37.779+0000] {logging_mixin.py:188} INFO - [2026-04-20T21:15:37.779+0000] {dagbag.py:538} INFO - Filling up the DagBag from /opt/airflow/dags/logidata_pipeline_dag.py
[2026-04-20T21:15:37.855+0000] {processor.py:840} INFO - DAG(s) 'logidata_pipeline_dag' retrieved from /opt/airflow/dags/logidata_pipeline_dag.py
[2026-04-20T21:15:37.897+0000] {logging_mixin.py:188} INFO - [2026-04-20T21:15:37.896+0000] {dag.py:3036} INFO - Sync 1 DAGs
[2026-04-20T21:15:37.914+0000] {logging_mixin.py:188} INFO - [2026-04-20T21:15:37.913+0000] {dag.py:3823} INFO - Setting next_dagrun for logidata_pipeline_dag to None, run_after=None
[2026-04-20T21:15:37.998+0000] {processor.py:183} INFO - Processing /opt/airflow/dags/logidata_pipeline_dag.py took 0.228 seconds
[2026-04-20T21:16:08.949+0000] {processor.py:161} INFO - Started process (PID=709) to work on /opt/airflow/dags/logidata_pipeline_dag.py
[2026-04-20T21:16:08.950+0000] {processor.py:830} INFO - Processing file /opt/airflow/dags/logidata_pipeline_dag.py for tasks to queue
[2026-04-20T21:16:08.952+0000] {logging_mixin.py:188} INFO - [2026-04-20T21:16:08.951+0000] {dagbag.py:538} INFO - Filling up the DagBag from /opt/airflow/dags/logidata_pipeline_dag.py
[2026-04-20T21:16:09.026+0000] {processor.py:840} INFO - DAG(s) 'logidata_pipeline_dag' retrieved from /opt/airflow/dags/logidata_pipeline_dag.py
[2026-04-20T21:16:09.082+0000] {logging_mixin.py:188} INFO - [2026-04-20T21:16:09.082+0000] {dag.py:3036} INFO - Sync 1 DAGs
[2026-04-20T21:16:09.102+0000] {logging_mixin.py:188} INFO - [2026-04-20T21:16:09.101+0000] {dag.py:3823} INFO - Setting next_dagrun for logidata_pipeline_dag to None, run_after=None
[2026-04-20T21:16:09.179+0000] {processor.py:183} INFO - Processing /opt/airflow/dags/logidata_pipeline_dag.py took 0.234 seconds
[2026-04-20T21:16:39.594+0000] {processor.py:161} INFO - Started process (PID=710) to work on /opt/airflow/dags/logidata_pipeline_dag.py
[2026-04-20T21:16:39.596+0000] {processor.py:830} INFO - Processing file /opt/airflow/dags/logidata_pipeline_dag.py for tasks to queue
[2026-04-20T21:16:39.597+0000] {logging_mixin.py:188} INFO - [2026-04-20T21:16:39.597+0000] {dagbag.py:538} INFO - Filling up the DagBag from /opt/airflow/dags/logidata_pipeline_dag.py
[2026-04-20T21:16:39.679+0000] {processor.py:840} INFO - DAG(s) 'logidata_pipeline_dag' retrieved from /opt/airflow/dags/logidata_pipeline_dag.py
[2026-04-20T21:16:39.727+0000] {logging_mixin.py:188} INFO - [2026-04-20T21:16:39.726+0000] {dag.py:3036} INFO - Sync 1 DAGs
[2026-04-20T21:16:39.746+0000] {logging_mixin.py:188} INFO - [2026-04-20T21:16:39.746+0000] {dag.py:3823} INFO - Setting next_dagrun for logidata_pipeline_dag to None, run_after=None
[2026-04-20T21:16:39.879+0000] {processor.py:183} INFO - Processing /opt/airflow/dags/logidata_pipeline_dag.py took 0.295 seconds
[2026-04-20T21:17:10.550+0000] {processor.py:161} INFO - Started process (PID=711) to work on /opt/airflow/dags/logidata_pipeline_dag.py
[2026-04-20T21:17:10.555+0000] {processor.py:830} INFO - Processing file /opt/airflow/dags/logidata_pipeline_dag.py for tasks to queue
[2026-04-20T21:17:10.557+0000] {logging_mixin.py:188} INFO - [2026-04-20T21:17:10.557+0000] {dagbag.py:538} INFO - Filling up the DagBag from /opt/airflow/dags/logidata_pipeline_dag.py
[2026-04-20T21:17:10.660+0000] {processor.py:840} INFO - DAG(s) 'logidata_pipeline_dag' retrieved from /opt/airflow/dags/logidata_pipeline_dag.py
[2026-04-20T21:17:10.699+0000] {logging_mixin.py:188} INFO - [2026-04-20T21:17:10.699+0000] {dag.py:3036} INFO - Sync 1 DAGs
[2026-04-20T21:17:10.716+0000] {logging_mixin.py:188} INFO - [2026-04-20T21:17:10.716+0000] {dag.py:3823} INFO - Setting next_dagrun for logidata_pipeline_dag to None, run_after=None
[2026-04-20T21:17:10.782+0000] {processor.py:183} INFO - Processing /opt/airflow/dags/logidata_pipeline_dag.py took 0.243 seconds
[2026-04-20T21:17:43.660+0000] {processor.py:161} INFO - Started process (PID=712) to work on /opt/airflow/dags/logidata_pipeline_dag.py
[2026-04-20T21:17:43.662+0000] {processor.py:830} INFO - Processing file /opt/airflow/dags/logidata_pipeline_dag.py for tasks to queue
[2026-04-20T21:17:43.664+0000] {logging_mixin.py:188} INFO - [2026-04-20T21:17:43.663+0000] {dagbag.py:538} INFO - Filling up the DagBag from /opt/airflow/dags/logidata_pipeline_dag.py
[2026-04-20T21:17:43.767+0000] {processor.py:840} INFO - DAG(s) 'logidata_pipeline_dag' retrieved from /opt/airflow/dags/logidata_pipeline_dag.py
[2026-04-20T21:17:43.808+0000] {logging_mixin.py:188} INFO - [2026-04-20T21:17:43.808+0000] {dag.py:3036} INFO - Sync 1 DAGs
[2026-04-20T21:17:43.825+0000] {logging_mixin.py:188} INFO - [2026-04-20T21:17:43.825+0000] {dag.py:3823} INFO - Setting next_dagrun for logidata_pipeline_dag to None, run_after=None
[2026-04-20T21:17:43.940+0000] {processor.py:183} INFO - Processing /opt/airflow/dags/logidata_pipeline_dag.py took 0.286 seconds
[2026-04-20T21:18:15.755+0000] {processor.py:161} INFO - Started process (PID=713) to work on /opt/airflow/dags/logidata_pipeline_dag.py
[2026-04-20T21:18:15.757+0000] {processor.py:830} INFO - Processing file /opt/airflow/dags/logidata_pipeline_dag.py for tasks to queue
[2026-04-20T21:18:15.759+0000] {logging_mixin.py:188} INFO - [2026-04-20T21:18:15.758+0000] {dagbag.py:538} INFO - Filling up the DagBag from /opt/airflow/dags/logidata_pipeline_dag.py
[2026-04-20T21:18:15.871+0000] {processor.py:840} INFO - DAG(s) 'logidata_pipeline_dag' retrieved from /opt/airflow/dags/logidata_pipeline_dag.py
[2026-04-20T21:18:15.924+0000] {logging_mixin.py:188} INFO - [2026-04-20T21:18:15.924+0000] {dag.py:3036} INFO - Sync 1 DAGs
[2026-04-20T21:18:15.947+0000] {logging_mixin.py:188} INFO - [2026-04-20T21:18:15.947+0000] {dag.py:3823} INFO - Setting next_dagrun for logidata_pipeline_dag to None, run_after=None
[2026-04-20T21:18:16.061+0000] {processor.py:183} INFO - Processing /opt/airflow/dags/logidata_pipeline_dag.py took 0.316 seconds
[2026-04-20T21:18:48.768+0000] {processor.py:161} INFO - Started process (PID=714) to work on /opt/airflow/dags/logidata_pipeline_dag.py
[2026-04-20T21:18:48.772+0000] {processor.py:830} INFO - Processing file /opt/airflow/dags/logidata_pipeline_dag.py for tasks to queue
[2026-04-20T21:18:48.775+0000] {logging_mixin.py:188} INFO - [2026-04-20T21:18:48.774+0000] {dagbag.py:538} INFO - Filling up the DagBag from /opt/airflow/dags/logidata_pipeline_dag.py
[2026-04-20T21:18:48.860+0000] {processor.py:840} INFO - DAG(s) 'logidata_pipeline_dag' retrieved from /opt/airflow/dags/logidata_pipeline_dag.py
[2026-04-20T21:18:48.922+0000] {logging_mixin.py:188} INFO - [2026-04-20T21:18:48.922+0000] {dag.py:3036} INFO - Sync 1 DAGs
[2026-04-20T21:18:48.945+0000] {logging_mixin.py:188} INFO - [2026-04-20T21:18:48.944+0000] {dag.py:3823} INFO - Setting next_dagrun for logidata_pipeline_dag to None, run_after=None
[2026-04-20T21:18:49.048+0000] {processor.py:183} INFO - Processing /opt/airflow/dags/logidata_pipeline_dag.py took 0.285 seconds
[2026-04-20T21:19:19.829+0000] {processor.py:161} INFO - Started process (PID=715) to work on /opt/airflow/dags/logidata_pipeline_dag.py
[2026-04-20T21:19:19.831+0000] {processor.py:830} INFO - Processing file /opt/airflow/dags/logidata_pipeline_dag.py for tasks to queue
[2026-04-20T21:19:19.833+0000] {logging_mixin.py:188} INFO - [2026-04-20T21:19:19.832+0000] {dagbag.py:538} INFO - Filling up the DagBag from /opt/airflow/dags/logidata_pipeline_dag.py
[2026-04-20T21:19:19.938+0000] {processor.py:840} INFO - DAG(s) 'logidata_pipeline_dag' retrieved from /opt/airflow/dags/logidata_pipeline_dag.py
[2026-04-20T21:19:19.991+0000] {logging_mixin.py:188} INFO - [2026-04-20T21:19:19.990+0000] {dag.py:3036} INFO - Sync 1 DAGs
[2026-04-20T21:19:20.013+0000] {logging_mixin.py:188} INFO - [2026-04-20T21:19:20.013+0000] {dag.py:3823} INFO - Setting next_dagrun for logidata_pipeline_dag to None, run_after=None
[2026-04-20T21:19:20.100+0000] {processor.py:183} INFO - Processing /opt/airflow/dags/logidata_pipeline_dag.py took 0.279 seconds
[2026-04-20T21:19:51.104+0000] {processor.py:161} INFO - Started process (PID=716) to work on /opt/airflow/dags/logidata_pipeline_dag.py
[2026-04-20T21:19:51.106+0000] {processor.py:830} INFO - Processing file /opt/airflow/dags/logidata_pipeline_dag.py for tasks to queue
[2026-04-20T21:19:51.107+0000] {logging_mixin.py:188} INFO - [2026-04-20T21:19:51.107+0000] {dagbag.py:538} INFO - Filling up the DagBag from /opt/airflow/dags/logidata_pipeline_dag.py
[2026-04-20T21:19:51.195+0000] {processor.py:840} INFO - DAG(s) 'logidata_pipeline_dag' retrieved from /opt/airflow/dags/logidata_pipeline_dag.py
[2026-04-20T21:19:51.247+0000] {logging_mixin.py:188} INFO - [2026-04-20T21:19:51.246+0000] {dag.py:3036} INFO - Sync 1 DAGs
[2026-04-20T21:19:51.265+0000] {logging_mixin.py:188} INFO - [2026-04-20T21:19:51.265+0000] {dag.py:3823} INFO - Setting next_dagrun for logidata_pipeline_dag to None, run_after=None
[2026-04-20T21:19:51.346+0000] {processor.py:183} INFO - Processing /opt/airflow/dags/logidata_pipeline_dag.py took 0.244 seconds
[2026-04-20T21:20:22.741+0000] {processor.py:161} INFO - Started process (PID=727) to work on /opt/airflow/dags/logidata_pipeline_dag.py
[2026-04-20T21:20:22.744+0000] {processor.py:830} INFO - Processing file /opt/airflow/dags/logidata_pipeline_dag.py for tasks to queue
[2026-04-20T21:20:22.745+0000] {logging_mixin.py:188} INFO - [2026-04-20T21:20:22.745+0000] {dagbag.py:538} INFO - Filling up the DagBag from /opt/airflow/dags/logidata_pipeline_dag.py
[2026-04-20T21:20:22.828+0000] {processor.py:840} INFO - DAG(s) 'logidata_pipeline_dag' retrieved from /opt/airflow/dags/logidata_pipeline_dag.py
[2026-04-20T21:20:22.861+0000] {logging_mixin.py:188} INFO - [2026-04-20T21:20:22.861+0000] {dag.py:3036} INFO - Sync 1 DAGs
[2026-04-20T21:20:22.878+0000] {logging_mixin.py:188} INFO - [2026-04-20T21:20:22.877+0000] {dag.py:3823} INFO - Setting next_dagrun for logidata_pipeline_dag to None, run_after=None
[2026-04-20T21:20:22.975+0000] {processor.py:183} INFO - Processing /opt/airflow/dags/logidata_pipeline_dag.py took 0.238 seconds
[2026-04-20T21:23:21.908+0000] {processor.py:161} INFO - Started process (PID=749) to work on /opt/airflow/dags/logidata_pipeline_dag.py
[2026-04-20T21:23:21.911+0000] {processor.py:830} INFO - Processing file /opt/airflow/dags/logidata_pipeline_dag.py for tasks to queue
[2026-04-20T21:23:21.915+0000] {logging_mixin.py:188} INFO - [2026-04-20T21:23:21.913+0000] {dagbag.py:538} INFO - Filling up the DagBag from /opt/airflow/dags/logidata_pipeline_dag.py
[2026-04-20T21:23:22.064+0000] {processor.py:840} INFO - DAG(s) 'logidata_pipeline_dag' retrieved from /opt/airflow/dags/logidata_pipeline_dag.py
[2026-04-20T21:23:22.138+0000] {logging_mixin.py:188} INFO - [2026-04-20T21:23:22.138+0000] {dag.py:3036} INFO - Sync 1 DAGs
[2026-04-20T21:23:22.165+0000] {logging_mixin.py:188} INFO - [2026-04-20T21:23:22.164+0000] {dag.py:3823} INFO - Setting next_dagrun for logidata_pipeline_dag to None, run_after=None
[2026-04-20T21:23:22.271+0000] {processor.py:183} INFO - Processing /opt/airflow/dags/logidata_pipeline_dag.py took 0.372 seconds
[2026-04-20T21:23:53.373+0000] {processor.py:161} INFO - Started process (PID=750) to work on /opt/airflow/dags/logidata_pipeline_dag.py
[2026-04-20T21:23:53.374+0000] {processor.py:830} INFO - Processing file /opt/airflow/dags/logidata_pipeline_dag.py for tasks to queue
[2026-04-20T21:23:53.375+0000] {logging_mixin.py:188} INFO - [2026-04-20T21:23:53.375+0000] {dagbag.py:538} INFO - Filling up the DagBag from /opt/airflow/dags/logidata_pipeline_dag.py
[2026-04-20T21:23:53.462+0000] {processor.py:840} INFO - DAG(s) 'logidata_pipeline_dag' retrieved from /opt/airflow/dags/logidata_pipeline_dag.py
[2026-04-20T21:23:53.503+0000] {logging_mixin.py:188} INFO - [2026-04-20T21:23:53.503+0000] {dag.py:3036} INFO - Sync 1 DAGs
[2026-04-20T21:23:53.520+0000] {logging_mixin.py:188} INFO - [2026-04-20T21:23:53.520+0000] {dag.py:3823} INFO - Setting next_dagrun for logidata_pipeline_dag to None, run_after=None
[2026-04-20T21:23:53.654+0000] {processor.py:183} INFO - Processing /opt/airflow/dags/logidata_pipeline_dag.py took 0.284 seconds
[2026-04-20T21:24:24.676+0000] {processor.py:161} INFO - Started process (PID=751) to work on /opt/airflow/dags/logidata_pipeline_dag.py
[2026-04-20T21:24:24.679+0000] {processor.py:830} INFO - Processing file /opt/airflow/dags/logidata_pipeline_dag.py for tasks to queue
[2026-04-20T21:24:24.682+0000] {logging_mixin.py:188} INFO - [2026-04-20T21:24:24.681+0000] {dagbag.py:538} INFO - Filling up the DagBag from /opt/airflow/dags/logidata_pipeline_dag.py
[2026-04-20T21:24:24.747+0000] {processor.py:840} INFO - DAG(s) 'logidata_pipeline_dag' retrieved from /opt/airflow/dags/logidata_pipeline_dag.py
[2026-04-20T21:24:24.795+0000] {logging_mixin.py:188} INFO - [2026-04-20T21:24:24.795+0000] {dag.py:3036} INFO - Sync 1 DAGs
[2026-04-20T21:24:24.813+0000] {logging_mixin.py:188} INFO - [2026-04-20T21:24:24.813+0000] {dag.py:3823} INFO - Setting next_dagrun for logidata_pipeline_dag to None, run_after=None
[2026-04-20T21:24:24.868+0000] {processor.py:183} INFO - Processing /opt/airflow/dags/logidata_pipeline_dag.py took 0.196 seconds
[2026-04-20T21:24:55.466+0000] {processor.py:161} INFO - Started process (PID=752) to work on /opt/airflow/dags/logidata_pipeline_dag.py
[2026-04-20T21:24:55.468+0000] {processor.py:830} INFO - Processing file /opt/airflow/dags/logidata_pipeline_dag.py for tasks to queue
[2026-04-20T21:24:55.470+0000] {logging_mixin.py:188} INFO - [2026-04-20T21:24:55.469+0000] {dagbag.py:538} INFO - Filling up the DagBag from /opt/airflow/dags/logidata_pipeline_dag.py
[2026-04-20T21:24:55.558+0000] {processor.py:840} INFO - DAG(s) 'logidata_pipeline_dag' retrieved from /opt/airflow/dags/logidata_pipeline_dag.py
[2026-04-20T21:24:55.599+0000] {logging_mixin.py:188} INFO - [2026-04-20T21:24:55.599+0000] {dag.py:3036} INFO - Sync 1 DAGs
[2026-04-20T21:24:55.613+0000] {logging_mixin.py:188} INFO - [2026-04-20T21:24:55.613+0000] {dag.py:3823} INFO - Setting next_dagrun for logidata_pipeline_dag to None, run_after=None
[2026-04-20T21:24:55.689+0000] {processor.py:183} INFO - Processing /opt/airflow/dags/logidata_pipeline_dag.py took 0.229 seconds
[2026-04-20T21:25:26.588+0000] {processor.py:161} INFO - Started process (PID=753) to work on /opt/airflow/dags/logidata_pipeline_dag.py
[2026-04-20T21:25:26.590+0000] {processor.py:830} INFO - Processing file /opt/airflow/dags/logidata_pipeline_dag.py for tasks to queue
[2026-04-20T21:25:26.592+0000] {logging_mixin.py:188} INFO - [2026-04-20T21:25:26.592+0000] {dagbag.py:538} INFO - Filling up the DagBag from /opt/airflow/dags/logidata_pipeline_dag.py
[2026-04-20T21:25:26.664+0000] {processor.py:840} INFO - DAG(s) 'logidata_pipeline_dag' retrieved from /opt/airflow/dags/logidata_pipeline_dag.py
[2026-04-20T21:25:26.710+0000] {logging_mixin.py:188} INFO - [2026-04-20T21:25:26.710+0000] {dag.py:3036} INFO - Sync 1 DAGs
[2026-04-20T21:25:26.730+0000] {logging_mixin.py:188} INFO - [2026-04-20T21:25:26.730+0000] {dag.py:3823} INFO - Setting next_dagrun for logidata_pipeline_dag to None, run_after=None
[2026-04-20T21:25:26.813+0000] {processor.py:183} INFO - Processing /opt/airflow/dags/logidata_pipeline_dag.py took 0.232 seconds
[2026-04-20T21:25:57.347+0000] {processor.py:161} INFO - Started process (PID=754) to work on /opt/airflow/dags/logidata_pipeline_dag.py
[2026-04-20T21:25:57.349+0000] {processor.py:830} INFO - Processing file /opt/airflow/dags/logidata_pipeline_dag.py for tasks to queue
[2026-04-20T21:25:57.350+0000] {logging_mixin.py:188} INFO - [2026-04-20T21:25:57.350+0000] {dagbag.py:538} INFO - Filling up the DagBag from /opt/airflow/dags/logidata_pipeline_dag.py
[2026-04-20T21:25:57.430+0000] {processor.py:840} INFO - DAG(s) 'logidata_pipeline_dag' retrieved from /opt/airflow/dags/logidata_pipeline_dag.py
[2026-04-20T21:25:57.469+0000] {logging_mixin.py:188} INFO - [2026-04-20T21:25:57.469+0000] {dag.py:3036} INFO - Sync 1 DAGs
[2026-04-20T21:25:57.486+0000] {logging_mixin.py:188} INFO - [2026-04-20T21:25:57.486+0000] {dag.py:3823} INFO - Setting next_dagrun for logidata_pipeline_dag to None, run_after=None
[2026-04-20T21:25:57.550+0000] {processor.py:183} INFO - Processing /opt/airflow/dags/logidata_pipeline_dag.py took 0.206 seconds
[2026-04-20T21:26:27.957+0000] {processor.py:161} INFO - Started process (PID=755) to work on /opt/airflow/dags/logidata_pipeline_dag.py
[2026-04-20T21:26:27.959+0000] {processor.py:830} INFO - Processing file /opt/airflow/dags/logidata_pipeline_dag.py for tasks to queue
[2026-04-20T21:26:27.960+0000] {logging_mixin.py:188} INFO - [2026-04-20T21:26:27.960+0000] {dagbag.py:538} INFO - Filling up the DagBag from /opt/airflow/dags/logidata_pipeline_dag.py
[2026-04-20T21:26:28.045+0000] {processor.py:840} INFO - DAG(s) 'logidata_pipeline_dag' retrieved from /opt/airflow/dags/logidata_pipeline_dag.py
[2026-04-20T21:26:28.096+0000] {logging_mixin.py:188} INFO - [2026-04-20T21:26:28.096+0000] {dag.py:3036} INFO - Sync 1 DAGs
[2026-04-20T21:26:28.127+0000] {logging_mixin.py:188} INFO - [2026-04-20T21:26:28.127+0000] {dag.py:3823} INFO - Setting next_dagrun for logidata_pipeline_dag to None, run_after=None
[2026-04-20T21:26:28.241+0000] {processor.py:183} INFO - Processing /opt/airflow/dags/logidata_pipeline_dag.py took 0.289 seconds
[2026-04-20T21:26:59.136+0000] {processor.py:161} INFO - Started process (PID=756) to work on /opt/airflow/dags/logidata_pipeline_dag.py
[2026-04-20T21:26:59.137+0000] {processor.py:830} INFO - Processing file /opt/airflow/dags/logidata_pipeline_dag.py for tasks to queue
[2026-04-20T21:26:59.139+0000] {logging_mixin.py:188} INFO - [2026-04-20T21:26:59.138+0000] {dagbag.py:538} INFO - Filling up the DagBag from /opt/airflow/dags/logidata_pipeline_dag.py
[2026-04-20T21:26:59.216+0000] {processor.py:840} INFO - DAG(s) 'logidata_pipeline_dag' retrieved from /opt/airflow/dags/logidata_pipeline_dag.py
[2026-04-20T21:26:59.256+0000] {logging_mixin.py:188} INFO - [2026-04-20T21:26:59.256+0000] {dag.py:3036} INFO - Sync 1 DAGs
[2026-04-20T21:26:59.272+0000] {logging_mixin.py:188} INFO - [2026-04-20T21:26:59.272+0000] {dag.py:3823} INFO - Setting next_dagrun for logidata_pipeline_dag to None, run_after=None
[2026-04-20T21:26:59.354+0000] {processor.py:183} INFO - Processing /opt/airflow/dags/logidata_pipeline_dag.py took 0.221 seconds
[2026-04-20T21:27:29.949+0000] {processor.py:161} INFO - Started process (PID=757) to work on /opt/airflow/dags/logidata_pipeline_dag.py
[2026-04-20T21:27:29.951+0000] {processor.py:830} INFO - Processing file /opt/airflow/dags/logidata_pipeline_dag.py for tasks to queue
[2026-04-20T21:27:29.953+0000] {logging_mixin.py:188} INFO - [2026-04-20T21:27:29.952+0000] {dagbag.py:538} INFO - Filling up the DagBag from /opt/airflow/dags/logidata_pipeline_dag.py
[2026-04-20T21:27:30.025+0000] {processor.py:840} INFO - DAG(s) 'logidata_pipeline_dag' retrieved from /opt/airflow/dags/logidata_pipeline_dag.py
[2026-04-20T21:27:30.070+0000] {logging_mixin.py:188} INFO - [2026-04-20T21:27:30.070+0000] {dag.py:3036} INFO - Sync 1 DAGs
[2026-04-20T21:27:30.089+0000] {logging_mixin.py:188} INFO - [2026-04-20T21:27:30.089+0000] {dag.py:3823} INFO - Setting next_dagrun for logidata_pipeline_dag to None, run_after=None
[2026-04-20T21:27:30.200+0000] {processor.py:183} INFO - Processing /opt/airflow/dags/logidata_pipeline_dag.py took 0.261 seconds
[2026-04-20T21:28:01.032+0000] {processor.py:161} INFO - Started process (PID=758) to work on /opt/airflow/dags/logidata_pipeline_dag.py
[2026-04-20T21:28:01.034+0000] {processor.py:830} INFO - Processing file /opt/airflow/dags/logidata_pipeline_dag.py for tasks to queue
[2026-04-20T21:28:01.036+0000] {logging_mixin.py:188} INFO - [2026-04-20T21:28:01.035+0000] {dagbag.py:538} INFO - Filling up the DagBag from /opt/airflow/dags/logidata_pipeline_dag.py
[2026-04-20T21:28:01.148+0000] {processor.py:840} INFO - DAG(s) 'logidata_pipeline_dag' retrieved from /opt/airflow/dags/logidata_pipeline_dag.py
[2026-04-20T21:28:01.186+0000] {logging_mixin.py:188} INFO - [2026-04-20T21:28:01.186+0000] {dag.py:3036} INFO - Sync 1 DAGs
[2026-04-20T21:28:01.208+0000] {logging_mixin.py:188} INFO - [2026-04-20T21:28:01.208+0000] {dag.py:3823} INFO - Setting next_dagrun for logidata_pipeline_dag to None, run_after=None
[2026-04-20T21:28:01.405+0000] {processor.py:183} INFO - Processing /opt/airflow/dags/logidata_pipeline_dag.py took 0.379 seconds
[2026-04-20T21:28:31.558+0000] {processor.py:161} INFO - Started process (PID=759) to work on /opt/airflow/dags/logidata_pipeline_dag.py
[2026-04-20T21:28:31.562+0000] {processor.py:830} INFO - Processing file /opt/airflow/dags/logidata_pipeline_dag.py for tasks to queue
[2026-04-20T21:28:31.564+0000] {logging_mixin.py:188} INFO - [2026-04-20T21:28:31.564+0000] {dagbag.py:538} INFO - Filling up the DagBag from /opt/airflow/dags/logidata_pipeline_dag.py
[2026-04-20T21:28:31.674+0000] {processor.py:840} INFO - DAG(s) 'logidata_pipeline_dag' retrieved from /opt/airflow/dags/logidata_pipeline_dag.py
[2026-04-20T21:28:31.724+0000] {logging_mixin.py:188} INFO - [2026-04-20T21:28:31.724+0000] {dag.py:3036} INFO - Sync 1 DAGs
[2026-04-20T21:28:31.743+0000] {logging_mixin.py:188} INFO - [2026-04-20T21:28:31.743+0000] {dag.py:3823} INFO - Setting next_dagrun for logidata_pipeline_dag to None, run_after=None
[2026-04-20T21:28:31.823+0000] {processor.py:183} INFO - Processing /opt/airflow/dags/logidata_pipeline_dag.py took 0.278 seconds
[2026-04-20T21:29:03.055+0000] {processor.py:161} INFO - Started process (PID=760) to work on /opt/airflow/dags/logidata_pipeline_dag.py
[2026-04-20T21:29:03.057+0000] {processor.py:830} INFO - Processing file /opt/airflow/dags/logidata_pipeline_dag.py for tasks to queue
[2026-04-20T21:29:03.059+0000] {logging_mixin.py:188} INFO - [2026-04-20T21:29:03.058+0000] {dagbag.py:538} INFO - Filling up the DagBag from /opt/airflow/dags/logidata_pipeline_dag.py
[2026-04-20T21:29:03.141+0000] {processor.py:840} INFO - DAG(s) 'logidata_pipeline_dag' retrieved from /opt/airflow/dags/logidata_pipeline_dag.py
[2026-04-20T21:29:03.186+0000] {logging_mixin.py:188} INFO - [2026-04-20T21:29:03.186+0000] {dag.py:3036} INFO - Sync 1 DAGs
[2026-04-20T21:29:03.205+0000] {logging_mixin.py:188} INFO - [2026-04-20T21:29:03.205+0000] {dag.py:3823} INFO - Setting next_dagrun for logidata_pipeline_dag to None, run_after=None
[2026-04-20T21:29:03.299+0000] {processor.py:183} INFO - Processing /opt/airflow/dags/logidata_pipeline_dag.py took 0.251 seconds
[2026-04-20T21:29:33.648+0000] {processor.py:161} INFO - Started process (PID=761) to work on /opt/airflow/dags/logidata_pipeline_dag.py
[2026-04-20T21:29:33.650+0000] {processor.py:830} INFO - Processing file /opt/airflow/dags/logidata_pipeline_dag.py for tasks to queue
[2026-04-20T21:29:33.652+0000] {logging_mixin.py:188} INFO - [2026-04-20T21:29:33.651+0000] {dagbag.py:538} INFO - Filling up the DagBag from /opt/airflow/dags/logidata_pipeline_dag.py
[2026-04-20T21:29:33.729+0000] {processor.py:840} INFO - DAG(s) 'logidata_pipeline_dag' retrieved from /opt/airflow/dags/logidata_pipeline_dag.py
[2026-04-20T21:29:33.783+0000] {logging_mixin.py:188} INFO - [2026-04-20T21:29:33.783+0000] {dag.py:3036} INFO - Sync 1 DAGs
[2026-04-20T21:29:33.803+0000] {logging_mixin.py:188} INFO - [2026-04-20T21:29:33.803+0000] {dag.py:3823} INFO - Setting next_dagrun for logidata_pipeline_dag to None, run_after=None
[2026-04-20T21:29:33.897+0000] {processor.py:183} INFO - Processing /opt/airflow/dags/logidata_pipeline_dag.py took 0.256 seconds
[2026-04-20T21:30:04.888+0000] {processor.py:161} INFO - Started process (PID=762) to work on /opt/airflow/dags/logidata_pipeline_dag.py
[2026-04-20T21:30:04.890+0000] {processor.py:830} INFO - Processing file /opt/airflow/dags/logidata_pipeline_dag.py for tasks to queue
[2026-04-20T21:30:04.891+0000] {logging_mixin.py:188} INFO - [2026-04-20T21:30:04.891+0000] {dagbag.py:538} INFO - Filling up the DagBag from /opt/airflow/dags/logidata_pipeline_dag.py
[2026-04-20T21:30:04.979+0000] {processor.py:840} INFO - DAG(s) 'logidata_pipeline_dag' retrieved from /opt/airflow/dags/logidata_pipeline_dag.py
[2026-04-20T21:30:05.029+0000] {logging_mixin.py:188} INFO - [2026-04-20T21:30:05.029+0000] {dag.py:3036} INFO - Sync 1 DAGs
[2026-04-20T21:30:05.045+0000] {logging_mixin.py:188} INFO - [2026-04-20T21:30:05.045+0000] {dag.py:3823} INFO - Setting next_dagrun for logidata_pipeline_dag to None, run_after=None
[2026-04-20T21:30:05.133+0000] {processor.py:183} INFO - Processing /opt/airflow/dags/logidata_pipeline_dag.py took 0.253 seconds
[2026-04-20T21:30:35.259+0000] {processor.py:161} INFO - Started process (PID=763) to work on /opt/airflow/dags/logidata_pipeline_dag.py
[2026-04-20T21:30:35.263+0000] {processor.py:830} INFO - Processing file /opt/airflow/dags/logidata_pipeline_dag.py for tasks to queue
[2026-04-20T21:30:35.266+0000] {logging_mixin.py:188} INFO - [2026-04-20T21:30:35.265+0000] {dagbag.py:538} INFO - Filling up the DagBag from /opt/airflow/dags/logidata_pipeline_dag.py
[2026-04-20T21:30:35.347+0000] {processor.py:840} INFO - DAG(s) 'logidata_pipeline_dag' retrieved from /opt/airflow/dags/logidata_pipeline_dag.py
[2026-04-20T21:30:35.392+0000] {logging_mixin.py:188} INFO - [2026-04-20T21:30:35.392+0000] {dag.py:3036} INFO - Sync 1 DAGs
[2026-04-20T21:30:35.409+0000] {logging_mixin.py:188} INFO - [2026-04-20T21:30:35.409+0000] {dag.py:3823} INFO - Setting next_dagrun for logidata_pipeline_dag to None, run_after=None
[2026-04-20T21:30:35.558+0000] {processor.py:183} INFO - Processing /opt/airflow/dags/logidata_pipeline_dag.py took 0.307 seconds
[2026-04-20T21:31:06.278+0000] {processor.py:161} INFO - Started process (PID=764) to work on /opt/airflow/dags/logidata_pipeline_dag.py
[2026-04-20T21:31:06.281+0000] {processor.py:830} INFO - Processing file /opt/airflow/dags/logidata_pipeline_dag.py for tasks to queue
[2026-04-20T21:31:06.283+0000] {logging_mixin.py:188} INFO - [2026-04-20T21:31:06.282+0000] {dagbag.py:538} INFO - Filling up the DagBag from /opt/airflow/dags/logidata_pipeline_dag.py
[2026-04-20T21:31:06.372+0000] {processor.py:840} INFO - DAG(s) 'logidata_pipeline_dag' retrieved from /opt/airflow/dags/logidata_pipeline_dag.py
[2026-04-20T21:31:06.426+0000] {logging_mixin.py:188} INFO - [2026-04-20T21:31:06.425+0000] {dag.py:3036} INFO - Sync 1 DAGs
[2026-04-20T21:31:06.454+0000] {logging_mixin.py:188} INFO - [2026-04-20T21:31:06.454+0000] {dag.py:3823} INFO - Setting next_dagrun for logidata_pipeline_dag to None, run_after=None
[2026-04-20T21:31:06.617+0000] {processor.py:183} INFO - Processing /opt/airflow/dags/logidata_pipeline_dag.py took 0.344 seconds
[2026-04-20T21:31:37.657+0000] {processor.py:161} INFO - Started process (PID=765) to work on /opt/airflow/dags/logidata_pipeline_dag.py
[2026-04-20T21:31:37.659+0000] {processor.py:830} INFO - Processing file /opt/airflow/dags/logidata_pipeline_dag.py for tasks to queue
[2026-04-20T21:31:37.661+0000] {logging_mixin.py:188} INFO - [2026-04-20T21:31:37.660+0000] {dagbag.py:538} INFO - Filling up the DagBag from /opt/airflow/dags/logidata_pipeline_dag.py
[2026-04-20T21:31:37.735+0000] {processor.py:840} INFO - DAG(s) 'logidata_pipeline_dag' retrieved from /opt/airflow/dags/logidata_pipeline_dag.py
[2026-04-20T21:31:37.788+0000] {logging_mixin.py:188} INFO - [2026-04-20T21:31:37.787+0000] {dag.py:3036} INFO - Sync 1 DAGs
[2026-04-20T21:31:37.806+0000] {logging_mixin.py:188} INFO - [2026-04-20T21:31:37.805+0000] {dag.py:3823} INFO - Setting next_dagrun for logidata_pipeline_dag to None, run_after=None
[2026-04-20T21:31:37.886+0000] {processor.py:183} INFO - Processing /opt/airflow/dags/logidata_pipeline_dag.py took 0.239 seconds
[2026-04-20T21:32:09.054+0000] {processor.py:161} INFO - Started process (PID=766) to work on /opt/airflow/dags/logidata_pipeline_dag.py
[2026-04-20T21:32:09.056+0000] {processor.py:830} INFO - Processing file /opt/airflow/dags/logidata_pipeline_dag.py for tasks to queue
[2026-04-20T21:32:09.057+0000] {logging_mixin.py:188} INFO - [2026-04-20T21:32:09.057+0000] {dagbag.py:538} INFO - Filling up the DagBag from /opt/airflow/dags/logidata_pipeline_dag.py
[2026-04-20T21:32:09.152+0000] {processor.py:840} INFO - DAG(s) 'logidata_pipeline_dag' retrieved from /opt/airflow/dags/logidata_pipeline_dag.py
[2026-04-20T21:32:09.200+0000] {logging_mixin.py:188} INFO - [2026-04-20T21:32:09.199+0000] {dag.py:3036} INFO - Sync 1 DAGs
[2026-04-20T21:32:09.217+0000] {logging_mixin.py:188} INFO - [2026-04-20T21:32:09.217+0000] {dag.py:3823} INFO - Setting next_dagrun for logidata_pipeline_dag to None, run_after=None
[2026-04-20T21:32:09.290+0000] {processor.py:183} INFO - Processing /opt/airflow/dags/logidata_pipeline_dag.py took 0.243 seconds
[2026-04-20T21:32:40.003+0000] {processor.py:161} INFO - Started process (PID=767) to work on /opt/airflow/dags/logidata_pipeline_dag.py
[2026-04-20T21:32:40.006+0000] {processor.py:830} INFO - Processing file /opt/airflow/dags/logidata_pipeline_dag.py for tasks to queue
[2026-04-20T21:32:40.008+0000] {logging_mixin.py:188} INFO - [2026-04-20T21:32:40.007+0000] {dagbag.py:538} INFO - Filling up the DagBag from /opt/airflow/dags/logidata_pipeline_dag.py
[2026-04-20T21:32:40.122+0000] {processor.py:840} INFO - DAG(s) 'logidata_pipeline_dag' retrieved from /opt/airflow/dags/logidata_pipeline_dag.py
[2026-04-20T21:32:40.199+0000] {logging_mixin.py:188} INFO - [2026-04-20T21:32:40.198+0000] {dag.py:3036} INFO - Sync 1 DAGs
[2026-04-20T21:32:40.223+0000] {logging_mixin.py:188} INFO - [2026-04-20T21:32:40.223+0000] {dag.py:3823} INFO - Setting next_dagrun for logidata_pipeline_dag to None, run_after=None
[2026-04-20T21:32:40.280+0000] {processor.py:183} INFO - Processing /opt/airflow/dags/logidata_pipeline_dag.py took 0.289 seconds
[2026-04-20T21:33:10.883+0000] {processor.py:161} INFO - Started process (PID=768) to work on /opt/airflow/dags/logidata_pipeline_dag.py
[2026-04-20T21:33:10.888+0000] {processor.py:830} INFO - Processing file /opt/airflow/dags/logidata_pipeline_dag.py for tasks to queue
[2026-04-20T21:33:10.890+0000] {logging_mixin.py:188} INFO - [2026-04-20T21:33:10.889+0000] {dagbag.py:538} INFO - Filling up the DagBag from /opt/airflow/dags/logidata_pipeline_dag.py
[2026-04-20T21:33:10.987+0000] {processor.py:840} INFO - DAG(s) 'logidata_pipeline_dag' retrieved from /opt/airflow/dags/logidata_pipeline_dag.py
[2026-04-20T21:33:11.029+0000] {logging_mixin.py:188} INFO - [2026-04-20T21:33:11.029+0000] {dag.py:3036} INFO - Sync 1 DAGs
[2026-04-20T21:33:11.046+0000] {logging_mixin.py:188} INFO - [2026-04-20T21:33:11.045+0000] {dag.py:3823} INFO - Setting next_dagrun for logidata_pipeline_dag to None, run_after=None
[2026-04-20T21:33:11.111+0000] {processor.py:183} INFO - Processing /opt/airflow/dags/logidata_pipeline_dag.py took 0.237 seconds
[2026-04-20T21:33:42.309+0000] {processor.py:161} INFO - Started process (PID=769) to work on /opt/airflow/dags/logidata_pipeline_dag.py
[2026-04-20T21:33:42.312+0000] {processor.py:830} INFO - Processing file /opt/airflow/dags/logidata_pipeline_dag.py for tasks to queue
[2026-04-20T21:33:42.315+0000] {logging_mixin.py:188} INFO - [2026-04-20T21:33:42.314+0000] {dagbag.py:538} INFO - Filling up the DagBag from /opt/airflow/dags/logidata_pipeline_dag.py
[2026-04-20T21:33:42.470+0000] {processor.py:840} INFO - DAG(s) 'logidata_pipeline_dag' retrieved from /opt/airflow/dags/logidata_pipeline_dag.py
[2026-04-20T21:33:42.553+0000] {logging_mixin.py:188} INFO - [2026-04-20T21:33:42.553+0000] {dag.py:3036} INFO - Sync 1 DAGs
[2026-04-20T21:33:42.592+0000] {logging_mixin.py:188} INFO - [2026-04-20T21:33:42.591+0000] {dag.py:3823} INFO - Setting next_dagrun for logidata_pipeline_dag to None, run_after=None
[2026-04-20T21:33:42.808+0000] {processor.py:183} INFO - Processing /opt/airflow/dags/logidata_pipeline_dag.py took 0.514 seconds
[2026-04-20T21:34:13.956+0000] {processor.py:161} INFO - Started process (PID=770) to work on /opt/airflow/dags/logidata_pipeline_dag.py
[2026-04-20T21:34:13.958+0000] {processor.py:830} INFO - Processing file /opt/airflow/dags/logidata_pipeline_dag.py for tasks to queue
[2026-04-20T21:34:13.960+0000] {logging_mixin.py:188} INFO - [2026-04-20T21:34:13.959+0000] {dagbag.py:538} INFO - Filling up the DagBag from /opt/airflow/dags/logidata_pipeline_dag.py
[2026-04-20T21:34:14.078+0000] {processor.py:840} INFO - DAG(s) 'logidata_pipeline_dag' retrieved from /opt/airflow/dags/logidata_pipeline_dag.py
[2026-04-20T21:34:14.127+0000] {logging_mixin.py:188} INFO - [2026-04-20T21:34:14.127+0000] {dag.py:3036} INFO - Sync 1 DAGs
[2026-04-20T21:34:14.148+0000] {logging_mixin.py:188} INFO - [2026-04-20T21:34:14.148+0000] {dag.py:3823} INFO - Setting next_dagrun for logidata_pipeline_dag to None, run_after=None
[2026-04-20T21:34:14.222+0000] {processor.py:183} INFO - Processing /opt/airflow/dags/logidata_pipeline_dag.py took 0.272 seconds
[2026-04-20T21:34:44.454+0000] {processor.py:161} INFO - Started process (PID=771) to work on /opt/airflow/dags/logidata_pipeline_dag.py
[2026-04-20T21:34:44.459+0000] {processor.py:830} INFO - Processing file /opt/airflow/dags/logidata_pipeline_dag.py for tasks to queue
[2026-04-20T21:34:44.466+0000] {logging_mixin.py:188} INFO - [2026-04-20T21:34:44.463+0000] {dagbag.py:538} INFO - Filling up the DagBag from /opt/airflow/dags/logidata_pipeline_dag.py
[2026-04-20T21:34:44.581+0000] {processor.py:840} INFO - DAG(s) 'logidata_pipeline_dag' retrieved from /opt/airflow/dags/logidata_pipeline_dag.py
[2026-04-20T21:34:44.639+0000] {logging_mixin.py:188} INFO - [2026-04-20T21:34:44.639+0000] {dag.py:3036} INFO - Sync 1 DAGs
[2026-04-20T21:34:44.669+0000] {logging_mixin.py:188} INFO - [2026-04-20T21:34:44.669+0000] {dag.py:3823} INFO - Setting next_dagrun for logidata_pipeline_dag to None, run_after=None
[2026-04-20T21:34:44.860+0000] {processor.py:183} INFO - Processing /opt/airflow/dags/logidata_pipeline_dag.py took 0.411 seconds
[2026-04-20T21:35:15.262+0000] {processor.py:161} INFO - Started process (PID=772) to work on /opt/airflow/dags/logidata_pipeline_dag.py
[2026-04-20T21:35:15.264+0000] {processor.py:830} INFO - Processing file /opt/airflow/dags/logidata_pipeline_dag.py for tasks to queue
[2026-04-20T21:35:15.266+0000] {logging_mixin.py:188} INFO - [2026-04-20T21:35:15.266+0000] {dagbag.py:538} INFO - Filling up the DagBag from /opt/airflow/dags/logidata_pipeline_dag.py
[2026-04-20T21:35:15.347+0000] {processor.py:840} INFO - DAG(s) 'logidata_pipeline_dag' retrieved from /opt/airflow/dags/logidata_pipeline_dag.py
[2026-04-20T21:35:15.392+0000] {logging_mixin.py:188} INFO - [2026-04-20T21:35:15.392+0000] {dag.py:3036} INFO - Sync 1 DAGs
[2026-04-20T21:35:15.424+0000] {logging_mixin.py:188} INFO - [2026-04-20T21:35:15.424+0000] {dag.py:3823} INFO - Setting next_dagrun for logidata_pipeline_dag to None, run_after=None
[2026-04-20T21:35:15.530+0000] {processor.py:183} INFO - Processing /opt/airflow/dags/logidata_pipeline_dag.py took 0.271 seconds
[2026-04-20T21:35:47.496+0000] {processor.py:161} INFO - Started process (PID=783) to work on /opt/airflow/dags/logidata_pipeline_dag.py
[2026-04-20T21:35:47.497+0000] {processor.py:830} INFO - Processing file /opt/airflow/dags/logidata_pipeline_dag.py for tasks to queue
[2026-04-20T21:35:47.498+0000] {logging_mixin.py:188} INFO - [2026-04-20T21:35:47.498+0000] {dagbag.py:538} INFO - Filling up the DagBag from /opt/airflow/dags/logidata_pipeline_dag.py
[2026-04-20T21:35:47.596+0000] {processor.py:840} INFO - DAG(s) 'logidata_pipeline_dag' retrieved from /opt/airflow/dags/logidata_pipeline_dag.py
[2026-04-20T21:35:47.634+0000] {logging_mixin.py:188} INFO - [2026-04-20T21:35:47.633+0000] {dag.py:3036} INFO - Sync 1 DAGs
[2026-04-20T21:35:47.649+0000] {logging_mixin.py:188} INFO - [2026-04-20T21:35:47.648+0000] {dag.py:3823} INFO - Setting next_dagrun for logidata_pipeline_dag to None, run_after=None
[2026-04-20T21:35:47.724+0000] {processor.py:183} INFO - Processing /opt/airflow/dags/logidata_pipeline_dag.py took 0.232 seconds
[2026-04-20T21:41:34.068+0000] {processor.py:161} INFO - Started process (PID=805) to work on /opt/airflow/dags/logidata_pipeline_dag.py
[2026-04-20T21:41:34.071+0000] {processor.py:830} INFO - Processing file /opt/airflow/dags/logidata_pipeline_dag.py for tasks to queue
[2026-04-20T21:41:34.073+0000] {logging_mixin.py:188} INFO - [2026-04-20T21:41:34.072+0000] {dagbag.py:538} INFO - Filling up the DagBag from /opt/airflow/dags/logidata_pipeline_dag.py
[2026-04-20T21:41:34.219+0000] {processor.py:840} INFO - DAG(s) 'logidata_pipeline_dag' retrieved from /opt/airflow/dags/logidata_pipeline_dag.py
[2026-04-20T21:41:34.277+0000] {logging_mixin.py:188} INFO - [2026-04-20T21:41:34.277+0000] {dag.py:3036} INFO - Sync 1 DAGs
[2026-04-20T21:41:34.296+0000] {logging_mixin.py:188} INFO - [2026-04-20T21:41:34.295+0000] {dag.py:3823} INFO - Setting next_dagrun for logidata_pipeline_dag to None, run_after=None
[2026-04-20T21:41:34.395+0000] {processor.py:183} INFO - Processing /opt/airflow/dags/logidata_pipeline_dag.py took 0.331 seconds
[2026-04-20T21:42:04.558+0000] {processor.py:161} INFO - Started process (PID=806) to work on /opt/airflow/dags/logidata_pipeline_dag.py
[2026-04-20T21:42:04.559+0000] {processor.py:830} INFO - Processing file /opt/airflow/dags/logidata_pipeline_dag.py for tasks to queue
[2026-04-20T21:42:04.561+0000] {logging_mixin.py:188} INFO - [2026-04-20T21:42:04.561+0000] {dagbag.py:538} INFO - Filling up the DagBag from /opt/airflow/dags/logidata_pipeline_dag.py
[2026-04-20T21:42:04.643+0000] {processor.py:840} INFO - DAG(s) 'logidata_pipeline_dag' retrieved from /opt/airflow/dags/logidata_pipeline_dag.py
[2026-04-20T21:42:04.687+0000] {logging_mixin.py:188} INFO - [2026-04-20T21:42:04.687+0000] {dag.py:3036} INFO - Sync 1 DAGs
[2026-04-20T21:42:04.706+0000] {logging_mixin.py:188} INFO - [2026-04-20T21:42:04.706+0000] {dag.py:3823} INFO - Setting next_dagrun for logidata_pipeline_dag to None, run_after=None
[2026-04-20T21:42:04.885+0000] {processor.py:183} INFO - Processing /opt/airflow/dags/logidata_pipeline_dag.py took 0.333 seconds
[2026-04-20T21:42:35.163+0000] {processor.py:161} INFO - Started process (PID=807) to work on /opt/airflow/dags/logidata_pipeline_dag.py
[2026-04-20T21:42:35.165+0000] {processor.py:830} INFO - Processing file /opt/airflow/dags/logidata_pipeline_dag.py for tasks to queue
[2026-04-20T21:42:35.167+0000] {logging_mixin.py:188} INFO - [2026-04-20T21:42:35.166+0000] {dagbag.py:538} INFO - Filling up the DagBag from /opt/airflow/dags/logidata_pipeline_dag.py
[2026-04-20T21:42:35.246+0000] {processor.py:840} INFO - DAG(s) 'logidata_pipeline_dag' retrieved from /opt/airflow/dags/logidata_pipeline_dag.py
[2026-04-20T21:42:35.292+0000] {logging_mixin.py:188} INFO - [2026-04-20T21:42:35.292+0000] {dag.py:3036} INFO - Sync 1 DAGs
[2026-04-20T21:42:35.309+0000] {logging_mixin.py:188} INFO - [2026-04-20T21:42:35.309+0000] {dag.py:3823} INFO - Setting next_dagrun for logidata_pipeline_dag to None, run_after=None
[2026-04-20T21:42:35.465+0000] {processor.py:183} INFO - Processing /opt/airflow/dags/logidata_pipeline_dag.py took 0.305 seconds
[2026-04-20T21:43:05.593+0000] {processor.py:161} INFO - Started process (PID=808) to work on /opt/airflow/dags/logidata_pipeline_dag.py
[2026-04-20T21:43:05.596+0000] {processor.py:830} INFO - Processing file /opt/airflow/dags/logidata_pipeline_dag.py for tasks to queue
[2026-04-20T21:43:05.597+0000] {logging_mixin.py:188} INFO - [2026-04-20T21:43:05.597+0000] {dagbag.py:538} INFO - Filling up the DagBag from /opt/airflow/dags/logidata_pipeline_dag.py
[2026-04-20T21:43:05.673+0000] {processor.py:840} INFO - DAG(s) 'logidata_pipeline_dag' retrieved from /opt/airflow/dags/logidata_pipeline_dag.py
[2026-04-20T21:43:05.719+0000] {logging_mixin.py:188} INFO - [2026-04-20T21:43:05.719+0000] {dag.py:3036} INFO - Sync 1 DAGs
[2026-04-20T21:43:05.736+0000] {logging_mixin.py:188} INFO - [2026-04-20T21:43:05.736+0000] {dag.py:3823} INFO - Setting next_dagrun for logidata_pipeline_dag to None, run_after=None
[2026-04-20T21:43:05.815+0000] {processor.py:183} INFO - Processing /opt/airflow/dags/logidata_pipeline_dag.py took 0.226 seconds
[2026-04-20T21:43:35.936+0000] {processor.py:161} INFO - Started process (PID=809) to work on /opt/airflow/dags/logidata_pipeline_dag.py
[2026-04-20T21:43:35.937+0000] {processor.py:830} INFO - Processing file /opt/airflow/dags/logidata_pipeline_dag.py for tasks to queue
[2026-04-20T21:43:35.939+0000] {logging_mixin.py:188} INFO - [2026-04-20T21:43:35.938+0000] {dagbag.py:538} INFO - Filling up the DagBag from /opt/airflow/dags/logidata_pipeline_dag.py
[2026-04-20T21:43:36.029+0000] {processor.py:840} INFO - DAG(s) 'logidata_pipeline_dag' retrieved from /opt/airflow/dags/logidata_pipeline_dag.py
[2026-04-20T21:43:36.075+0000] {logging_mixin.py:188} INFO - [2026-04-20T21:43:36.075+0000] {dag.py:3036} INFO - Sync 1 DAGs
[2026-04-20T21:43:36.092+0000] {logging_mixin.py:188} INFO - [2026-04-20T21:43:36.092+0000] {dag.py:3823} INFO - Setting next_dagrun for logidata_pipeline_dag to None, run_after=None
[2026-04-20T21:43:36.169+0000] {processor.py:183} INFO - Processing /opt/airflow/dags/logidata_pipeline_dag.py took 0.240 seconds
[2026-04-20T21:44:06.819+0000] {processor.py:161} INFO - Started process (PID=810) to work on /opt/airflow/dags/logidata_pipeline_dag.py
[2026-04-20T21:44:06.821+0000] {processor.py:830} INFO - Processing file /opt/airflow/dags/logidata_pipeline_dag.py for tasks to queue
[2026-04-20T21:44:06.822+0000] {logging_mixin.py:188} INFO - [2026-04-20T21:44:06.822+0000] {dagbag.py:538} INFO - Filling up the DagBag from /opt/airflow/dags/logidata_pipeline_dag.py
[2026-04-20T21:44:06.932+0000] {processor.py:840} INFO - DAG(s) 'logidata_pipeline_dag' retrieved from /opt/airflow/dags/logidata_pipeline_dag.py
[2026-04-20T21:44:06.987+0000] {logging_mixin.py:188} INFO - [2026-04-20T21:44:06.987+0000] {dag.py:3036} INFO - Sync 1 DAGs
[2026-04-20T21:44:07.003+0000] {logging_mixin.py:188} INFO - [2026-04-20T21:44:07.003+0000] {dag.py:3823} INFO - Setting next_dagrun for logidata_pipeline_dag to None, run_after=None
[2026-04-20T21:44:07.133+0000] {processor.py:183} INFO - Processing /opt/airflow/dags/logidata_pipeline_dag.py took 0.317 seconds
[2026-04-20T21:44:37.978+0000] {processor.py:161} INFO - Started process (PID=811) to work on /opt/airflow/dags/logidata_pipeline_dag.py
[2026-04-20T21:44:37.979+0000] {processor.py:830} INFO - Processing file /opt/airflow/dags/logidata_pipeline_dag.py for tasks to queue
[2026-04-20T21:44:37.981+0000] {logging_mixin.py:188} INFO - [2026-04-20T21:44:37.981+0000] {dagbag.py:538} INFO - Filling up the DagBag from /opt/airflow/dags/logidata_pipeline_dag.py
[2026-04-20T21:44:38.056+0000] {processor.py:840} INFO - DAG(s) 'logidata_pipeline_dag' retrieved from /opt/airflow/dags/logidata_pipeline_dag.py
[2026-04-20T21:44:38.111+0000] {logging_mixin.py:188} INFO - [2026-04-20T21:44:38.111+0000] {dag.py:3036} INFO - Sync 1 DAGs
[2026-04-20T21:44:38.133+0000] {logging_mixin.py:188} INFO - [2026-04-20T21:44:38.132+0000] {dag.py:3823} INFO - Setting next_dagrun for logidata_pipeline_dag to None, run_after=None
[2026-04-20T21:44:38.290+0000] {processor.py:183} INFO - Processing /opt/airflow/dags/logidata_pipeline_dag.py took 0.320 seconds
[2026-04-20T21:45:08.978+0000] {processor.py:161} INFO - Started process (PID=812) to work on /opt/airflow/dags/logidata_pipeline_dag.py
[2026-04-20T21:45:08.980+0000] {processor.py:830} INFO - Processing file /opt/airflow/dags/logidata_pipeline_dag.py for tasks to queue
[2026-04-20T21:45:08.981+0000] {logging_mixin.py:188} INFO - [2026-04-20T21:45:08.981+0000] {dagbag.py:538} INFO - Filling up the DagBag from /opt/airflow/dags/logidata_pipeline_dag.py
[2026-04-20T21:45:09.060+0000] {processor.py:840} INFO - DAG(s) 'logidata_pipeline_dag' retrieved from /opt/airflow/dags/logidata_pipeline_dag.py
[2026-04-20T21:45:09.099+0000] {logging_mixin.py:188} INFO - [2026-04-20T21:45:09.098+0000] {dag.py:3036} INFO - Sync 1 DAGs
[2026-04-20T21:45:09.114+0000] {logging_mixin.py:188} INFO - [2026-04-20T21:45:09.114+0000] {dag.py:3823} INFO - Setting next_dagrun for logidata_pipeline_dag to None, run_after=None
[2026-04-20T21:45:09.205+0000] {processor.py:183} INFO - Processing /opt/airflow/dags/logidata_pipeline_dag.py took 0.235 seconds
[2026-04-20T21:45:40.359+0000] {processor.py:161} INFO - Started process (PID=813) to work on /opt/airflow/dags/logidata_pipeline_dag.py
[2026-04-20T21:45:40.361+0000] {processor.py:830} INFO - Processing file /opt/airflow/dags/logidata_pipeline_dag.py for tasks to queue
[2026-04-20T21:45:40.362+0000] {logging_mixin.py:188} INFO - [2026-04-20T21:45:40.361+0000] {dagbag.py:538} INFO - Filling up the DagBag from /opt/airflow/dags/logidata_pipeline_dag.py
[2026-04-20T21:45:40.441+0000] {processor.py:840} INFO - DAG(s) 'logidata_pipeline_dag' retrieved from /opt/airflow/dags/logidata_pipeline_dag.py
[2026-04-20T21:45:40.497+0000] {logging_mixin.py:188} INFO - [2026-04-20T21:45:40.497+0000] {dag.py:3036} INFO - Sync 1 DAGs
[2026-04-20T21:45:40.516+0000] {logging_mixin.py:188} INFO - [2026-04-20T21:45:40.516+0000] {dag.py:3823} INFO - Setting next_dagrun for logidata_pipeline_dag to None, run_after=None
[2026-04-20T21:45:40.615+0000] {processor.py:183} INFO - Processing /opt/airflow/dags/logidata_pipeline_dag.py took 0.264 seconds
[2026-04-20T21:46:11.596+0000] {processor.py:161} INFO - Started process (PID=814) to work on /opt/airflow/dags/logidata_pipeline_dag.py
[2026-04-20T21:46:11.598+0000] {processor.py:830} INFO - Processing file /opt/airflow/dags/logidata_pipeline_dag.py for tasks to queue
[2026-04-20T21:46:11.600+0000] {logging_mixin.py:188} INFO - [2026-04-20T21:46:11.599+0000] {dagbag.py:538} INFO - Filling up the DagBag from /opt/airflow/dags/logidata_pipeline_dag.py
[2026-04-20T21:46:11.685+0000] {processor.py:840} INFO - DAG(s) 'logidata_pipeline_dag' retrieved from /opt/airflow/dags/logidata_pipeline_dag.py
[2026-04-20T21:46:11.759+0000] {logging_mixin.py:188} INFO - [2026-04-20T21:46:11.758+0000] {dag.py:3036} INFO - Sync 1 DAGs
[2026-04-20T21:46:11.787+0000] {logging_mixin.py:188} INFO - [2026-04-20T21:46:11.787+0000] {dag.py:3823} INFO - Setting next_dagrun for logidata_pipeline_dag to None, run_after=None
[2026-04-20T21:46:11.903+0000] {processor.py:183} INFO - Processing /opt/airflow/dags/logidata_pipeline_dag.py took 0.310 seconds
[2026-04-20T21:46:42.121+0000] {processor.py:161} INFO - Started process (PID=815) to work on /opt/airflow/dags/logidata_pipeline_dag.py
[2026-04-20T21:46:42.123+0000] {processor.py:830} INFO - Processing file /opt/airflow/dags/logidata_pipeline_dag.py for tasks to queue
[2026-04-20T21:46:42.124+0000] {logging_mixin.py:188} INFO - [2026-04-20T21:46:42.124+0000] {dagbag.py:538} INFO - Filling up the DagBag from /opt/airflow/dags/logidata_pipeline_dag.py
[2026-04-20T21:46:42.218+0000] {processor.py:840} INFO - DAG(s) 'logidata_pipeline_dag' retrieved from /opt/airflow/dags/logidata_pipeline_dag.py
[2026-04-20T21:46:42.270+0000] {logging_mixin.py:188} INFO - [2026-04-20T21:46:42.270+0000] {dag.py:3036} INFO - Sync 1 DAGs
[2026-04-20T21:46:42.294+0000] {logging_mixin.py:188} INFO - [2026-04-20T21:46:42.294+0000] {dag.py:3823} INFO - Setting next_dagrun for logidata_pipeline_dag to None, run_after=None
[2026-04-20T21:46:42.421+0000] {processor.py:183} INFO - Processing /opt/airflow/dags/logidata_pipeline_dag.py took 0.303 seconds
[2026-04-20T21:47:13.505+0000] {processor.py:161} INFO - Started process (PID=816) to work on /opt/airflow/dags/logidata_pipeline_dag.py
[2026-04-20T21:47:13.509+0000] {processor.py:830} INFO - Processing file /opt/airflow/dags/logidata_pipeline_dag.py for tasks to queue
[2026-04-20T21:47:13.512+0000] {logging_mixin.py:188} INFO - [2026-04-20T21:47:13.511+0000] {dagbag.py:538} INFO - Filling up the DagBag from /opt/airflow/dags/logidata_pipeline_dag.py
[2026-04-20T21:47:13.601+0000] {processor.py:840} INFO - DAG(s) 'logidata_pipeline_dag' retrieved from /opt/airflow/dags/logidata_pipeline_dag.py
[2026-04-20T21:47:13.642+0000] {logging_mixin.py:188} INFO - [2026-04-20T21:47:13.641+0000] {dag.py:3036} INFO - Sync 1 DAGs
[2026-04-20T21:47:13.657+0000] {logging_mixin.py:188} INFO - [2026-04-20T21:47:13.657+0000] {dag.py:3823} INFO - Setting next_dagrun for logidata_pipeline_dag to None, run_after=None
[2026-04-20T21:47:13.804+0000] {processor.py:183} INFO - Processing /opt/airflow/dags/logidata_pipeline_dag.py took 0.311 seconds
[2026-04-20T21:47:44.765+0000] {processor.py:161} INFO - Started process (PID=817) to work on /opt/airflow/dags/logidata_pipeline_dag.py
[2026-04-20T21:47:44.768+0000] {processor.py:830} INFO - Processing file /opt/airflow/dags/logidata_pipeline_dag.py for tasks to queue
[2026-04-20T21:47:44.769+0000] {logging_mixin.py:188} INFO - [2026-04-20T21:47:44.769+0000] {dagbag.py:538} INFO - Filling up the DagBag from /opt/airflow/dags/logidata_pipeline_dag.py
[2026-04-20T21:47:44.833+0000] {processor.py:840} INFO - DAG(s) 'logidata_pipeline_dag' retrieved from /opt/airflow/dags/logidata_pipeline_dag.py
[2026-04-20T21:47:44.875+0000] {logging_mixin.py:188} INFO - [2026-04-20T21:47:44.875+0000] {dag.py:3036} INFO - Sync 1 DAGs
[2026-04-20T21:47:44.894+0000] {logging_mixin.py:188} INFO - [2026-04-20T21:47:44.893+0000] {dag.py:3823} INFO - Setting next_dagrun for logidata_pipeline_dag to None, run_after=None
[2026-04-20T21:47:44.968+0000] {processor.py:183} INFO - Processing /opt/airflow/dags/logidata_pipeline_dag.py took 0.209 seconds
[2026-04-20T21:52:04.834+0000] {processor.py:161} INFO - Started process (PID=849) to work on /opt/airflow/dags/logidata_pipeline_dag.py
[2026-04-20T21:52:04.836+0000] {processor.py:830} INFO - Processing file /opt/airflow/dags/logidata_pipeline_dag.py for tasks to queue
[2026-04-20T21:52:04.837+0000] {logging_mixin.py:188} INFO - [2026-04-20T21:52:04.836+0000] {dagbag.py:538} INFO - Filling up the DagBag from /opt/airflow/dags/logidata_pipeline_dag.py
[2026-04-20T21:52:04.903+0000] {processor.py:840} INFO - DAG(s) 'logidata_pipeline_dag' retrieved from /opt/airflow/dags/logidata_pipeline_dag.py
[2026-04-20T21:52:04.952+0000] {logging_mixin.py:188} INFO - [2026-04-20T21:52:04.952+0000] {dag.py:3036} INFO - Sync 1 DAGs
[2026-04-20T21:52:04.969+0000] {logging_mixin.py:188} INFO - [2026-04-20T21:52:04.969+0000] {dag.py:3823} INFO - Setting next_dagrun for logidata_pipeline_dag to None, run_after=None
[2026-04-20T21:52:05.043+0000] {processor.py:183} INFO - Processing /opt/airflow/dags/logidata_pipeline_dag.py took 0.212 seconds
[2026-04-20T21:53:55.162+0000] {processor.py:161} INFO - Started process (PID=861) to work on /opt/airflow/dags/logidata_pipeline_dag.py
[2026-04-20T21:53:55.164+0000] {processor.py:830} INFO - Processing file /opt/airflow/dags/logidata_pipeline_dag.py for tasks to queue
[2026-04-20T21:53:55.165+0000] {logging_mixin.py:188} INFO - [2026-04-20T21:53:55.165+0000] {dagbag.py:538} INFO - Filling up the DagBag from /opt/airflow/dags/logidata_pipeline_dag.py
[2026-04-20T21:53:55.227+0000] {processor.py:840} INFO - DAG(s) 'logidata_pipeline_dag' retrieved from /opt/airflow/dags/logidata_pipeline_dag.py
[2026-04-20T21:53:55.261+0000] {logging_mixin.py:188} INFO - [2026-04-20T21:53:55.260+0000] {dag.py:3036} INFO - Sync 1 DAGs
[2026-04-20T21:53:55.277+0000] {logging_mixin.py:188} INFO - [2026-04-20T21:53:55.277+0000] {dag.py:3823} INFO - Setting next_dagrun for logidata_pipeline_dag to None, run_after=None
[2026-04-20T21:53:55.332+0000] {processor.py:183} INFO - Processing /opt/airflow/dags/logidata_pipeline_dag.py took 0.172 seconds
[2026-04-20T21:55:06.150+0000] {processor.py:161} INFO - Started process (PID=873) to work on /opt/airflow/dags/logidata_pipeline_dag.py
[2026-04-20T21:55:06.151+0000] {processor.py:830} INFO - Processing file /opt/airflow/dags/logidata_pipeline_dag.py for tasks to queue
[2026-04-20T21:55:06.152+0000] {logging_mixin.py:188} INFO - [2026-04-20T21:55:06.152+0000] {dagbag.py:538} INFO - Filling up the DagBag from /opt/airflow/dags/logidata_pipeline_dag.py
[2026-04-20T21:55:06.219+0000] {processor.py:840} INFO - DAG(s) 'logidata_pipeline_dag' retrieved from /opt/airflow/dags/logidata_pipeline_dag.py
[2026-04-20T21:55:06.261+0000] {logging_mixin.py:188} INFO - [2026-04-20T21:55:06.261+0000] {dag.py:3036} INFO - Sync 1 DAGs
[2026-04-20T21:55:06.276+0000] {logging_mixin.py:188} INFO - [2026-04-20T21:55:06.276+0000] {dag.py:3823} INFO - Setting next_dagrun for logidata_pipeline_dag to None, run_after=None
[2026-04-20T21:55:06.343+0000] {processor.py:183} INFO - Processing /opt/airflow/dags/logidata_pipeline_dag.py took 0.196 seconds
[2026-04-20T21:55:47.195+0000] {processor.py:161} INFO - Started process (PID=894) to work on /opt/airflow/dags/logidata_pipeline_dag.py
[2026-04-20T21:55:47.199+0000] {processor.py:830} INFO - Processing file /opt/airflow/dags/logidata_pipeline_dag.py for tasks to queue
[2026-04-20T21:55:47.202+0000] {logging_mixin.py:188} INFO - [2026-04-20T21:55:47.201+0000] {dagbag.py:538} INFO - Filling up the DagBag from /opt/airflow/dags/logidata_pipeline_dag.py
[2026-04-20T21:55:47.325+0000] {processor.py:840} INFO - DAG(s) 'logidata_pipeline_dag' retrieved from /opt/airflow/dags/logidata_pipeline_dag.py
[2026-04-20T21:55:47.387+0000] {logging_mixin.py:188} INFO - [2026-04-20T21:55:47.387+0000] {dag.py:3036} INFO - Sync 1 DAGs
[2026-04-20T21:55:47.408+0000] {logging_mixin.py:188} INFO - [2026-04-20T21:55:47.408+0000] {dag.py:3823} INFO - Setting next_dagrun for logidata_pipeline_dag to None, run_after=None
[2026-04-20T21:55:47.575+0000] {processor.py:183} INFO - Processing /opt/airflow/dags/logidata_pipeline_dag.py took 0.388 seconds
[2026-04-20T21:56:18.426+0000] {processor.py:161} INFO - Started process (PID=905) to work on /opt/airflow/dags/logidata_pipeline_dag.py
[2026-04-20T21:56:18.429+0000] {processor.py:830} INFO - Processing file /opt/airflow/dags/logidata_pipeline_dag.py for tasks to queue
[2026-04-20T21:56:18.430+0000] {logging_mixin.py:188} INFO - [2026-04-20T21:56:18.430+0000] {dagbag.py:538} INFO - Filling up the DagBag from /opt/airflow/dags/logidata_pipeline_dag.py
[2026-04-20T21:56:18.516+0000] {processor.py:840} INFO - DAG(s) 'logidata_pipeline_dag' retrieved from /opt/airflow/dags/logidata_pipeline_dag.py
[2026-04-20T21:56:18.558+0000] {logging_mixin.py:188} INFO - [2026-04-20T21:56:18.558+0000] {dag.py:3036} INFO - Sync 1 DAGs
[2026-04-20T21:56:18.573+0000] {logging_mixin.py:188} INFO - [2026-04-20T21:56:18.573+0000] {dag.py:3823} INFO - Setting next_dagrun for logidata_pipeline_dag to None, run_after=None
[2026-04-20T21:56:18.678+0000] {processor.py:183} INFO - Processing /opt/airflow/dags/logidata_pipeline_dag.py took 0.266 seconds
[2026-04-20T21:56:48.812+0000] {processor.py:161} INFO - Started process (PID=906) to work on /opt/airflow/dags/logidata_pipeline_dag.py
[2026-04-20T21:56:48.813+0000] {processor.py:830} INFO - Processing file /opt/airflow/dags/logidata_pipeline_dag.py for tasks to queue
[2026-04-20T21:56:48.814+0000] {logging_mixin.py:188} INFO - [2026-04-20T21:56:48.814+0000] {dagbag.py:538} INFO - Filling up the DagBag from /opt/airflow/dags/logidata_pipeline_dag.py
[2026-04-20T21:56:48.878+0000] {processor.py:840} INFO - DAG(s) 'logidata_pipeline_dag' retrieved from /opt/airflow/dags/logidata_pipeline_dag.py
[2026-04-20T21:56:48.919+0000] {logging_mixin.py:188} INFO - [2026-04-20T21:56:48.919+0000] {dag.py:3036} INFO - Sync 1 DAGs
[2026-04-20T21:56:48.935+0000] {logging_mixin.py:188} INFO - [2026-04-20T21:56:48.935+0000] {dag.py:3823} INFO - Setting next_dagrun for logidata_pipeline_dag to None, run_after=None
[2026-04-20T21:56:48.993+0000] {processor.py:183} INFO - Processing /opt/airflow/dags/logidata_pipeline_dag.py took 0.185 seconds
[2026-04-20T21:57:19.611+0000] {processor.py:161} INFO - Started process (PID=907) to work on /opt/airflow/dags/logidata_pipeline_dag.py
[2026-04-20T21:57:19.613+0000] {processor.py:830} INFO - Processing file /opt/airflow/dags/logidata_pipeline_dag.py for tasks to queue
[2026-04-20T21:57:19.614+0000] {logging_mixin.py:188} INFO - [2026-04-20T21:57:19.614+0000] {dagbag.py:538} INFO - Filling up the DagBag from /opt/airflow/dags/logidata_pipeline_dag.py
[2026-04-20T21:57:19.700+0000] {processor.py:840} INFO - DAG(s) 'logidata_pipeline_dag' retrieved from /opt/airflow/dags/logidata_pipeline_dag.py
[2026-04-20T21:57:19.764+0000] {logging_mixin.py:188} INFO - [2026-04-20T21:57:19.764+0000] {dag.py:3036} INFO - Sync 1 DAGs
[2026-04-20T21:57:19.786+0000] {logging_mixin.py:188} INFO - [2026-04-20T21:57:19.786+0000] {dag.py:3823} INFO - Setting next_dagrun for logidata_pipeline_dag to None, run_after=None
[2026-04-20T21:57:19.977+0000] {processor.py:183} INFO - Processing /opt/airflow/dags/logidata_pipeline_dag.py took 0.379 seconds
[2026-04-20T21:57:50.083+0000] {processor.py:161} INFO - Started process (PID=908) to work on /opt/airflow/dags/logidata_pipeline_dag.py
[2026-04-20T21:57:50.085+0000] {processor.py:830} INFO - Processing file /opt/airflow/dags/logidata_pipeline_dag.py for tasks to queue
[2026-04-20T21:57:50.086+0000] {logging_mixin.py:188} INFO - [2026-04-20T21:57:50.086+0000] {dagbag.py:538} INFO - Filling up the DagBag from /opt/airflow/dags/logidata_pipeline_dag.py
[2026-04-20T21:57:50.170+0000] {processor.py:840} INFO - DAG(s) 'logidata_pipeline_dag' retrieved from /opt/airflow/dags/logidata_pipeline_dag.py
[2026-04-20T21:57:50.230+0000] {logging_mixin.py:188} INFO - [2026-04-20T21:57:50.230+0000] {dag.py:3036} INFO - Sync 1 DAGs
[2026-04-20T21:57:50.247+0000] {logging_mixin.py:188} INFO - [2026-04-20T21:57:50.247+0000] {dag.py:3823} INFO - Setting next_dagrun for logidata_pipeline_dag to None, run_after=None
[2026-04-20T21:57:50.306+0000] {processor.py:183} INFO - Processing /opt/airflow/dags/logidata_pipeline_dag.py took 0.229 seconds
[2026-04-20T21:58:21.104+0000] {processor.py:161} INFO - Started process (PID=909) to work on /opt/airflow/dags/logidata_pipeline_dag.py
[2026-04-20T21:58:21.106+0000] {processor.py:830} INFO - Processing file /opt/airflow/dags/logidata_pipeline_dag.py for tasks to queue
[2026-04-20T21:58:21.107+0000] {logging_mixin.py:188} INFO - [2026-04-20T21:58:21.106+0000] {dagbag.py:538} INFO - Filling up the DagBag from /opt/airflow/dags/logidata_pipeline_dag.py
[2026-04-20T21:58:21.203+0000] {processor.py:840} INFO - DAG(s) 'logidata_pipeline_dag' retrieved from /opt/airflow/dags/logidata_pipeline_dag.py
[2026-04-20T21:58:21.260+0000] {logging_mixin.py:188} INFO - [2026-04-20T21:58:21.259+0000] {dag.py:3036} INFO - Sync 1 DAGs
[2026-04-20T21:58:21.279+0000] {logging_mixin.py:188} INFO - [2026-04-20T21:58:21.279+0000] {dag.py:3823} INFO - Setting next_dagrun for logidata_pipeline_dag to None, run_after=None
[2026-04-20T21:58:21.347+0000] {processor.py:183} INFO - Processing /opt/airflow/dags/logidata_pipeline_dag.py took 0.245 seconds
[2026-04-20T21:58:51.633+0000] {processor.py:161} INFO - Started process (PID=910) to work on /opt/airflow/dags/logidata_pipeline_dag.py
[2026-04-20T21:58:51.635+0000] {processor.py:830} INFO - Processing file /opt/airflow/dags/logidata_pipeline_dag.py for tasks to queue
[2026-04-20T21:58:51.636+0000] {logging_mixin.py:188} INFO - [2026-04-20T21:58:51.635+0000] {dagbag.py:538} INFO - Filling up the DagBag from /opt/airflow/dags/logidata_pipeline_dag.py
[2026-04-20T21:58:51.703+0000] {processor.py:840} INFO - DAG(s) 'logidata_pipeline_dag' retrieved from /opt/airflow/dags/logidata_pipeline_dag.py
[2026-04-20T21:58:51.748+0000] {logging_mixin.py:188} INFO - [2026-04-20T21:58:51.747+0000] {dag.py:3036} INFO - Sync 1 DAGs
[2026-04-20T21:58:51.764+0000] {logging_mixin.py:188} INFO - [2026-04-20T21:58:51.764+0000] {dag.py:3823} INFO - Setting next_dagrun for logidata_pipeline_dag to None, run_after=None
[2026-04-20T21:58:51.883+0000] {processor.py:183} INFO - Processing /opt/airflow/dags/logidata_pipeline_dag.py took 0.252 seconds
[2026-04-20T21:59:22.031+0000] {processor.py:161} INFO - Started process (PID=911) to work on /opt/airflow/dags/logidata_pipeline_dag.py
[2026-04-20T21:59:22.033+0000] {processor.py:830} INFO - Processing file /opt/airflow/dags/logidata_pipeline_dag.py for tasks to queue
[2026-04-20T21:59:22.034+0000] {logging_mixin.py:188} INFO - [2026-04-20T21:59:22.034+0000] {dagbag.py:538} INFO - Filling up the DagBag from /opt/airflow/dags/logidata_pipeline_dag.py
[2026-04-20T21:59:22.109+0000] {processor.py:840} INFO - DAG(s) 'logidata_pipeline_dag' retrieved from /opt/airflow/dags/logidata_pipeline_dag.py
[2026-04-20T21:59:22.154+0000] {logging_mixin.py:188} INFO - [2026-04-20T21:59:22.154+0000] {dag.py:3036} INFO - Sync 1 DAGs
[2026-04-20T21:59:22.170+0000] {logging_mixin.py:188} INFO - [2026-04-20T21:59:22.170+0000] {dag.py:3823} INFO - Setting next_dagrun for logidata_pipeline_dag to None, run_after=None
[2026-04-20T21:59:22.246+0000] {processor.py:183} INFO - Processing /opt/airflow/dags/logidata_pipeline_dag.py took 0.220 seconds
[2026-04-20T21:59:55.036+0000] {processor.py:161} INFO - Started process (PID=912) to work on /opt/airflow/dags/logidata_pipeline_dag.py
[2026-04-20T21:59:55.038+0000] {processor.py:830} INFO - Processing file /opt/airflow/dags/logidata_pipeline_dag.py for tasks to queue
[2026-04-20T21:59:55.040+0000] {logging_mixin.py:188} INFO - [2026-04-20T21:59:55.040+0000] {dagbag.py:538} INFO - Filling up the DagBag from /opt/airflow/dags/logidata_pipeline_dag.py
[2026-04-20T21:59:55.120+0000] {processor.py:840} INFO - DAG(s) 'logidata_pipeline_dag' retrieved from /opt/airflow/dags/logidata_pipeline_dag.py
[2026-04-20T21:59:55.163+0000] {logging_mixin.py:188} INFO - [2026-04-20T21:59:55.163+0000] {dag.py:3036} INFO - Sync 1 DAGs
[2026-04-20T21:59:55.191+0000] {logging_mixin.py:188} INFO - [2026-04-20T21:59:55.190+0000] {dag.py:3823} INFO - Setting next_dagrun for logidata_pipeline_dag to None, run_after=None
[2026-04-20T21:59:55.283+0000] {processor.py:183} INFO - Processing /opt/airflow/dags/logidata_pipeline_dag.py took 0.255 seconds
[2026-04-20T22:00:27.410+0000] {processor.py:161} INFO - Started process (PID=913) to work on /opt/airflow/dags/logidata_pipeline_dag.py
[2026-04-20T22:00:27.413+0000] {processor.py:830} INFO - Processing file /opt/airflow/dags/logidata_pipeline_dag.py for tasks to queue
[2026-04-20T22:00:27.415+0000] {logging_mixin.py:188} INFO - [2026-04-20T22:00:27.414+0000] {dagbag.py:538} INFO - Filling up the DagBag from /opt/airflow/dags/logidata_pipeline_dag.py
[2026-04-20T22:00:27.512+0000] {processor.py:840} INFO - DAG(s) 'logidata_pipeline_dag' retrieved from /opt/airflow/dags/logidata_pipeline_dag.py
[2026-04-20T22:00:27.559+0000] {logging_mixin.py:188} INFO - [2026-04-20T22:00:27.558+0000] {dag.py:3036} INFO - Sync 1 DAGs
[2026-04-20T22:00:27.578+0000] {logging_mixin.py:188} INFO - [2026-04-20T22:00:27.578+0000] {dag.py:3823} INFO - Setting next_dagrun for logidata_pipeline_dag to None, run_after=None
[2026-04-20T22:00:27.678+0000] {processor.py:183} INFO - Processing /opt/airflow/dags/logidata_pipeline_dag.py took 0.273 seconds
[2026-04-20T22:00:58.148+0000] {processor.py:161} INFO - Started process (PID=914) to work on /opt/airflow/dags/logidata_pipeline_dag.py
[2026-04-20T22:00:58.151+0000] {processor.py:830} INFO - Processing file /opt/airflow/dags/logidata_pipeline_dag.py for tasks to queue
[2026-04-20T22:00:58.155+0000] {logging_mixin.py:188} INFO - [2026-04-20T22:00:58.154+0000] {dagbag.py:538} INFO - Filling up the DagBag from /opt/airflow/dags/logidata_pipeline_dag.py
[2026-04-20T22:00:58.327+0000] {processor.py:840} INFO - DAG(s) 'logidata_pipeline_dag' retrieved from /opt/airflow/dags/logidata_pipeline_dag.py
[2026-04-20T22:00:58.419+0000] {logging_mixin.py:188} INFO - [2026-04-20T22:00:58.419+0000] {dag.py:3036} INFO - Sync 1 DAGs
[2026-04-20T22:00:58.453+0000] {logging_mixin.py:188} INFO - [2026-04-20T22:00:58.453+0000] {dag.py:3823} INFO - Setting next_dagrun for logidata_pipeline_dag to None, run_after=None
[2026-04-20T22:00:58.610+0000] {processor.py:183} INFO - Processing /opt/airflow/dags/logidata_pipeline_dag.py took 0.472 seconds
[2026-04-20T22:01:29.002+0000] {processor.py:161} INFO - Started process (PID=915) to work on /opt/airflow/dags/logidata_pipeline_dag.py
[2026-04-20T22:01:29.004+0000] {processor.py:830} INFO - Processing file /opt/airflow/dags/logidata_pipeline_dag.py for tasks to queue
[2026-04-20T22:01:29.005+0000] {logging_mixin.py:188} INFO - [2026-04-20T22:01:29.005+0000] {dagbag.py:538} INFO - Filling up the DagBag from /opt/airflow/dags/logidata_pipeline_dag.py
[2026-04-20T22:01:29.091+0000] {processor.py:840} INFO - DAG(s) 'logidata_pipeline_dag' retrieved from /opt/airflow/dags/logidata_pipeline_dag.py
[2026-04-20T22:01:29.139+0000] {logging_mixin.py:188} INFO - [2026-04-20T22:01:29.139+0000] {dag.py:3036} INFO - Sync 1 DAGs
[2026-04-20T22:01:29.155+0000] {logging_mixin.py:188} INFO - [2026-04-20T22:01:29.155+0000] {dag.py:3823} INFO - Setting next_dagrun for logidata_pipeline_dag to None, run_after=None
[2026-04-20T22:01:29.252+0000] {processor.py:183} INFO - Processing /opt/airflow/dags/logidata_pipeline_dag.py took 0.256 seconds
[2026-04-20T22:01:59.852+0000] {processor.py:161} INFO - Started process (PID=916) to work on /opt/airflow/dags/logidata_pipeline_dag.py
[2026-04-20T22:01:59.857+0000] {processor.py:830} INFO - Processing file /opt/airflow/dags/logidata_pipeline_dag.py for tasks to queue
[2026-04-20T22:01:59.861+0000] {logging_mixin.py:188} INFO - [2026-04-20T22:01:59.860+0000] {dagbag.py:538} INFO - Filling up the DagBag from /opt/airflow/dags/logidata_pipeline_dag.py
[2026-04-20T22:01:59.989+0000] {processor.py:840} INFO - DAG(s) 'logidata_pipeline_dag' retrieved from /opt/airflow/dags/logidata_pipeline_dag.py
[2026-04-20T22:02:00.036+0000] {logging_mixin.py:188} INFO - [2026-04-20T22:02:00.035+0000] {dag.py:3036} INFO - Sync 1 DAGs
[2026-04-20T22:02:00.053+0000] {logging_mixin.py:188} INFO - [2026-04-20T22:02:00.053+0000] {dag.py:3823} INFO - Setting next_dagrun for logidata_pipeline_dag to None, run_after=None
[2026-04-20T22:02:00.194+0000] {processor.py:183} INFO - Processing /opt/airflow/dags/logidata_pipeline_dag.py took 0.347 seconds
[2026-04-20T22:02:32.149+0000] {processor.py:161} INFO - Started process (PID=917) to work on /opt/airflow/dags/logidata_pipeline_dag.py
[2026-04-20T22:02:32.150+0000] {processor.py:830} INFO - Processing file /opt/airflow/dags/logidata_pipeline_dag.py for tasks to queue
[2026-04-20T22:02:32.152+0000] {logging_mixin.py:188} INFO - [2026-04-20T22:02:32.151+0000] {dagbag.py:538} INFO - Filling up the DagBag from /opt/airflow/dags/logidata_pipeline_dag.py
[2026-04-20T22:02:32.229+0000] {processor.py:840} INFO - DAG(s) 'logidata_pipeline_dag' retrieved from /opt/airflow/dags/logidata_pipeline_dag.py
[2026-04-20T22:02:32.283+0000] {logging_mixin.py:188} INFO - [2026-04-20T22:02:32.282+0000] {dag.py:3036} INFO - Sync 1 DAGs
[2026-04-20T22:02:32.309+0000] {logging_mixin.py:188} INFO - [2026-04-20T22:02:32.309+0000] {dag.py:3823} INFO - Setting next_dagrun for logidata_pipeline_dag to None, run_after=None
[2026-04-20T22:02:32.444+0000] {processor.py:183} INFO - Processing /opt/airflow/dags/logidata_pipeline_dag.py took 0.298 seconds
[2026-04-20T22:03:04.800+0000] {processor.py:161} INFO - Started process (PID=918) to work on /opt/airflow/dags/logidata_pipeline_dag.py
[2026-04-20T22:03:04.802+0000] {processor.py:830} INFO - Processing file /opt/airflow/dags/logidata_pipeline_dag.py for tasks to queue
[2026-04-20T22:03:04.804+0000] {logging_mixin.py:188} INFO - [2026-04-20T22:03:04.804+0000] {dagbag.py:538} INFO - Filling up the DagBag from /opt/airflow/dags/logidata_pipeline_dag.py
[2026-04-20T22:03:04.908+0000] {processor.py:840} INFO - DAG(s) 'logidata_pipeline_dag' retrieved from /opt/airflow/dags/logidata_pipeline_dag.py
[2026-04-20T22:03:04.954+0000] {logging_mixin.py:188} INFO - [2026-04-20T22:03:04.954+0000] {dag.py:3036} INFO - Sync 1 DAGs
[2026-04-20T22:03:04.969+0000] {logging_mixin.py:188} INFO - [2026-04-20T22:03:04.969+0000] {dag.py:3823} INFO - Setting next_dagrun for logidata_pipeline_dag to None, run_after=None
[2026-04-20T22:03:05.025+0000] {processor.py:183} INFO - Processing /opt/airflow/dags/logidata_pipeline_dag.py took 0.233 seconds
[2026-04-20T22:03:38.040+0000] {processor.py:161} INFO - Started process (PID=919) to work on /opt/airflow/dags/logidata_pipeline_dag.py
[2026-04-20T22:03:38.042+0000] {processor.py:830} INFO - Processing file /opt/airflow/dags/logidata_pipeline_dag.py for tasks to queue
[2026-04-20T22:03:38.043+0000] {logging_mixin.py:188} INFO - [2026-04-20T22:03:38.043+0000] {dagbag.py:538} INFO - Filling up the DagBag from /opt/airflow/dags/logidata_pipeline_dag.py
[2026-04-20T22:03:38.113+0000] {processor.py:840} INFO - DAG(s) 'logidata_pipeline_dag' retrieved from /opt/airflow/dags/logidata_pipeline_dag.py
[2026-04-20T22:03:38.173+0000] {logging_mixin.py:188} INFO - [2026-04-20T22:03:38.173+0000] {dag.py:3036} INFO - Sync 1 DAGs
[2026-04-20T22:03:38.195+0000] {logging_mixin.py:188} INFO - [2026-04-20T22:03:38.195+0000] {dag.py:3823} INFO - Setting next_dagrun for logidata_pipeline_dag to None, run_after=None
[2026-04-20T22:03:38.286+0000] {processor.py:183} INFO - Processing /opt/airflow/dags/logidata_pipeline_dag.py took 0.252 seconds
[2026-04-20T22:04:08.522+0000] {processor.py:161} INFO - Started process (PID=920) to work on /opt/airflow/dags/logidata_pipeline_dag.py
[2026-04-20T22:04:08.524+0000] {processor.py:830} INFO - Processing file /opt/airflow/dags/logidata_pipeline_dag.py for tasks to queue
[2026-04-20T22:04:08.526+0000] {logging_mixin.py:188} INFO - [2026-04-20T22:04:08.525+0000] {dagbag.py:538} INFO - Filling up the DagBag from /opt/airflow/dags/logidata_pipeline_dag.py
[2026-04-20T22:04:08.656+0000] {processor.py:840} INFO - DAG(s) 'logidata_pipeline_dag' retrieved from /opt/airflow/dags/logidata_pipeline_dag.py
[2026-04-20T22:04:08.694+0000] {logging_mixin.py:188} INFO - [2026-04-20T22:04:08.694+0000] {dag.py:3036} INFO - Sync 1 DAGs
[2026-04-20T22:04:08.711+0000] {logging_mixin.py:188} INFO - [2026-04-20T22:04:08.711+0000] {dag.py:3823} INFO - Setting next_dagrun for logidata_pipeline_dag to None, run_after=None
[2026-04-20T22:04:08.799+0000] {processor.py:183} INFO - Processing /opt/airflow/dags/logidata_pipeline_dag.py took 0.281 seconds
[2026-04-20T22:04:39.789+0000] {processor.py:161} INFO - Started process (PID=921) to work on /opt/airflow/dags/logidata_pipeline_dag.py
[2026-04-20T22:04:39.790+0000] {processor.py:830} INFO - Processing file /opt/airflow/dags/logidata_pipeline_dag.py for tasks to queue
[2026-04-20T22:04:39.792+0000] {logging_mixin.py:188} INFO - [2026-04-20T22:04:39.791+0000] {dagbag.py:538} INFO - Filling up the DagBag from /opt/airflow/dags/logidata_pipeline_dag.py
[2026-04-20T22:04:39.867+0000] {processor.py:840} INFO - DAG(s) 'logidata_pipeline_dag' retrieved from /opt/airflow/dags/logidata_pipeline_dag.py
[2026-04-20T22:04:39.929+0000] {logging_mixin.py:188} INFO - [2026-04-20T22:04:39.929+0000] {dag.py:3036} INFO - Sync 1 DAGs
[2026-04-20T22:04:39.948+0000] {logging_mixin.py:188} INFO - [2026-04-20T22:04:39.948+0000] {dag.py:3823} INFO - Setting next_dagrun for logidata_pipeline_dag to None, run_after=None
[2026-04-20T22:04:40.029+0000] {processor.py:183} INFO - Processing /opt/airflow/dags/logidata_pipeline_dag.py took 0.244 seconds
[2026-04-20T22:05:10.501+0000] {processor.py:161} INFO - Started process (PID=922) to work on /opt/airflow/dags/logidata_pipeline_dag.py
[2026-04-20T22:05:10.502+0000] {processor.py:830} INFO - Processing file /opt/airflow/dags/logidata_pipeline_dag.py for tasks to queue
[2026-04-20T22:05:10.503+0000] {logging_mixin.py:188} INFO - [2026-04-20T22:05:10.503+0000] {dagbag.py:538} INFO - Filling up the DagBag from /opt/airflow/dags/logidata_pipeline_dag.py
[2026-04-20T22:05:10.587+0000] {processor.py:840} INFO - DAG(s) 'logidata_pipeline_dag' retrieved from /opt/airflow/dags/logidata_pipeline_dag.py
[2026-04-20T22:05:10.632+0000] {logging_mixin.py:188} INFO - [2026-04-20T22:05:10.631+0000] {dag.py:3036} INFO - Sync 1 DAGs
[2026-04-20T22:05:10.650+0000] {logging_mixin.py:188} INFO - [2026-04-20T22:05:10.650+0000] {dag.py:3823} INFO - Setting next_dagrun for logidata_pipeline_dag to None, run_after=None
[2026-04-20T22:05:10.703+0000] {processor.py:183} INFO - Processing /opt/airflow/dags/logidata_pipeline_dag.py took 0.208 seconds
[2026-04-20T22:05:42.741+0000] {processor.py:161} INFO - Started process (PID=923) to work on /opt/airflow/dags/logidata_pipeline_dag.py
[2026-04-20T22:05:42.743+0000] {processor.py:830} INFO - Processing file /opt/airflow/dags/logidata_pipeline_dag.py for tasks to queue
[2026-04-20T22:05:42.744+0000] {logging_mixin.py:188} INFO - [2026-04-20T22:05:42.744+0000] {dagbag.py:538} INFO - Filling up the DagBag from /opt/airflow/dags/logidata_pipeline_dag.py
[2026-04-20T22:05:42.840+0000] {processor.py:840} INFO - DAG(s) 'logidata_pipeline_dag' retrieved from /opt/airflow/dags/logidata_pipeline_dag.py
[2026-04-20T22:05:42.872+0000] {logging_mixin.py:188} INFO - [2026-04-20T22:05:42.872+0000] {dag.py:3036} INFO - Sync 1 DAGs
[2026-04-20T22:05:42.892+0000] {logging_mixin.py:188} INFO - [2026-04-20T22:05:42.892+0000] {dag.py:3823} INFO - Setting next_dagrun for logidata_pipeline_dag to None, run_after=None
[2026-04-20T22:05:42.966+0000] {processor.py:183} INFO - Processing /opt/airflow/dags/logidata_pipeline_dag.py took 0.229 seconds
[2026-04-20T22:06:16.210+0000] {processor.py:161} INFO - Started process (PID=924) to work on /opt/airflow/dags/logidata_pipeline_dag.py
[2026-04-20T22:06:16.211+0000] {processor.py:830} INFO - Processing file /opt/airflow/dags/logidata_pipeline_dag.py for tasks to queue
[2026-04-20T22:06:16.212+0000] {logging_mixin.py:188} INFO - [2026-04-20T22:06:16.212+0000] {dagbag.py:538} INFO - Filling up the DagBag from /opt/airflow/dags/logidata_pipeline_dag.py
[2026-04-20T22:06:16.285+0000] {processor.py:840} INFO - DAG(s) 'logidata_pipeline_dag' retrieved from /opt/airflow/dags/logidata_pipeline_dag.py
[2026-04-20T22:06:16.333+0000] {logging_mixin.py:188} INFO - [2026-04-20T22:06:16.333+0000] {dag.py:3036} INFO - Sync 1 DAGs
[2026-04-20T22:06:16.349+0000] {logging_mixin.py:188} INFO - [2026-04-20T22:06:16.348+0000] {dag.py:3823} INFO - Setting next_dagrun for logidata_pipeline_dag to None, run_after=None
[2026-04-20T22:06:16.415+0000] {processor.py:183} INFO - Processing /opt/airflow/dags/logidata_pipeline_dag.py took 0.208 seconds
[2026-04-20T22:06:48.497+0000] {processor.py:161} INFO - Started process (PID=925) to work on /opt/airflow/dags/logidata_pipeline_dag.py
[2026-04-20T22:06:48.501+0000] {processor.py:830} INFO - Processing file /opt/airflow/dags/logidata_pipeline_dag.py for tasks to queue
[2026-04-20T22:06:48.503+0000] {logging_mixin.py:188} INFO - [2026-04-20T22:06:48.503+0000] {dagbag.py:538} INFO - Filling up the DagBag from /opt/airflow/dags/logidata_pipeline_dag.py
[2026-04-20T22:06:48.598+0000] {processor.py:840} INFO - DAG(s) 'logidata_pipeline_dag' retrieved from /opt/airflow/dags/logidata_pipeline_dag.py
[2026-04-20T22:06:48.644+0000] {logging_mixin.py:188} INFO - [2026-04-20T22:06:48.644+0000] {dag.py:3036} INFO - Sync 1 DAGs
[2026-04-20T22:06:48.670+0000] {logging_mixin.py:188} INFO - [2026-04-20T22:06:48.669+0000] {dag.py:3823} INFO - Setting next_dagrun for logidata_pipeline_dag to None, run_after=None
[2026-04-20T22:06:48.792+0000] {processor.py:183} INFO - Processing /opt/airflow/dags/logidata_pipeline_dag.py took 0.305 seconds
[2026-04-20T22:07:19.407+0000] {processor.py:161} INFO - Started process (PID=926) to work on /opt/airflow/dags/logidata_pipeline_dag.py
[2026-04-20T22:07:19.409+0000] {processor.py:830} INFO - Processing file /opt/airflow/dags/logidata_pipeline_dag.py for tasks to queue
[2026-04-20T22:07:19.410+0000] {logging_mixin.py:188} INFO - [2026-04-20T22:07:19.410+0000] {dagbag.py:538} INFO - Filling up the DagBag from /opt/airflow/dags/logidata_pipeline_dag.py
[2026-04-20T22:07:19.495+0000] {processor.py:840} INFO - DAG(s) 'logidata_pipeline_dag' retrieved from /opt/airflow/dags/logidata_pipeline_dag.py
[2026-04-20T22:07:19.538+0000] {logging_mixin.py:188} INFO - [2026-04-20T22:07:19.538+0000] {dag.py:3036} INFO - Sync 1 DAGs
[2026-04-20T22:07:19.561+0000] {logging_mixin.py:188} INFO - [2026-04-20T22:07:19.561+0000] {dag.py:3823} INFO - Setting next_dagrun for logidata_pipeline_dag to None, run_after=None
[2026-04-20T22:07:19.662+0000] {processor.py:183} INFO - Processing /opt/airflow/dags/logidata_pipeline_dag.py took 0.259 seconds
[2026-04-20T22:07:49.810+0000] {processor.py:161} INFO - Started process (PID=927) to work on /opt/airflow/dags/logidata_pipeline_dag.py
[2026-04-20T22:07:49.815+0000] {processor.py:830} INFO - Processing file /opt/airflow/dags/logidata_pipeline_dag.py for tasks to queue
[2026-04-20T22:07:49.818+0000] {logging_mixin.py:188} INFO - [2026-04-20T22:07:49.817+0000] {dagbag.py:538} INFO - Filling up the DagBag from /opt/airflow/dags/logidata_pipeline_dag.py
[2026-04-20T22:07:49.960+0000] {processor.py:840} INFO - DAG(s) 'logidata_pipeline_dag' retrieved from /opt/airflow/dags/logidata_pipeline_dag.py
[2026-04-20T22:07:50.035+0000] {logging_mixin.py:188} INFO - [2026-04-20T22:07:50.035+0000] {dag.py:3036} INFO - Sync 1 DAGs
[2026-04-20T22:07:50.060+0000] {logging_mixin.py:188} INFO - [2026-04-20T22:07:50.060+0000] {dag.py:3823} INFO - Setting next_dagrun for logidata_pipeline_dag to None, run_after=None
[2026-04-20T22:07:50.176+0000] {processor.py:183} INFO - Processing /opt/airflow/dags/logidata_pipeline_dag.py took 0.382 seconds
[2026-04-20T22:08:21.073+0000] {processor.py:161} INFO - Started process (PID=928) to work on /opt/airflow/dags/logidata_pipeline_dag.py
[2026-04-20T22:08:21.075+0000] {processor.py:830} INFO - Processing file /opt/airflow/dags/logidata_pipeline_dag.py for tasks to queue
[2026-04-20T22:08:21.076+0000] {logging_mixin.py:188} INFO - [2026-04-20T22:08:21.076+0000] {dagbag.py:538} INFO - Filling up the DagBag from /opt/airflow/dags/logidata_pipeline_dag.py
[2026-04-20T22:08:21.144+0000] {processor.py:840} INFO - DAG(s) 'logidata_pipeline_dag' retrieved from /opt/airflow/dags/logidata_pipeline_dag.py
[2026-04-20T22:08:21.187+0000] {logging_mixin.py:188} INFO - [2026-04-20T22:08:21.187+0000] {dag.py:3036} INFO - Sync 1 DAGs
[2026-04-20T22:08:21.215+0000] {logging_mixin.py:188} INFO - [2026-04-20T22:08:21.214+0000] {dag.py:3823} INFO - Setting next_dagrun for logidata_pipeline_dag to None, run_after=None
[2026-04-20T22:08:21.289+0000] {processor.py:183} INFO - Processing /opt/airflow/dags/logidata_pipeline_dag.py took 0.220 seconds
[2026-04-20T22:08:53.458+0000] {processor.py:161} INFO - Started process (PID=929) to work on /opt/airflow/dags/logidata_pipeline_dag.py
[2026-04-20T22:08:53.460+0000] {processor.py:830} INFO - Processing file /opt/airflow/dags/logidata_pipeline_dag.py for tasks to queue
[2026-04-20T22:08:53.463+0000] {logging_mixin.py:188} INFO - [2026-04-20T22:08:53.462+0000] {dagbag.py:538} INFO - Filling up the DagBag from /opt/airflow/dags/logidata_pipeline_dag.py
[2026-04-20T22:08:53.545+0000] {processor.py:840} INFO - DAG(s) 'logidata_pipeline_dag' retrieved from /opt/airflow/dags/logidata_pipeline_dag.py
[2026-04-20T22:08:53.596+0000] {logging_mixin.py:188} INFO - [2026-04-20T22:08:53.595+0000] {dag.py:3036} INFO - Sync 1 DAGs
[2026-04-20T22:08:53.618+0000] {logging_mixin.py:188} INFO - [2026-04-20T22:08:53.618+0000] {dag.py:3823} INFO - Setting next_dagrun for logidata_pipeline_dag to None, run_after=None
[2026-04-20T22:08:53.697+0000] {processor.py:183} INFO - Processing /opt/airflow/dags/logidata_pipeline_dag.py took 0.251 seconds
[2026-04-20T22:12:31.510+0000] {processor.py:161} INFO - Started process (PID=961) to work on /opt/airflow/dags/logidata_pipeline_dag.py
[2026-04-20T22:12:31.511+0000] {processor.py:830} INFO - Processing file /opt/airflow/dags/logidata_pipeline_dag.py for tasks to queue
[2026-04-20T22:12:31.512+0000] {logging_mixin.py:188} INFO - [2026-04-20T22:12:31.512+0000] {dagbag.py:538} INFO - Filling up the DagBag from /opt/airflow/dags/logidata_pipeline_dag.py
[2026-04-20T22:12:31.579+0000] {processor.py:840} INFO - DAG(s) 'logidata_pipeline_dag' retrieved from /opt/airflow/dags/logidata_pipeline_dag.py
[2026-04-20T22:12:31.615+0000] {logging_mixin.py:188} INFO - [2026-04-20T22:12:31.615+0000] {dag.py:3036} INFO - Sync 1 DAGs
[2026-04-20T22:12:31.629+0000] {logging_mixin.py:188} INFO - [2026-04-20T22:12:31.628+0000] {dag.py:3823} INFO - Setting next_dagrun for logidata_pipeline_dag to None, run_after=None
[2026-04-20T22:12:31.691+0000] {processor.py:183} INFO - Processing /opt/airflow/dags/logidata_pipeline_dag.py took 0.183 seconds
[2026-04-20T22:13:01.899+0000] {processor.py:161} INFO - Started process (PID=962) to work on /opt/airflow/dags/logidata_pipeline_dag.py
[2026-04-20T22:13:01.901+0000] {processor.py:830} INFO - Processing file /opt/airflow/dags/logidata_pipeline_dag.py for tasks to queue
[2026-04-20T22:13:01.902+0000] {logging_mixin.py:188} INFO - [2026-04-20T22:13:01.902+0000] {dagbag.py:538} INFO - Filling up the DagBag from /opt/airflow/dags/logidata_pipeline_dag.py
[2026-04-20T22:13:01.983+0000] {processor.py:840} INFO - DAG(s) 'logidata_pipeline_dag' retrieved from /opt/airflow/dags/logidata_pipeline_dag.py
[2026-04-20T22:13:02.023+0000] {logging_mixin.py:188} INFO - [2026-04-20T22:13:02.023+0000] {dag.py:3036} INFO - Sync 1 DAGs
[2026-04-20T22:13:02.040+0000] {logging_mixin.py:188} INFO - [2026-04-20T22:13:02.040+0000] {dag.py:3823} INFO - Setting next_dagrun for logidata_pipeline_dag to None, run_after=None
[2026-04-20T22:13:02.140+0000] {processor.py:183} INFO - Processing /opt/airflow/dags/logidata_pipeline_dag.py took 0.246 seconds
[2026-04-20T22:13:32.643+0000] {processor.py:161} INFO - Started process (PID=963) to work on /opt/airflow/dags/logidata_pipeline_dag.py
[2026-04-20T22:13:32.645+0000] {processor.py:830} INFO - Processing file /opt/airflow/dags/logidata_pipeline_dag.py for tasks to queue
[2026-04-20T22:13:32.646+0000] {logging_mixin.py:188} INFO - [2026-04-20T22:13:32.646+0000] {dagbag.py:538} INFO - Filling up the DagBag from /opt/airflow/dags/logidata_pipeline_dag.py
[2026-04-20T22:13:32.732+0000] {processor.py:840} INFO - DAG(s) 'logidata_pipeline_dag' retrieved from /opt/airflow/dags/logidata_pipeline_dag.py
[2026-04-20T22:13:32.767+0000] {logging_mixin.py:188} INFO - [2026-04-20T22:13:32.767+0000] {dag.py:3036} INFO - Sync 1 DAGs
[2026-04-20T22:13:32.783+0000] {logging_mixin.py:188} INFO - [2026-04-20T22:13:32.783+0000] {dag.py:3823} INFO - Setting next_dagrun for logidata_pipeline_dag to None, run_after=None
[2026-04-20T22:13:32.844+0000] {processor.py:183} INFO - Processing /opt/airflow/dags/logidata_pipeline_dag.py took 0.207 seconds
[2026-04-20T22:14:03.269+0000] {processor.py:161} INFO - Started process (PID=964) to work on /opt/airflow/dags/logidata_pipeline_dag.py
[2026-04-20T22:14:03.271+0000] {processor.py:830} INFO - Processing file /opt/airflow/dags/logidata_pipeline_dag.py for tasks to queue
[2026-04-20T22:14:03.272+0000] {logging_mixin.py:188} INFO - [2026-04-20T22:14:03.272+0000] {dagbag.py:538} INFO - Filling up the DagBag from /opt/airflow/dags/logidata_pipeline_dag.py
[2026-04-20T22:14:03.335+0000] {processor.py:840} INFO - DAG(s) 'logidata_pipeline_dag' retrieved from /opt/airflow/dags/logidata_pipeline_dag.py
[2026-04-20T22:14:03.377+0000] {logging_mixin.py:188} INFO - [2026-04-20T22:14:03.376+0000] {dag.py:3036} INFO - Sync 1 DAGs
[2026-04-20T22:14:03.393+0000] {logging_mixin.py:188} INFO - [2026-04-20T22:14:03.393+0000] {dag.py:3823} INFO - Setting next_dagrun for logidata_pipeline_dag to None, run_after=None
[2026-04-20T22:14:04.191+0000] {processor.py:183} INFO - Processing /opt/airflow/dags/logidata_pipeline_dag.py took 0.925 seconds
[2026-04-20T22:14:35.235+0000] {processor.py:161} INFO - Started process (PID=965) to work on /opt/airflow/dags/logidata_pipeline_dag.py
[2026-04-20T22:14:35.236+0000] {processor.py:830} INFO - Processing file /opt/airflow/dags/logidata_pipeline_dag.py for tasks to queue
[2026-04-20T22:14:35.237+0000] {logging_mixin.py:188} INFO - [2026-04-20T22:14:35.237+0000] {dagbag.py:538} INFO - Filling up the DagBag from /opt/airflow/dags/logidata_pipeline_dag.py
[2026-04-20T22:14:35.309+0000] {processor.py:840} INFO - DAG(s) 'logidata_pipeline_dag' retrieved from /opt/airflow/dags/logidata_pipeline_dag.py
[2026-04-20T22:14:35.345+0000] {logging_mixin.py:188} INFO - [2026-04-20T22:14:35.345+0000] {dag.py:3036} INFO - Sync 1 DAGs
[2026-04-20T22:14:35.364+0000] {logging_mixin.py:188} INFO - [2026-04-20T22:14:35.364+0000] {dag.py:3823} INFO - Setting next_dagrun for logidata_pipeline_dag to None, run_after=None
[2026-04-20T22:14:35.440+0000] {processor.py:183} INFO - Processing /opt/airflow/dags/logidata_pipeline_dag.py took 0.209 seconds
[2026-04-20T22:15:06.322+0000] {processor.py:161} INFO - Started process (PID=966) to work on /opt/airflow/dags/logidata_pipeline_dag.py
[2026-04-20T22:15:06.323+0000] {processor.py:830} INFO - Processing file /opt/airflow/dags/logidata_pipeline_dag.py for tasks to queue
[2026-04-20T22:15:06.324+0000] {logging_mixin.py:188} INFO - [2026-04-20T22:15:06.324+0000] {dagbag.py:538} INFO - Filling up the DagBag from /opt/airflow/dags/logidata_pipeline_dag.py
[2026-04-20T22:15:06.390+0000] {processor.py:840} INFO - DAG(s) 'logidata_pipeline_dag' retrieved from /opt/airflow/dags/logidata_pipeline_dag.py
[2026-04-20T22:15:06.436+0000] {logging_mixin.py:188} INFO - [2026-04-20T22:15:06.436+0000] {dag.py:3036} INFO - Sync 1 DAGs
[2026-04-20T22:15:06.454+0000] {logging_mixin.py:188} INFO - [2026-04-20T22:15:06.454+0000] {dag.py:3823} INFO - Setting next_dagrun for logidata_pipeline_dag to None, run_after=None
[2026-04-20T22:15:06.571+0000] {processor.py:183} INFO - Processing /opt/airflow/dags/logidata_pipeline_dag.py took 0.253 seconds
[2026-04-20T22:15:37.760+0000] {processor.py:161} INFO - Started process (PID=967) to work on /opt/airflow/dags/logidata_pipeline_dag.py
[2026-04-20T22:15:37.763+0000] {processor.py:830} INFO - Processing file /opt/airflow/dags/logidata_pipeline_dag.py for tasks to queue
[2026-04-20T22:15:37.764+0000] {logging_mixin.py:188} INFO - [2026-04-20T22:15:37.764+0000] {dagbag.py:538} INFO - Filling up the DagBag from /opt/airflow/dags/logidata_pipeline_dag.py
[2026-04-20T22:15:37.839+0000] {processor.py:840} INFO - DAG(s) 'logidata_pipeline_dag' retrieved from /opt/airflow/dags/logidata_pipeline_dag.py
[2026-04-20T22:15:37.883+0000] {logging_mixin.py:188} INFO - [2026-04-20T22:15:37.883+0000] {dag.py:3036} INFO - Sync 1 DAGs
[2026-04-20T22:15:37.899+0000] {logging_mixin.py:188} INFO - [2026-04-20T22:15:37.898+0000] {dag.py:3823} INFO - Setting next_dagrun for logidata_pipeline_dag to None, run_after=None
[2026-04-20T22:15:38.047+0000] {processor.py:183} INFO - Processing /opt/airflow/dags/logidata_pipeline_dag.py took 0.293 seconds
[2026-04-20T22:16:08.929+0000] {processor.py:161} INFO - Started process (PID=968) to work on /opt/airflow/dags/logidata_pipeline_dag.py
[2026-04-20T22:16:08.933+0000] {processor.py:830} INFO - Processing file /opt/airflow/dags/logidata_pipeline_dag.py for tasks to queue
[2026-04-20T22:16:08.937+0000] {logging_mixin.py:188} INFO - [2026-04-20T22:16:08.935+0000] {dagbag.py:538} INFO - Filling up the DagBag from /opt/airflow/dags/logidata_pipeline_dag.py
[2026-04-20T22:16:09.069+0000] {processor.py:840} INFO - DAG(s) 'logidata_pipeline_dag' retrieved from /opt/airflow/dags/logidata_pipeline_dag.py
[2026-04-20T22:16:09.121+0000] {logging_mixin.py:188} INFO - [2026-04-20T22:16:09.121+0000] {dag.py:3036} INFO - Sync 1 DAGs
[2026-04-20T22:16:09.138+0000] {logging_mixin.py:188} INFO - [2026-04-20T22:16:09.138+0000] {dag.py:3823} INFO - Setting next_dagrun for logidata_pipeline_dag to None, run_after=None
[2026-04-20T22:16:09.531+0000] {processor.py:183} INFO - Processing /opt/airflow/dags/logidata_pipeline_dag.py took 0.613 seconds
[2026-04-20T22:20:18.276+0000] {processor.py:161} INFO - Started process (PID=1000) to work on /opt/airflow/dags/logidata_pipeline_dag.py
[2026-04-20T22:20:18.278+0000] {processor.py:830} INFO - Processing file /opt/airflow/dags/logidata_pipeline_dag.py for tasks to queue
[2026-04-20T22:20:18.279+0000] {logging_mixin.py:188} INFO - [2026-04-20T22:20:18.279+0000] {dagbag.py:538} INFO - Filling up the DagBag from /opt/airflow/dags/logidata_pipeline_dag.py
[2026-04-20T22:20:18.356+0000] {processor.py:840} INFO - DAG(s) 'logidata_pipeline_dag' retrieved from /opt/airflow/dags/logidata_pipeline_dag.py
[2026-04-20T22:20:18.412+0000] {logging_mixin.py:188} INFO - [2026-04-20T22:20:18.412+0000] {dag.py:3036} INFO - Sync 1 DAGs
[2026-04-20T22:20:18.436+0000] {logging_mixin.py:188} INFO - [2026-04-20T22:20:18.436+0000] {dag.py:3823} INFO - Setting next_dagrun for logidata_pipeline_dag to None, run_after=None
[2026-04-20T22:20:18.539+0000] {processor.py:183} INFO - Processing /opt/airflow/dags/logidata_pipeline_dag.py took 0.266 seconds
[2026-04-20T22:22:13.270+0000] {processor.py:161} INFO - Started process (PID=1012) to work on /opt/airflow/dags/logidata_pipeline_dag.py
[2026-04-20T22:22:13.272+0000] {processor.py:830} INFO - Processing file /opt/airflow/dags/logidata_pipeline_dag.py for tasks to queue
[2026-04-20T22:22:13.273+0000] {logging_mixin.py:188} INFO - [2026-04-20T22:22:13.273+0000] {dagbag.py:538} INFO - Filling up the DagBag from /opt/airflow/dags/logidata_pipeline_dag.py
[2026-04-20T22:22:13.341+0000] {processor.py:840} INFO - DAG(s) 'logidata_pipeline_dag' retrieved from /opt/airflow/dags/logidata_pipeline_dag.py
[2026-04-20T22:22:13.395+0000] {logging_mixin.py:188} INFO - [2026-04-20T22:22:13.394+0000] {dag.py:3036} INFO - Sync 1 DAGs
[2026-04-20T22:22:13.416+0000] {logging_mixin.py:188} INFO - [2026-04-20T22:22:13.416+0000] {dag.py:3823} INFO - Setting next_dagrun for logidata_pipeline_dag to None, run_after=None
[2026-04-20T22:22:13.703+0000] {processor.py:183} INFO - Processing /opt/airflow/dags/logidata_pipeline_dag.py took 0.436 seconds
[2026-04-20T22:26:13.508+0000] {processor.py:161} INFO - Started process (PID=1024) to work on /opt/airflow/dags/logidata_pipeline_dag.py
[2026-04-20T22:26:13.509+0000] {processor.py:830} INFO - Processing file /opt/airflow/dags/logidata_pipeline_dag.py for tasks to queue
[2026-04-20T22:26:13.510+0000] {logging_mixin.py:188} INFO - [2026-04-20T22:26:13.510+0000] {dagbag.py:538} INFO - Filling up the DagBag from /opt/airflow/dags/logidata_pipeline_dag.py
[2026-04-20T22:26:13.568+0000] {processor.py:840} INFO - DAG(s) 'logidata_pipeline_dag' retrieved from /opt/airflow/dags/logidata_pipeline_dag.py
[2026-04-20T22:26:13.613+0000] {logging_mixin.py:188} INFO - [2026-04-20T22:26:13.613+0000] {dag.py:3036} INFO - Sync 1 DAGs
[2026-04-20T22:26:13.631+0000] {logging_mixin.py:188} INFO - [2026-04-20T22:26:13.630+0000] {dag.py:3823} INFO - Setting next_dagrun for logidata_pipeline_dag to None, run_after=None
[2026-04-20T22:26:13.824+0000] {processor.py:183} INFO - Processing /opt/airflow/dags/logidata_pipeline_dag.py took 0.319 seconds
[2026-04-20T22:26:53.868+0000] {processor.py:161} INFO - Started process (PID=1045) to work on /opt/airflow/dags/logidata_pipeline_dag.py
[2026-04-20T22:26:53.869+0000] {processor.py:830} INFO - Processing file /opt/airflow/dags/logidata_pipeline_dag.py for tasks to queue
[2026-04-20T22:26:53.870+0000] {logging_mixin.py:188} INFO - [2026-04-20T22:26:53.870+0000] {dagbag.py:538} INFO - Filling up the DagBag from /opt/airflow/dags/logidata_pipeline_dag.py
[2026-04-20T22:26:53.944+0000] {processor.py:840} INFO - DAG(s) 'logidata_pipeline_dag' retrieved from /opt/airflow/dags/logidata_pipeline_dag.py
[2026-04-20T22:26:53.979+0000] {logging_mixin.py:188} INFO - [2026-04-20T22:26:53.979+0000] {dag.py:3036} INFO - Sync 1 DAGs
[2026-04-20T22:26:53.993+0000] {logging_mixin.py:188} INFO - [2026-04-20T22:26:53.993+0000] {dag.py:3823} INFO - Setting next_dagrun for logidata_pipeline_dag to None, run_after=None
[2026-04-20T22:26:54.233+0000] {processor.py:183} INFO - Processing /opt/airflow/dags/logidata_pipeline_dag.py took 0.368 seconds
[2026-04-20T22:27:24.563+0000] {processor.py:161} INFO - Started process (PID=1056) to work on /opt/airflow/dags/logidata_pipeline_dag.py
[2026-04-20T22:27:24.565+0000] {processor.py:830} INFO - Processing file /opt/airflow/dags/logidata_pipeline_dag.py for tasks to queue
[2026-04-20T22:27:24.566+0000] {logging_mixin.py:188} INFO - [2026-04-20T22:27:24.565+0000] {dagbag.py:538} INFO - Filling up the DagBag from /opt/airflow/dags/logidata_pipeline_dag.py
[2026-04-20T22:27:24.624+0000] {processor.py:840} INFO - DAG(s) 'logidata_pipeline_dag' retrieved from /opt/airflow/dags/logidata_pipeline_dag.py
[2026-04-20T22:27:24.799+0000] {logging_mixin.py:188} INFO - [2026-04-20T22:27:24.799+0000] {dag.py:3036} INFO - Sync 1 DAGs
[2026-04-20T22:27:24.813+0000] {logging_mixin.py:188} INFO - [2026-04-20T22:27:24.812+0000] {dag.py:3823} INFO - Setting next_dagrun for logidata_pipeline_dag to None, run_after=None
[2026-04-20T22:27:24.896+0000] {processor.py:183} INFO - Processing /opt/airflow/dags/logidata_pipeline_dag.py took 0.336 seconds
[2026-04-20T22:27:55.665+0000] {processor.py:161} INFO - Started process (PID=1057) to work on /opt/airflow/dags/logidata_pipeline_dag.py
[2026-04-20T22:27:55.667+0000] {processor.py:830} INFO - Processing file /opt/airflow/dags/logidata_pipeline_dag.py for tasks to queue
[2026-04-20T22:27:55.668+0000] {logging_mixin.py:188} INFO - [2026-04-20T22:27:55.668+0000] {dagbag.py:538} INFO - Filling up the DagBag from /opt/airflow/dags/logidata_pipeline_dag.py
[2026-04-20T22:27:55.896+0000] {processor.py:840} INFO - DAG(s) 'logidata_pipeline_dag' retrieved from /opt/airflow/dags/logidata_pipeline_dag.py
[2026-04-20T22:27:55.946+0000] {logging_mixin.py:188} INFO - [2026-04-20T22:27:55.945+0000] {dag.py:3036} INFO - Sync 1 DAGs
[2026-04-20T22:27:55.963+0000] {logging_mixin.py:188} INFO - [2026-04-20T22:27:55.963+0000] {dag.py:3823} INFO - Setting next_dagrun for logidata_pipeline_dag to None, run_after=None
[2026-04-20T22:27:56.105+0000] {processor.py:183} INFO - Processing /opt/airflow/dags/logidata_pipeline_dag.py took 0.446 seconds
[2026-04-20T22:28:26.367+0000] {processor.py:161} INFO - Started process (PID=1058) to work on /opt/airflow/dags/logidata_pipeline_dag.py
[2026-04-20T22:28:26.368+0000] {processor.py:830} INFO - Processing file /opt/airflow/dags/logidata_pipeline_dag.py for tasks to queue
[2026-04-20T22:28:26.369+0000] {logging_mixin.py:188} INFO - [2026-04-20T22:28:26.369+0000] {dagbag.py:538} INFO - Filling up the DagBag from /opt/airflow/dags/logidata_pipeline_dag.py
[2026-04-20T22:28:26.586+0000] {processor.py:840} INFO - DAG(s) 'logidata_pipeline_dag' retrieved from /opt/airflow/dags/logidata_pipeline_dag.py
[2026-04-20T22:28:26.636+0000] {logging_mixin.py:188} INFO - [2026-04-20T22:28:26.636+0000] {dag.py:3036} INFO - Sync 1 DAGs
[2026-04-20T22:28:26.652+0000] {logging_mixin.py:188} INFO - [2026-04-20T22:28:26.652+0000] {dag.py:3823} INFO - Setting next_dagrun for logidata_pipeline_dag to None, run_after=None
[2026-04-20T22:28:26.730+0000] {processor.py:183} INFO - Processing /opt/airflow/dags/logidata_pipeline_dag.py took 0.367 seconds
[2026-04-20T22:28:57.204+0000] {processor.py:161} INFO - Started process (PID=1059) to work on /opt/airflow/dags/logidata_pipeline_dag.py
[2026-04-20T22:28:57.207+0000] {processor.py:830} INFO - Processing file /opt/airflow/dags/logidata_pipeline_dag.py for tasks to queue
[2026-04-20T22:28:57.210+0000] {logging_mixin.py:188} INFO - [2026-04-20T22:28:57.209+0000] {dagbag.py:538} INFO - Filling up the DagBag from /opt/airflow/dags/logidata_pipeline_dag.py
[2026-04-20T22:28:57.343+0000] {processor.py:840} INFO - DAG(s) 'logidata_pipeline_dag' retrieved from /opt/airflow/dags/logidata_pipeline_dag.py
[2026-04-20T22:28:57.391+0000] {logging_mixin.py:188} INFO - [2026-04-20T22:28:57.390+0000] {dag.py:3036} INFO - Sync 1 DAGs
[2026-04-20T22:28:57.413+0000] {logging_mixin.py:188} INFO - [2026-04-20T22:28:57.412+0000] {dag.py:3823} INFO - Setting next_dagrun for logidata_pipeline_dag to None, run_after=None
[2026-04-20T22:28:57.662+0000] {processor.py:183} INFO - Processing /opt/airflow/dags/logidata_pipeline_dag.py took 0.477 seconds
[2026-04-20T22:29:27.836+0000] {processor.py:161} INFO - Started process (PID=1060) to work on /opt/airflow/dags/logidata_pipeline_dag.py
[2026-04-20T22:29:27.837+0000] {processor.py:830} INFO - Processing file /opt/airflow/dags/logidata_pipeline_dag.py for tasks to queue
[2026-04-20T22:29:27.839+0000] {logging_mixin.py:188} INFO - [2026-04-20T22:29:27.839+0000] {dagbag.py:538} INFO - Filling up the DagBag from /opt/airflow/dags/logidata_pipeline_dag.py
[2026-04-20T22:29:27.915+0000] {processor.py:840} INFO - DAG(s) 'logidata_pipeline_dag' retrieved from /opt/airflow/dags/logidata_pipeline_dag.py
[2026-04-20T22:29:28.119+0000] {logging_mixin.py:188} INFO - [2026-04-20T22:29:28.119+0000] {dag.py:3036} INFO - Sync 1 DAGs
[2026-04-20T22:29:28.135+0000] {logging_mixin.py:188} INFO - [2026-04-20T22:29:28.135+0000] {dag.py:3823} INFO - Setting next_dagrun for logidata_pipeline_dag to None, run_after=None
[2026-04-20T22:29:28.225+0000] {processor.py:183} INFO - Processing /opt/airflow/dags/logidata_pipeline_dag.py took 0.397 seconds
[2026-04-20T22:29:59.066+0000] {processor.py:161} INFO - Started process (PID=1061) to work on /opt/airflow/dags/logidata_pipeline_dag.py
[2026-04-20T22:29:59.069+0000] {processor.py:830} INFO - Processing file /opt/airflow/dags/logidata_pipeline_dag.py for tasks to queue
[2026-04-20T22:29:59.071+0000] {logging_mixin.py:188} INFO - [2026-04-20T22:29:59.071+0000] {dagbag.py:538} INFO - Filling up the DagBag from /opt/airflow/dags/logidata_pipeline_dag.py
[2026-04-20T22:29:59.315+0000] {processor.py:840} INFO - DAG(s) 'logidata_pipeline_dag' retrieved from /opt/airflow/dags/logidata_pipeline_dag.py
[2026-04-20T22:29:59.356+0000] {logging_mixin.py:188} INFO - [2026-04-20T22:29:59.355+0000] {dag.py:3036} INFO - Sync 1 DAGs
[2026-04-20T22:29:59.379+0000] {logging_mixin.py:188} INFO - [2026-04-20T22:29:59.379+0000] {dag.py:3823} INFO - Setting next_dagrun for logidata_pipeline_dag to None, run_after=None
[2026-04-20T22:29:59.530+0000] {processor.py:183} INFO - Processing /opt/airflow/dags/logidata_pipeline_dag.py took 0.467 seconds
[2026-04-20T22:30:32.264+0000] {processor.py:161} INFO - Started process (PID=1062) to work on /opt/airflow/dags/logidata_pipeline_dag.py
[2026-04-20T22:30:32.267+0000] {processor.py:830} INFO - Processing file /opt/airflow/dags/logidata_pipeline_dag.py for tasks to queue
[2026-04-20T22:30:32.273+0000] {logging_mixin.py:188} INFO - [2026-04-20T22:30:32.270+0000] {dagbag.py:538} INFO - Filling up the DagBag from /opt/airflow/dags/logidata_pipeline_dag.py
[2026-04-20T22:30:32.487+0000] {processor.py:840} INFO - DAG(s) 'logidata_pipeline_dag' retrieved from /opt/airflow/dags/logidata_pipeline_dag.py
[2026-04-20T22:30:32.533+0000] {logging_mixin.py:188} INFO - [2026-04-20T22:30:32.533+0000] {dag.py:3036} INFO - Sync 1 DAGs
[2026-04-20T22:30:32.553+0000] {logging_mixin.py:188} INFO - [2026-04-20T22:30:32.552+0000] {dag.py:3823} INFO - Setting next_dagrun for logidata_pipeline_dag to None, run_after=None
[2026-04-20T22:30:32.635+0000] {processor.py:183} INFO - Processing /opt/airflow/dags/logidata_pipeline_dag.py took 0.384 seconds
[2026-04-20T22:31:05.224+0000] {processor.py:161} INFO - Started process (PID=1063) to work on /opt/airflow/dags/logidata_pipeline_dag.py
[2026-04-20T22:31:05.226+0000] {processor.py:830} INFO - Processing file /opt/airflow/dags/logidata_pipeline_dag.py for tasks to queue
[2026-04-20T22:31:05.228+0000] {logging_mixin.py:188} INFO - [2026-04-20T22:31:05.228+0000] {dagbag.py:538} INFO - Filling up the DagBag from /opt/airflow/dags/logidata_pipeline_dag.py
[2026-04-20T22:31:05.334+0000] {processor.py:840} INFO - DAG(s) 'logidata_pipeline_dag' retrieved from /opt/airflow/dags/logidata_pipeline_dag.py
[2026-04-20T22:31:05.392+0000] {logging_mixin.py:188} INFO - [2026-04-20T22:31:05.392+0000] {dag.py:3036} INFO - Sync 1 DAGs
[2026-04-20T22:31:05.416+0000] {logging_mixin.py:188} INFO - [2026-04-20T22:31:05.416+0000] {dag.py:3823} INFO - Setting next_dagrun for logidata_pipeline_dag to None, run_after=None
[2026-04-20T22:31:05.638+0000] {processor.py:183} INFO - Processing /opt/airflow/dags/logidata_pipeline_dag.py took 0.422 seconds
[2026-04-20T22:31:36.769+0000] {processor.py:161} INFO - Started process (PID=1064) to work on /opt/airflow/dags/logidata_pipeline_dag.py
[2026-04-20T22:31:36.771+0000] {processor.py:830} INFO - Processing file /opt/airflow/dags/logidata_pipeline_dag.py for tasks to queue
[2026-04-20T22:31:36.773+0000] {logging_mixin.py:188} INFO - [2026-04-20T22:31:36.772+0000] {dagbag.py:538} INFO - Filling up the DagBag from /opt/airflow/dags/logidata_pipeline_dag.py
[2026-04-20T22:31:36.872+0000] {processor.py:840} INFO - DAG(s) 'logidata_pipeline_dag' retrieved from /opt/airflow/dags/logidata_pipeline_dag.py
[2026-04-20T22:31:37.065+0000] {logging_mixin.py:188} INFO - [2026-04-20T22:31:37.065+0000] {dag.py:3036} INFO - Sync 1 DAGs
[2026-04-20T22:31:37.080+0000] {logging_mixin.py:188} INFO - [2026-04-20T22:31:37.080+0000] {dag.py:3823} INFO - Setting next_dagrun for logidata_pipeline_dag to None, run_after=None
[2026-04-20T22:31:37.214+0000] {processor.py:183} INFO - Processing /opt/airflow/dags/logidata_pipeline_dag.py took 0.454 seconds
[2026-04-20T22:32:08.464+0000] {processor.py:161} INFO - Started process (PID=1065) to work on /opt/airflow/dags/logidata_pipeline_dag.py
[2026-04-20T22:32:08.465+0000] {processor.py:830} INFO - Processing file /opt/airflow/dags/logidata_pipeline_dag.py for tasks to queue
[2026-04-20T22:32:08.467+0000] {logging_mixin.py:188} INFO - [2026-04-20T22:32:08.466+0000] {dagbag.py:538} INFO - Filling up the DagBag from /opt/airflow/dags/logidata_pipeline_dag.py
[2026-04-20T22:32:08.705+0000] {processor.py:840} INFO - DAG(s) 'logidata_pipeline_dag' retrieved from /opt/airflow/dags/logidata_pipeline_dag.py
[2026-04-20T22:32:08.746+0000] {logging_mixin.py:188} INFO - [2026-04-20T22:32:08.746+0000] {dag.py:3036} INFO - Sync 1 DAGs
[2026-04-20T22:32:08.759+0000] {logging_mixin.py:188} INFO - [2026-04-20T22:32:08.758+0000] {dag.py:3823} INFO - Setting next_dagrun for logidata_pipeline_dag to None, run_after=None
[2026-04-20T22:32:08.840+0000] {processor.py:183} INFO - Processing /opt/airflow/dags/logidata_pipeline_dag.py took 0.381 seconds
[2026-04-20T22:32:39.705+0000] {processor.py:161} INFO - Started process (PID=1066) to work on /opt/airflow/dags/logidata_pipeline_dag.py
[2026-04-20T22:32:39.706+0000] {processor.py:830} INFO - Processing file /opt/airflow/dags/logidata_pipeline_dag.py for tasks to queue
[2026-04-20T22:32:39.708+0000] {logging_mixin.py:188} INFO - [2026-04-20T22:32:39.707+0000] {dagbag.py:538} INFO - Filling up the DagBag from /opt/airflow/dags/logidata_pipeline_dag.py
[2026-04-20T22:32:39.910+0000] {processor.py:840} INFO - DAG(s) 'logidata_pipeline_dag' retrieved from /opt/airflow/dags/logidata_pipeline_dag.py
[2026-04-20T22:32:39.954+0000] {logging_mixin.py:188} INFO - [2026-04-20T22:32:39.953+0000] {dag.py:3036} INFO - Sync 1 DAGs
[2026-04-20T22:32:39.966+0000] {logging_mixin.py:188} INFO - [2026-04-20T22:32:39.966+0000] {dag.py:3823} INFO - Setting next_dagrun for logidata_pipeline_dag to None, run_after=None
[2026-04-20T22:32:40.050+0000] {processor.py:183} INFO - Processing /opt/airflow/dags/logidata_pipeline_dag.py took 0.353 seconds
[2026-04-20T22:33:10.931+0000] {processor.py:161} INFO - Started process (PID=1067) to work on /opt/airflow/dags/logidata_pipeline_dag.py
[2026-04-20T22:33:10.933+0000] {processor.py:830} INFO - Processing file /opt/airflow/dags/logidata_pipeline_dag.py for tasks to queue
[2026-04-20T22:33:10.935+0000] {logging_mixin.py:188} INFO - [2026-04-20T22:33:10.934+0000] {dagbag.py:538} INFO - Filling up the DagBag from /opt/airflow/dags/logidata_pipeline_dag.py
[2026-04-20T22:33:11.031+0000] {processor.py:840} INFO - DAG(s) 'logidata_pipeline_dag' retrieved from /opt/airflow/dags/logidata_pipeline_dag.py
[2026-04-20T22:33:11.082+0000] {logging_mixin.py:188} INFO - [2026-04-20T22:33:11.082+0000] {dag.py:3036} INFO - Sync 1 DAGs
[2026-04-20T22:33:11.100+0000] {logging_mixin.py:188} INFO - [2026-04-20T22:33:11.099+0000] {dag.py:3823} INFO - Setting next_dagrun for logidata_pipeline_dag to None, run_after=None
[2026-04-20T22:33:11.323+0000] {processor.py:183} INFO - Processing /opt/airflow/dags/logidata_pipeline_dag.py took 0.399 seconds
[2026-04-20T22:33:43.007+0000] {processor.py:161} INFO - Started process (PID=1068) to work on /opt/airflow/dags/logidata_pipeline_dag.py
[2026-04-20T22:33:43.008+0000] {processor.py:830} INFO - Processing file /opt/airflow/dags/logidata_pipeline_dag.py for tasks to queue
[2026-04-20T22:33:43.010+0000] {logging_mixin.py:188} INFO - [2026-04-20T22:33:43.009+0000] {dagbag.py:538} INFO - Filling up the DagBag from /opt/airflow/dags/logidata_pipeline_dag.py
[2026-04-20T22:33:43.110+0000] {processor.py:840} INFO - DAG(s) 'logidata_pipeline_dag' retrieved from /opt/airflow/dags/logidata_pipeline_dag.py
[2026-04-20T22:33:43.275+0000] {logging_mixin.py:188} INFO - [2026-04-20T22:33:43.275+0000] {dag.py:3036} INFO - Sync 1 DAGs
[2026-04-20T22:33:43.292+0000] {logging_mixin.py:188} INFO - [2026-04-20T22:33:43.292+0000] {dag.py:3823} INFO - Setting next_dagrun for logidata_pipeline_dag to None, run_after=None
[2026-04-20T22:33:43.362+0000] {processor.py:183} INFO - Processing /opt/airflow/dags/logidata_pipeline_dag.py took 0.359 seconds
[2026-04-20T22:34:15.727+0000] {processor.py:161} INFO - Started process (PID=1069) to work on /opt/airflow/dags/logidata_pipeline_dag.py
[2026-04-20T22:34:15.728+0000] {processor.py:830} INFO - Processing file /opt/airflow/dags/logidata_pipeline_dag.py for tasks to queue
[2026-04-20T22:34:15.730+0000] {logging_mixin.py:188} INFO - [2026-04-20T22:34:15.729+0000] {dagbag.py:538} INFO - Filling up the DagBag from /opt/airflow/dags/logidata_pipeline_dag.py
[2026-04-20T22:34:15.978+0000] {processor.py:840} INFO - DAG(s) 'logidata_pipeline_dag' retrieved from /opt/airflow/dags/logidata_pipeline_dag.py
[2026-04-20T22:34:16.013+0000] {logging_mixin.py:188} INFO - [2026-04-20T22:34:16.013+0000] {dag.py:3036} INFO - Sync 1 DAGs
[2026-04-20T22:34:16.024+0000] {logging_mixin.py:188} INFO - [2026-04-20T22:34:16.024+0000] {dag.py:3823} INFO - Setting next_dagrun for logidata_pipeline_dag to None, run_after=None
[2026-04-20T22:34:16.114+0000] {processor.py:183} INFO - Processing /opt/airflow/dags/logidata_pipeline_dag.py took 0.391 seconds
[2026-04-20T22:34:47.209+0000] {processor.py:161} INFO - Started process (PID=1070) to work on /opt/airflow/dags/logidata_pipeline_dag.py
[2026-04-20T22:34:47.213+0000] {processor.py:830} INFO - Processing file /opt/airflow/dags/logidata_pipeline_dag.py for tasks to queue
[2026-04-20T22:34:47.214+0000] {logging_mixin.py:188} INFO - [2026-04-20T22:34:47.214+0000] {dagbag.py:538} INFO - Filling up the DagBag from /opt/airflow/dags/logidata_pipeline_dag.py
[2026-04-20T22:34:47.468+0000] {processor.py:840} INFO - DAG(s) 'logidata_pipeline_dag' retrieved from /opt/airflow/dags/logidata_pipeline_dag.py
[2026-04-20T22:34:47.511+0000] {logging_mixin.py:188} INFO - [2026-04-20T22:34:47.510+0000] {dag.py:3036} INFO - Sync 1 DAGs
[2026-04-20T22:34:47.529+0000] {logging_mixin.py:188} INFO - [2026-04-20T22:34:47.529+0000] {dag.py:3823} INFO - Setting next_dagrun for logidata_pipeline_dag to None, run_after=None
[2026-04-20T22:34:47.619+0000] {processor.py:183} INFO - Processing /opt/airflow/dags/logidata_pipeline_dag.py took 0.425 seconds
[2026-04-20T22:35:18.555+0000] {processor.py:161} INFO - Started process (PID=1071) to work on /opt/airflow/dags/logidata_pipeline_dag.py
[2026-04-20T22:35:18.559+0000] {processor.py:830} INFO - Processing file /opt/airflow/dags/logidata_pipeline_dag.py for tasks to queue
[2026-04-20T22:35:18.560+0000] {logging_mixin.py:188} INFO - [2026-04-20T22:35:18.560+0000] {dagbag.py:538} INFO - Filling up the DagBag from /opt/airflow/dags/logidata_pipeline_dag.py
[2026-04-20T22:35:18.636+0000] {processor.py:840} INFO - DAG(s) 'logidata_pipeline_dag' retrieved from /opt/airflow/dags/logidata_pipeline_dag.py
[2026-04-20T22:35:18.682+0000] {logging_mixin.py:188} INFO - [2026-04-20T22:35:18.682+0000] {dag.py:3036} INFO - Sync 1 DAGs
[2026-04-20T22:35:18.704+0000] {logging_mixin.py:188} INFO - [2026-04-20T22:35:18.704+0000] {dag.py:3823} INFO - Setting next_dagrun for logidata_pipeline_dag to None, run_after=None
[2026-04-20T22:35:18.998+0000] {processor.py:183} INFO - Processing /opt/airflow/dags/logidata_pipeline_dag.py took 0.448 seconds
[2026-04-20T22:35:49.269+0000] {processor.py:161} INFO - Started process (PID=1072) to work on /opt/airflow/dags/logidata_pipeline_dag.py
[2026-04-20T22:35:49.270+0000] {processor.py:830} INFO - Processing file /opt/airflow/dags/logidata_pipeline_dag.py for tasks to queue
[2026-04-20T22:35:49.272+0000] {logging_mixin.py:188} INFO - [2026-04-20T22:35:49.271+0000] {dagbag.py:538} INFO - Filling up the DagBag from /opt/airflow/dags/logidata_pipeline_dag.py
[2026-04-20T22:35:49.351+0000] {processor.py:840} INFO - DAG(s) 'logidata_pipeline_dag' retrieved from /opt/airflow/dags/logidata_pipeline_dag.py
[2026-04-20T22:35:49.522+0000] {logging_mixin.py:188} INFO - [2026-04-20T22:35:49.522+0000] {dag.py:3036} INFO - Sync 1 DAGs
[2026-04-20T22:35:49.537+0000] {logging_mixin.py:188} INFO - [2026-04-20T22:35:49.537+0000] {dag.py:3823} INFO - Setting next_dagrun for logidata_pipeline_dag to None, run_after=None
[2026-04-20T22:35:49.616+0000] {processor.py:183} INFO - Processing /opt/airflow/dags/logidata_pipeline_dag.py took 0.353 seconds
[2026-04-20T22:36:22.214+0000] {processor.py:161} INFO - Started process (PID=1073) to work on /opt/airflow/dags/logidata_pipeline_dag.py
[2026-04-20T22:36:22.215+0000] {processor.py:830} INFO - Processing file /opt/airflow/dags/logidata_pipeline_dag.py for tasks to queue
[2026-04-20T22:36:22.216+0000] {logging_mixin.py:188} INFO - [2026-04-20T22:36:22.216+0000] {dagbag.py:538} INFO - Filling up the DagBag from /opt/airflow/dags/logidata_pipeline_dag.py
[2026-04-20T22:36:22.429+0000] {processor.py:840} INFO - DAG(s) 'logidata_pipeline_dag' retrieved from /opt/airflow/dags/logidata_pipeline_dag.py
[2026-04-20T22:36:22.467+0000] {logging_mixin.py:188} INFO - [2026-04-20T22:36:22.467+0000] {dag.py:3036} INFO - Sync 1 DAGs
[2026-04-20T22:36:22.479+0000] {logging_mixin.py:188} INFO - [2026-04-20T22:36:22.479+0000] {dag.py:3823} INFO - Setting next_dagrun for logidata_pipeline_dag to None, run_after=None
[2026-04-20T22:36:22.547+0000] {processor.py:183} INFO - Processing /opt/airflow/dags/logidata_pipeline_dag.py took 0.340 seconds
[2026-04-20T22:36:55.186+0000] {processor.py:161} INFO - Started process (PID=1074) to work on /opt/airflow/dags/logidata_pipeline_dag.py
[2026-04-20T22:36:55.187+0000] {processor.py:830} INFO - Processing file /opt/airflow/dags/logidata_pipeline_dag.py for tasks to queue
[2026-04-20T22:36:55.188+0000] {logging_mixin.py:188} INFO - [2026-04-20T22:36:55.188+0000] {dagbag.py:538} INFO - Filling up the DagBag from /opt/airflow/dags/logidata_pipeline_dag.py
[2026-04-20T22:36:55.398+0000] {processor.py:840} INFO - DAG(s) 'logidata_pipeline_dag' retrieved from /opt/airflow/dags/logidata_pipeline_dag.py
[2026-04-20T22:36:55.456+0000] {logging_mixin.py:188} INFO - [2026-04-20T22:36:55.456+0000] {dag.py:3036} INFO - Sync 1 DAGs
[2026-04-20T22:36:55.478+0000] {logging_mixin.py:188} INFO - [2026-04-20T22:36:55.478+0000] {dag.py:3823} INFO - Setting next_dagrun for logidata_pipeline_dag to None, run_after=None
[2026-04-20T22:36:55.644+0000] {processor.py:183} INFO - Processing /opt/airflow/dags/logidata_pipeline_dag.py took 0.461 seconds
[2026-04-20T22:37:26.845+0000] {processor.py:161} INFO - Started process (PID=1075) to work on /opt/airflow/dags/logidata_pipeline_dag.py
[2026-04-20T22:37:26.846+0000] {processor.py:830} INFO - Processing file /opt/airflow/dags/logidata_pipeline_dag.py for tasks to queue
[2026-04-20T22:37:26.848+0000] {logging_mixin.py:188} INFO - [2026-04-20T22:37:26.847+0000] {dagbag.py:538} INFO - Filling up the DagBag from /opt/airflow/dags/logidata_pipeline_dag.py
[2026-04-20T22:37:26.932+0000] {processor.py:840} INFO - DAG(s) 'logidata_pipeline_dag' retrieved from /opt/airflow/dags/logidata_pipeline_dag.py
[2026-04-20T22:37:26.981+0000] {logging_mixin.py:188} INFO - [2026-04-20T22:37:26.980+0000] {dag.py:3036} INFO - Sync 1 DAGs
[2026-04-20T22:37:27.002+0000] {logging_mixin.py:188} INFO - [2026-04-20T22:37:27.002+0000] {dag.py:3823} INFO - Setting next_dagrun for logidata_pipeline_dag to None, run_after=None
[2026-04-20T22:37:27.251+0000] {processor.py:183} INFO - Processing /opt/airflow/dags/logidata_pipeline_dag.py took 0.410 seconds
[2026-04-20T22:37:57.818+0000] {processor.py:161} INFO - Started process (PID=1076) to work on /opt/airflow/dags/logidata_pipeline_dag.py
[2026-04-20T22:37:57.820+0000] {processor.py:830} INFO - Processing file /opt/airflow/dags/logidata_pipeline_dag.py for tasks to queue
[2026-04-20T22:37:57.821+0000] {logging_mixin.py:188} INFO - [2026-04-20T22:37:57.821+0000] {dagbag.py:538} INFO - Filling up the DagBag from /opt/airflow/dags/logidata_pipeline_dag.py
[2026-04-20T22:37:57.922+0000] {processor.py:840} INFO - DAG(s) 'logidata_pipeline_dag' retrieved from /opt/airflow/dags/logidata_pipeline_dag.py
[2026-04-20T22:37:58.129+0000] {logging_mixin.py:188} INFO - [2026-04-20T22:37:58.128+0000] {dag.py:3036} INFO - Sync 1 DAGs
[2026-04-20T22:37:58.146+0000] {logging_mixin.py:188} INFO - [2026-04-20T22:37:58.145+0000] {dag.py:3823} INFO - Setting next_dagrun for logidata_pipeline_dag to None, run_after=None
[2026-04-20T22:37:58.255+0000] {processor.py:183} INFO - Processing /opt/airflow/dags/logidata_pipeline_dag.py took 0.440 seconds
[2026-04-20T22:38:28.588+0000] {processor.py:161} INFO - Started process (PID=1077) to work on /opt/airflow/dags/logidata_pipeline_dag.py
[2026-04-20T22:38:28.592+0000] {processor.py:830} INFO - Processing file /opt/airflow/dags/logidata_pipeline_dag.py for tasks to queue
[2026-04-20T22:38:28.593+0000] {logging_mixin.py:188} INFO - [2026-04-20T22:38:28.593+0000] {dagbag.py:538} INFO - Filling up the DagBag from /opt/airflow/dags/logidata_pipeline_dag.py
[2026-04-20T22:38:28.808+0000] {processor.py:840} INFO - DAG(s) 'logidata_pipeline_dag' retrieved from /opt/airflow/dags/logidata_pipeline_dag.py
[2026-04-20T22:38:28.844+0000] {logging_mixin.py:188} INFO - [2026-04-20T22:38:28.844+0000] {dag.py:3036} INFO - Sync 1 DAGs
[2026-04-20T22:38:28.860+0000] {logging_mixin.py:188} INFO - [2026-04-20T22:38:28.860+0000] {dag.py:3823} INFO - Setting next_dagrun for logidata_pipeline_dag to None, run_after=None
[2026-04-20T22:38:29.005+0000] {processor.py:183} INFO - Processing /opt/airflow/dags/logidata_pipeline_dag.py took 0.421 seconds
[2026-04-20T22:39:01.126+0000] {processor.py:161} INFO - Started process (PID=1078) to work on /opt/airflow/dags/logidata_pipeline_dag.py
[2026-04-20T22:39:01.140+0000] {processor.py:830} INFO - Processing file /opt/airflow/dags/logidata_pipeline_dag.py for tasks to queue
[2026-04-20T22:39:01.142+0000] {logging_mixin.py:188} INFO - [2026-04-20T22:39:01.141+0000] {dagbag.py:538} INFO - Filling up the DagBag from /opt/airflow/dags/logidata_pipeline_dag.py
[2026-04-20T22:39:01.384+0000] {processor.py:840} INFO - DAG(s) 'logidata_pipeline_dag' retrieved from /opt/airflow/dags/logidata_pipeline_dag.py
[2026-04-20T22:39:01.417+0000] {logging_mixin.py:188} INFO - [2026-04-20T22:39:01.417+0000] {dag.py:3036} INFO - Sync 1 DAGs
[2026-04-20T22:39:01.429+0000] {logging_mixin.py:188} INFO - [2026-04-20T22:39:01.429+0000] {dag.py:3823} INFO - Setting next_dagrun for logidata_pipeline_dag to None, run_after=None
[2026-04-20T22:39:01.513+0000] {processor.py:183} INFO - Processing /opt/airflow/dags/logidata_pipeline_dag.py took 0.390 seconds
[2026-04-20T22:39:32.905+0000] {processor.py:161} INFO - Started process (PID=1079) to work on /opt/airflow/dags/logidata_pipeline_dag.py
[2026-04-20T22:39:32.907+0000] {processor.py:830} INFO - Processing file /opt/airflow/dags/logidata_pipeline_dag.py for tasks to queue
[2026-04-20T22:39:32.908+0000] {logging_mixin.py:188} INFO - [2026-04-20T22:39:32.908+0000] {dagbag.py:538} INFO - Filling up the DagBag from /opt/airflow/dags/logidata_pipeline_dag.py
[2026-04-20T22:39:33.001+0000] {processor.py:840} INFO - DAG(s) 'logidata_pipeline_dag' retrieved from /opt/airflow/dags/logidata_pipeline_dag.py
[2026-04-20T22:39:33.069+0000] {logging_mixin.py:188} INFO - [2026-04-20T22:39:33.069+0000] {dag.py:3036} INFO - Sync 1 DAGs
[2026-04-20T22:39:33.090+0000] {logging_mixin.py:188} INFO - [2026-04-20T22:39:33.089+0000] {dag.py:3823} INFO - Setting next_dagrun for logidata_pipeline_dag to None, run_after=None
[2026-04-20T22:39:33.393+0000] {processor.py:183} INFO - Processing /opt/airflow/dags/logidata_pipeline_dag.py took 0.492 seconds
[2026-04-20T22:40:06.142+0000] {processor.py:161} INFO - Started process (PID=1080) to work on /opt/airflow/dags/logidata_pipeline_dag.py
[2026-04-20T22:40:06.144+0000] {processor.py:830} INFO - Processing file /opt/airflow/dags/logidata_pipeline_dag.py for tasks to queue
[2026-04-20T22:40:06.146+0000] {logging_mixin.py:188} INFO - [2026-04-20T22:40:06.145+0000] {dagbag.py:538} INFO - Filling up the DagBag from /opt/airflow/dags/logidata_pipeline_dag.py
[2026-04-20T22:40:06.255+0000] {processor.py:840} INFO - DAG(s) 'logidata_pipeline_dag' retrieved from /opt/airflow/dags/logidata_pipeline_dag.py
[2026-04-20T22:40:06.451+0000] {logging_mixin.py:188} INFO - [2026-04-20T22:40:06.451+0000] {dag.py:3036} INFO - Sync 1 DAGs
[2026-04-20T22:40:06.470+0000] {logging_mixin.py:188} INFO - [2026-04-20T22:40:06.469+0000] {dag.py:3823} INFO - Setting next_dagrun for logidata_pipeline_dag to None, run_after=None
[2026-04-20T22:40:06.568+0000] {processor.py:183} INFO - Processing /opt/airflow/dags/logidata_pipeline_dag.py took 0.430 seconds
[2026-04-20T22:40:36.891+0000] {processor.py:161} INFO - Started process (PID=1081) to work on /opt/airflow/dags/logidata_pipeline_dag.py
[2026-04-20T22:40:36.894+0000] {processor.py:830} INFO - Processing file /opt/airflow/dags/logidata_pipeline_dag.py for tasks to queue
[2026-04-20T22:40:36.897+0000] {logging_mixin.py:188} INFO - [2026-04-20T22:40:36.896+0000] {dagbag.py:538} INFO - Filling up the DagBag from /opt/airflow/dags/logidata_pipeline_dag.py
[2026-04-20T22:40:37.157+0000] {processor.py:840} INFO - DAG(s) 'logidata_pipeline_dag' retrieved from /opt/airflow/dags/logidata_pipeline_dag.py
[2026-04-20T22:40:37.199+0000] {logging_mixin.py:188} INFO - [2026-04-20T22:40:37.199+0000] {dag.py:3036} INFO - Sync 1 DAGs
[2026-04-20T22:40:37.219+0000] {logging_mixin.py:188} INFO - [2026-04-20T22:40:37.219+0000] {dag.py:3823} INFO - Setting next_dagrun for logidata_pipeline_dag to None, run_after=None
[2026-04-20T22:40:37.348+0000] {processor.py:183} INFO - Processing /opt/airflow/dags/logidata_pipeline_dag.py took 0.468 seconds
[2026-04-20T22:41:08.009+0000] {processor.py:161} INFO - Started process (PID=1082) to work on /opt/airflow/dags/logidata_pipeline_dag.py
[2026-04-20T22:41:08.010+0000] {processor.py:830} INFO - Processing file /opt/airflow/dags/logidata_pipeline_dag.py for tasks to queue
[2026-04-20T22:41:08.012+0000] {logging_mixin.py:188} INFO - [2026-04-20T22:41:08.011+0000] {dagbag.py:538} INFO - Filling up the DagBag from /opt/airflow/dags/logidata_pipeline_dag.py
[2026-04-20T22:41:08.234+0000] {processor.py:840} INFO - DAG(s) 'logidata_pipeline_dag' retrieved from /opt/airflow/dags/logidata_pipeline_dag.py
[2026-04-20T22:41:08.273+0000] {logging_mixin.py:188} INFO - [2026-04-20T22:41:08.273+0000] {dag.py:3036} INFO - Sync 1 DAGs
[2026-04-20T22:41:08.287+0000] {logging_mixin.py:188} INFO - [2026-04-20T22:41:08.287+0000] {dag.py:3823} INFO - Setting next_dagrun for logidata_pipeline_dag to None, run_after=None
[2026-04-20T22:41:08.375+0000] {processor.py:183} INFO - Processing /opt/airflow/dags/logidata_pipeline_dag.py took 0.370 seconds
[2026-04-20T22:41:39.442+0000] {processor.py:161} INFO - Started process (PID=1083) to work on /opt/airflow/dags/logidata_pipeline_dag.py
[2026-04-20T22:41:39.443+0000] {processor.py:830} INFO - Processing file /opt/airflow/dags/logidata_pipeline_dag.py for tasks to queue
[2026-04-20T22:41:39.444+0000] {logging_mixin.py:188} INFO - [2026-04-20T22:41:39.444+0000] {dagbag.py:538} INFO - Filling up the DagBag from /opt/airflow/dags/logidata_pipeline_dag.py
[2026-04-20T22:41:39.578+0000] {processor.py:840} INFO - DAG(s) 'logidata_pipeline_dag' retrieved from /opt/airflow/dags/logidata_pipeline_dag.py
[2026-04-20T22:41:39.660+0000] {logging_mixin.py:188} INFO - [2026-04-20T22:41:39.659+0000] {dag.py:3036} INFO - Sync 1 DAGs
[2026-04-20T22:41:39.684+0000] {logging_mixin.py:188} INFO - [2026-04-20T22:41:39.684+0000] {dag.py:3823} INFO - Setting next_dagrun for logidata_pipeline_dag to None, run_after=None
[2026-04-20T22:41:40.021+0000] {processor.py:183} INFO - Processing /opt/airflow/dags/logidata_pipeline_dag.py took 0.583 seconds
[2026-04-20T22:45:08.988+0000] {processor.py:161} INFO - Started process (PID=1115) to work on /opt/airflow/dags/logidata_pipeline_dag.py
[2026-04-20T22:45:08.991+0000] {processor.py:830} INFO - Processing file /opt/airflow/dags/logidata_pipeline_dag.py for tasks to queue
[2026-04-20T22:45:08.993+0000] {logging_mixin.py:188} INFO - [2026-04-20T22:45:08.992+0000] {dagbag.py:538} INFO - Filling up the DagBag from /opt/airflow/dags/logidata_pipeline_dag.py
[2026-04-20T22:45:09.141+0000] {processor.py:840} INFO - DAG(s) 'logidata_pipeline_dag' retrieved from /opt/airflow/dags/logidata_pipeline_dag.py
[2026-04-20T22:45:09.203+0000] {logging_mixin.py:188} INFO - [2026-04-20T22:45:09.202+0000] {dag.py:3036} INFO - Sync 1 DAGs
[2026-04-20T22:45:09.232+0000] {logging_mixin.py:188} INFO - [2026-04-20T22:45:09.232+0000] {dag.py:3823} INFO - Setting next_dagrun for logidata_pipeline_dag to None, run_after=None
[2026-04-20T22:45:09.313+0000] {processor.py:183} INFO - Processing /opt/airflow/dags/logidata_pipeline_dag.py took 0.329 seconds
[2026-04-20T22:49:45.804+0000] {processor.py:161} INFO - Started process (PID=1127) to work on /opt/airflow/dags/logidata_pipeline_dag.py
[2026-04-20T22:49:45.806+0000] {processor.py:830} INFO - Processing file /opt/airflow/dags/logidata_pipeline_dag.py for tasks to queue
[2026-04-20T22:49:45.808+0000] {logging_mixin.py:188} INFO - [2026-04-20T22:49:45.808+0000] {dagbag.py:538} INFO - Filling up the DagBag from /opt/airflow/dags/logidata_pipeline_dag.py
[2026-04-20T22:49:45.958+0000] {processor.py:840} INFO - DAG(s) 'logidata_pipeline_dag' retrieved from /opt/airflow/dags/logidata_pipeline_dag.py
[2026-04-20T22:49:46.006+0000] {logging_mixin.py:188} INFO - [2026-04-20T22:49:46.005+0000] {dag.py:3036} INFO - Sync 1 DAGs
[2026-04-20T22:49:46.025+0000] {logging_mixin.py:188} INFO - [2026-04-20T22:49:46.025+0000] {dag.py:3823} INFO - Setting next_dagrun for logidata_pipeline_dag to None, run_after=None
[2026-04-20T22:49:46.113+0000] {processor.py:183} INFO - Processing /opt/airflow/dags/logidata_pipeline_dag.py took 0.312 seconds
[2026-04-20T22:53:05.151+0000] {processor.py:161} INFO - Started process (PID=1139) to work on /opt/airflow/dags/logidata_pipeline_dag.py
[2026-04-20T22:53:05.156+0000] {processor.py:830} INFO - Processing file /opt/airflow/dags/logidata_pipeline_dag.py for tasks to queue
[2026-04-20T22:53:05.160+0000] {logging_mixin.py:188} INFO - [2026-04-20T22:53:05.159+0000] {dagbag.py:538} INFO - Filling up the DagBag from /opt/airflow/dags/logidata_pipeline_dag.py
[2026-04-20T22:53:05.320+0000] {processor.py:840} INFO - DAG(s) 'logidata_pipeline_dag' retrieved from /opt/airflow/dags/logidata_pipeline_dag.py
[2026-04-20T22:53:05.379+0000] {logging_mixin.py:188} INFO - [2026-04-20T22:53:05.378+0000] {dag.py:3036} INFO - Sync 1 DAGs
[2026-04-20T22:53:05.398+0000] {logging_mixin.py:188} INFO - [2026-04-20T22:53:05.398+0000] {dag.py:3823} INFO - Setting next_dagrun for logidata_pipeline_dag to None, run_after=None
[2026-04-20T22:53:05.550+0000] {processor.py:183} INFO - Processing /opt/airflow/dags/logidata_pipeline_dag.py took 0.409 seconds
[2026-04-20T22:53:46.847+0000] {processor.py:161} INFO - Started process (PID=1160) to work on /opt/airflow/dags/logidata_pipeline_dag.py
[2026-04-20T22:53:46.849+0000] {processor.py:830} INFO - Processing file /opt/airflow/dags/logidata_pipeline_dag.py for tasks to queue
[2026-04-20T22:53:46.850+0000] {logging_mixin.py:188} INFO - [2026-04-20T22:53:46.850+0000] {dagbag.py:538} INFO - Filling up the DagBag from /opt/airflow/dags/logidata_pipeline_dag.py
[2026-04-20T22:53:46.928+0000] {processor.py:840} INFO - DAG(s) 'logidata_pipeline_dag' retrieved from /opt/airflow/dags/logidata_pipeline_dag.py
[2026-04-20T22:53:46.960+0000] {logging_mixin.py:188} INFO - [2026-04-20T22:53:46.960+0000] {dag.py:3036} INFO - Sync 1 DAGs
[2026-04-20T22:53:46.973+0000] {logging_mixin.py:188} INFO - [2026-04-20T22:53:46.973+0000] {dag.py:3823} INFO - Setting next_dagrun for logidata_pipeline_dag to None, run_after=None
[2026-04-20T22:53:47.104+0000] {processor.py:183} INFO - Processing /opt/airflow/dags/logidata_pipeline_dag.py took 0.262 seconds
[2026-04-20T22:54:17.407+0000] {processor.py:161} INFO - Started process (PID=1171) to work on /opt/airflow/dags/logidata_pipeline_dag.py
[2026-04-20T22:54:17.410+0000] {processor.py:830} INFO - Processing file /opt/airflow/dags/logidata_pipeline_dag.py for tasks to queue
[2026-04-20T22:54:17.412+0000] {logging_mixin.py:188} INFO - [2026-04-20T22:54:17.412+0000] {dagbag.py:538} INFO - Filling up the DagBag from /opt/airflow/dags/logidata_pipeline_dag.py
[2026-04-20T22:54:17.486+0000] {processor.py:840} INFO - DAG(s) 'logidata_pipeline_dag' retrieved from /opt/airflow/dags/logidata_pipeline_dag.py
[2026-04-20T22:54:17.532+0000] {logging_mixin.py:188} INFO - [2026-04-20T22:54:17.532+0000] {dag.py:3036} INFO - Sync 1 DAGs
[2026-04-20T22:54:17.555+0000] {logging_mixin.py:188} INFO - [2026-04-20T22:54:17.555+0000] {dag.py:3823} INFO - Setting next_dagrun for logidata_pipeline_dag to None, run_after=None
[2026-04-20T22:54:17.636+0000] {processor.py:183} INFO - Processing /opt/airflow/dags/logidata_pipeline_dag.py took 0.235 seconds
[2026-04-20T22:54:48.627+0000] {processor.py:161} INFO - Started process (PID=1172) to work on /opt/airflow/dags/logidata_pipeline_dag.py
[2026-04-20T22:54:48.629+0000] {processor.py:830} INFO - Processing file /opt/airflow/dags/logidata_pipeline_dag.py for tasks to queue
[2026-04-20T22:54:48.630+0000] {logging_mixin.py:188} INFO - [2026-04-20T22:54:48.630+0000] {dagbag.py:538} INFO - Filling up the DagBag from /opt/airflow/dags/logidata_pipeline_dag.py
[2026-04-20T22:54:48.692+0000] {processor.py:840} INFO - DAG(s) 'logidata_pipeline_dag' retrieved from /opt/airflow/dags/logidata_pipeline_dag.py
[2026-04-20T22:54:48.732+0000] {logging_mixin.py:188} INFO - [2026-04-20T22:54:48.732+0000] {dag.py:3036} INFO - Sync 1 DAGs
[2026-04-20T22:54:48.745+0000] {logging_mixin.py:188} INFO - [2026-04-20T22:54:48.745+0000] {dag.py:3823} INFO - Setting next_dagrun for logidata_pipeline_dag to None, run_after=None
[2026-04-20T22:54:48.805+0000] {processor.py:183} INFO - Processing /opt/airflow/dags/logidata_pipeline_dag.py took 0.180 seconds
[2026-04-20T22:55:19.211+0000] {processor.py:161} INFO - Started process (PID=1173) to work on /opt/airflow/dags/logidata_pipeline_dag.py
[2026-04-20T22:55:19.213+0000] {processor.py:830} INFO - Processing file /opt/airflow/dags/logidata_pipeline_dag.py for tasks to queue
[2026-04-20T22:55:19.214+0000] {logging_mixin.py:188} INFO - [2026-04-20T22:55:19.213+0000] {dagbag.py:538} INFO - Filling up the DagBag from /opt/airflow/dags/logidata_pipeline_dag.py
[2026-04-20T22:55:19.280+0000] {processor.py:840} INFO - DAG(s) 'logidata_pipeline_dag' retrieved from /opt/airflow/dags/logidata_pipeline_dag.py
[2026-04-20T22:55:19.325+0000] {logging_mixin.py:188} INFO - [2026-04-20T22:55:19.324+0000] {dag.py:3036} INFO - Sync 1 DAGs
[2026-04-20T22:55:19.341+0000] {logging_mixin.py:188} INFO - [2026-04-20T22:55:19.341+0000] {dag.py:3823} INFO - Setting next_dagrun for logidata_pipeline_dag to None, run_after=None
[2026-04-20T22:55:19.482+0000] {processor.py:183} INFO - Processing /opt/airflow/dags/logidata_pipeline_dag.py took 0.274 seconds
[2026-04-20T22:55:50.022+0000] {processor.py:161} INFO - Started process (PID=1174) to work on /opt/airflow/dags/logidata_pipeline_dag.py
[2026-04-20T22:55:50.023+0000] {processor.py:830} INFO - Processing file /opt/airflow/dags/logidata_pipeline_dag.py for tasks to queue
[2026-04-20T22:55:50.024+0000] {logging_mixin.py:188} INFO - [2026-04-20T22:55:50.024+0000] {dagbag.py:538} INFO - Filling up the DagBag from /opt/airflow/dags/logidata_pipeline_dag.py
[2026-04-20T22:55:50.089+0000] {processor.py:840} INFO - DAG(s) 'logidata_pipeline_dag' retrieved from /opt/airflow/dags/logidata_pipeline_dag.py
[2026-04-20T22:55:50.127+0000] {logging_mixin.py:188} INFO - [2026-04-20T22:55:50.127+0000] {dag.py:3036} INFO - Sync 1 DAGs
[2026-04-20T22:55:50.140+0000] {logging_mixin.py:188} INFO - [2026-04-20T22:55:50.140+0000] {dag.py:3823} INFO - Setting next_dagrun for logidata_pipeline_dag to None, run_after=None
[2026-04-20T22:55:50.200+0000] {processor.py:183} INFO - Processing /opt/airflow/dags/logidata_pipeline_dag.py took 0.182 seconds
[2026-04-20T22:56:20.559+0000] {processor.py:161} INFO - Started process (PID=1175) to work on /opt/airflow/dags/logidata_pipeline_dag.py
[2026-04-20T22:56:20.561+0000] {processor.py:830} INFO - Processing file /opt/airflow/dags/logidata_pipeline_dag.py for tasks to queue
[2026-04-20T22:56:20.562+0000] {logging_mixin.py:188} INFO - [2026-04-20T22:56:20.561+0000] {dagbag.py:538} INFO - Filling up the DagBag from /opt/airflow/dags/logidata_pipeline_dag.py
[2026-04-20T22:56:20.623+0000] {processor.py:840} INFO - DAG(s) 'logidata_pipeline_dag' retrieved from /opt/airflow/dags/logidata_pipeline_dag.py
[2026-04-20T22:56:20.669+0000] {logging_mixin.py:188} INFO - [2026-04-20T22:56:20.669+0000] {dag.py:3036} INFO - Sync 1 DAGs
[2026-04-20T22:56:20.685+0000] {logging_mixin.py:188} INFO - [2026-04-20T22:56:20.685+0000] {dag.py:3823} INFO - Setting next_dagrun for logidata_pipeline_dag to None, run_after=None
[2026-04-20T22:56:20.764+0000] {processor.py:183} INFO - Processing /opt/airflow/dags/logidata_pipeline_dag.py took 0.207 seconds
[2026-04-20T22:56:51.331+0000] {processor.py:161} INFO - Started process (PID=1176) to work on /opt/airflow/dags/logidata_pipeline_dag.py
[2026-04-20T22:56:51.332+0000] {processor.py:830} INFO - Processing file /opt/airflow/dags/logidata_pipeline_dag.py for tasks to queue
[2026-04-20T22:56:51.333+0000] {logging_mixin.py:188} INFO - [2026-04-20T22:56:51.333+0000] {dagbag.py:538} INFO - Filling up the DagBag from /opt/airflow/dags/logidata_pipeline_dag.py
[2026-04-20T22:56:51.409+0000] {processor.py:840} INFO - DAG(s) 'logidata_pipeline_dag' retrieved from /opt/airflow/dags/logidata_pipeline_dag.py
[2026-04-20T22:56:51.462+0000] {logging_mixin.py:188} INFO - [2026-04-20T22:56:51.462+0000] {dag.py:3036} INFO - Sync 1 DAGs
[2026-04-20T22:56:51.477+0000] {logging_mixin.py:188} INFO - [2026-04-20T22:56:51.477+0000] {dag.py:3823} INFO - Setting next_dagrun for logidata_pipeline_dag to None, run_after=None
[2026-04-20T22:56:51.643+0000] {processor.py:183} INFO - Processing /opt/airflow/dags/logidata_pipeline_dag.py took 0.315 seconds
[2026-04-20T22:57:22.819+0000] {processor.py:161} INFO - Started process (PID=1177) to work on /opt/airflow/dags/logidata_pipeline_dag.py
[2026-04-20T22:57:22.820+0000] {processor.py:830} INFO - Processing file /opt/airflow/dags/logidata_pipeline_dag.py for tasks to queue
[2026-04-20T22:57:22.821+0000] {logging_mixin.py:188} INFO - [2026-04-20T22:57:22.821+0000] {dagbag.py:538} INFO - Filling up the DagBag from /opt/airflow/dags/logidata_pipeline_dag.py
[2026-04-20T22:57:22.899+0000] {processor.py:840} INFO - DAG(s) 'logidata_pipeline_dag' retrieved from /opt/airflow/dags/logidata_pipeline_dag.py
[2026-04-20T22:57:22.943+0000] {logging_mixin.py:188} INFO - [2026-04-20T22:57:22.943+0000] {dag.py:3036} INFO - Sync 1 DAGs
[2026-04-20T22:57:22.960+0000] {logging_mixin.py:188} INFO - [2026-04-20T22:57:22.960+0000] {dag.py:3823} INFO - Setting next_dagrun for logidata_pipeline_dag to None, run_after=None
[2026-04-20T22:57:23.067+0000] {processor.py:183} INFO - Processing /opt/airflow/dags/logidata_pipeline_dag.py took 0.251 seconds
[2026-04-20T22:57:53.275+0000] {processor.py:161} INFO - Started process (PID=1178) to work on /opt/airflow/dags/logidata_pipeline_dag.py
[2026-04-20T22:57:53.276+0000] {processor.py:830} INFO - Processing file /opt/airflow/dags/logidata_pipeline_dag.py for tasks to queue
[2026-04-20T22:57:53.277+0000] {logging_mixin.py:188} INFO - [2026-04-20T22:57:53.277+0000] {dagbag.py:538} INFO - Filling up the DagBag from /opt/airflow/dags/logidata_pipeline_dag.py
[2026-04-20T22:57:53.365+0000] {processor.py:840} INFO - DAG(s) 'logidata_pipeline_dag' retrieved from /opt/airflow/dags/logidata_pipeline_dag.py
[2026-04-20T22:57:53.412+0000] {logging_mixin.py:188} INFO - [2026-04-20T22:57:53.411+0000] {dag.py:3036} INFO - Sync 1 DAGs
[2026-04-20T22:57:53.427+0000] {logging_mixin.py:188} INFO - [2026-04-20T22:57:53.426+0000] {dag.py:3823} INFO - Setting next_dagrun for logidata_pipeline_dag to None, run_after=None
[2026-04-20T22:57:53.500+0000] {processor.py:183} INFO - Processing /opt/airflow/dags/logidata_pipeline_dag.py took 0.228 seconds
[2026-04-20T22:58:23.738+0000] {processor.py:161} INFO - Started process (PID=1179) to work on /opt/airflow/dags/logidata_pipeline_dag.py
[2026-04-20T22:58:23.740+0000] {processor.py:830} INFO - Processing file /opt/airflow/dags/logidata_pipeline_dag.py for tasks to queue
[2026-04-20T22:58:23.741+0000] {logging_mixin.py:188} INFO - [2026-04-20T22:58:23.741+0000] {dagbag.py:538} INFO - Filling up the DagBag from /opt/airflow/dags/logidata_pipeline_dag.py
[2026-04-20T22:58:23.819+0000] {processor.py:840} INFO - DAG(s) 'logidata_pipeline_dag' retrieved from /opt/airflow/dags/logidata_pipeline_dag.py
[2026-04-20T22:58:23.863+0000] {logging_mixin.py:188} INFO - [2026-04-20T22:58:23.863+0000] {dag.py:3036} INFO - Sync 1 DAGs
[2026-04-20T22:58:23.883+0000] {logging_mixin.py:188} INFO - [2026-04-20T22:58:23.883+0000] {dag.py:3823} INFO - Setting next_dagrun for logidata_pipeline_dag to None, run_after=None
[2026-04-20T22:58:23.955+0000] {processor.py:183} INFO - Processing /opt/airflow/dags/logidata_pipeline_dag.py took 0.223 seconds
[2026-04-20T22:58:54.931+0000] {processor.py:161} INFO - Started process (PID=1180) to work on /opt/airflow/dags/logidata_pipeline_dag.py
[2026-04-20T22:58:54.932+0000] {processor.py:830} INFO - Processing file /opt/airflow/dags/logidata_pipeline_dag.py for tasks to queue
[2026-04-20T22:58:54.934+0000] {logging_mixin.py:188} INFO - [2026-04-20T22:58:54.933+0000] {dagbag.py:538} INFO - Filling up the DagBag from /opt/airflow/dags/logidata_pipeline_dag.py
[2026-04-20T22:58:54.999+0000] {processor.py:840} INFO - DAG(s) 'logidata_pipeline_dag' retrieved from /opt/airflow/dags/logidata_pipeline_dag.py
[2026-04-20T22:58:55.046+0000] {logging_mixin.py:188} INFO - [2026-04-20T22:58:55.046+0000] {dag.py:3036} INFO - Sync 1 DAGs
[2026-04-20T22:58:55.063+0000] {logging_mixin.py:188} INFO - [2026-04-20T22:58:55.063+0000] {dag.py:3823} INFO - Setting next_dagrun for logidata_pipeline_dag to None, run_after=None
[2026-04-20T22:58:55.140+0000] {processor.py:183} INFO - Processing /opt/airflow/dags/logidata_pipeline_dag.py took 0.212 seconds
[2026-04-20T22:59:25.785+0000] {processor.py:161} INFO - Started process (PID=1181) to work on /opt/airflow/dags/logidata_pipeline_dag.py
[2026-04-20T22:59:25.788+0000] {processor.py:830} INFO - Processing file /opt/airflow/dags/logidata_pipeline_dag.py for tasks to queue
[2026-04-20T22:59:25.791+0000] {logging_mixin.py:188} INFO - [2026-04-20T22:59:25.790+0000] {dagbag.py:538} INFO - Filling up the DagBag from /opt/airflow/dags/logidata_pipeline_dag.py
[2026-04-20T22:59:25.901+0000] {processor.py:840} INFO - DAG(s) 'logidata_pipeline_dag' retrieved from /opt/airflow/dags/logidata_pipeline_dag.py
[2026-04-20T22:59:25.945+0000] {logging_mixin.py:188} INFO - [2026-04-20T22:59:25.945+0000] {dag.py:3036} INFO - Sync 1 DAGs
[2026-04-20T22:59:25.961+0000] {logging_mixin.py:188} INFO - [2026-04-20T22:59:25.961+0000] {dag.py:3823} INFO - Setting next_dagrun for logidata_pipeline_dag to None, run_after=None
[2026-04-20T22:59:26.132+0000] {processor.py:183} INFO - Processing /opt/airflow/dags/logidata_pipeline_dag.py took 0.357 seconds
[2026-04-20T22:59:56.957+0000] {processor.py:161} INFO - Started process (PID=1182) to work on /opt/airflow/dags/logidata_pipeline_dag.py
[2026-04-20T22:59:56.959+0000] {processor.py:830} INFO - Processing file /opt/airflow/dags/logidata_pipeline_dag.py for tasks to queue
[2026-04-20T22:59:56.960+0000] {logging_mixin.py:188} INFO - [2026-04-20T22:59:56.960+0000] {dagbag.py:538} INFO - Filling up the DagBag from /opt/airflow/dags/logidata_pipeline_dag.py
[2026-04-20T22:59:57.028+0000] {processor.py:840} INFO - DAG(s) 'logidata_pipeline_dag' retrieved from /opt/airflow/dags/logidata_pipeline_dag.py
[2026-04-20T22:59:57.070+0000] {logging_mixin.py:188} INFO - [2026-04-20T22:59:57.069+0000] {dag.py:3036} INFO - Sync 1 DAGs
[2026-04-20T22:59:57.085+0000] {logging_mixin.py:188} INFO - [2026-04-20T22:59:57.085+0000] {dag.py:3823} INFO - Setting next_dagrun for logidata_pipeline_dag to None, run_after=None
[2026-04-20T22:59:57.224+0000] {processor.py:183} INFO - Processing /opt/airflow/dags/logidata_pipeline_dag.py took 0.270 seconds
[2026-04-20T23:00:27.637+0000] {processor.py:161} INFO - Started process (PID=1183) to work on /opt/airflow/dags/logidata_pipeline_dag.py
[2026-04-20T23:00:27.639+0000] {processor.py:830} INFO - Processing file /opt/airflow/dags/logidata_pipeline_dag.py for tasks to queue
[2026-04-20T23:00:27.640+0000] {logging_mixin.py:188} INFO - [2026-04-20T23:00:27.640+0000] {dagbag.py:538} INFO - Filling up the DagBag from /opt/airflow/dags/logidata_pipeline_dag.py
[2026-04-20T23:00:27.716+0000] {processor.py:840} INFO - DAG(s) 'logidata_pipeline_dag' retrieved from /opt/airflow/dags/logidata_pipeline_dag.py
[2026-04-20T23:00:27.759+0000] {logging_mixin.py:188} INFO - [2026-04-20T23:00:27.759+0000] {dag.py:3036} INFO - Sync 1 DAGs
[2026-04-20T23:00:27.775+0000] {logging_mixin.py:188} INFO - [2026-04-20T23:00:27.775+0000] {dag.py:3823} INFO - Setting next_dagrun for logidata_pipeline_dag to None, run_after=None
[2026-04-20T23:00:27.881+0000] {processor.py:183} INFO - Processing /opt/airflow/dags/logidata_pipeline_dag.py took 0.250 seconds
[2026-04-20T23:00:58.918+0000] {processor.py:161} INFO - Started process (PID=1184) to work on /opt/airflow/dags/logidata_pipeline_dag.py
[2026-04-20T23:00:58.920+0000] {processor.py:830} INFO - Processing file /opt/airflow/dags/logidata_pipeline_dag.py for tasks to queue
[2026-04-20T23:00:58.923+0000] {logging_mixin.py:188} INFO - [2026-04-20T23:00:58.922+0000] {dagbag.py:538} INFO - Filling up the DagBag from /opt/airflow/dags/logidata_pipeline_dag.py
[2026-04-20T23:00:59.014+0000] {processor.py:840} INFO - DAG(s) 'logidata_pipeline_dag' retrieved from /opt/airflow/dags/logidata_pipeline_dag.py
[2026-04-20T23:00:59.063+0000] {logging_mixin.py:188} INFO - [2026-04-20T23:00:59.062+0000] {dag.py:3036} INFO - Sync 1 DAGs
[2026-04-20T23:00:59.079+0000] {logging_mixin.py:188} INFO - [2026-04-20T23:00:59.079+0000] {dag.py:3823} INFO - Setting next_dagrun for logidata_pipeline_dag to None, run_after=None
[2026-04-20T23:00:59.201+0000] {processor.py:183} INFO - Processing /opt/airflow/dags/logidata_pipeline_dag.py took 0.290 seconds
[2026-04-20T23:01:29.426+0000] {processor.py:161} INFO - Started process (PID=1185) to work on /opt/airflow/dags/logidata_pipeline_dag.py
[2026-04-20T23:01:29.428+0000] {processor.py:830} INFO - Processing file /opt/airflow/dags/logidata_pipeline_dag.py for tasks to queue
[2026-04-20T23:01:29.429+0000] {logging_mixin.py:188} INFO - [2026-04-20T23:01:29.429+0000] {dagbag.py:538} INFO - Filling up the DagBag from /opt/airflow/dags/logidata_pipeline_dag.py
[2026-04-20T23:01:29.525+0000] {processor.py:840} INFO - DAG(s) 'logidata_pipeline_dag' retrieved from /opt/airflow/dags/logidata_pipeline_dag.py
[2026-04-20T23:01:29.580+0000] {logging_mixin.py:188} INFO - [2026-04-20T23:01:29.580+0000] {dag.py:3036} INFO - Sync 1 DAGs
[2026-04-20T23:01:29.599+0000] {logging_mixin.py:188} INFO - [2026-04-20T23:01:29.598+0000] {dag.py:3823} INFO - Setting next_dagrun for logidata_pipeline_dag to None, run_after=None
[2026-04-20T23:01:29.774+0000] {processor.py:183} INFO - Processing /opt/airflow/dags/logidata_pipeline_dag.py took 0.354 seconds
[2026-04-20T23:01:59.929+0000] {processor.py:161} INFO - Started process (PID=1186) to work on /opt/airflow/dags/logidata_pipeline_dag.py
[2026-04-20T23:01:59.932+0000] {processor.py:830} INFO - Processing file /opt/airflow/dags/logidata_pipeline_dag.py for tasks to queue
[2026-04-20T23:01:59.933+0000] {logging_mixin.py:188} INFO - [2026-04-20T23:01:59.932+0000] {dagbag.py:538} INFO - Filling up the DagBag from /opt/airflow/dags/logidata_pipeline_dag.py
[2026-04-20T23:02:00.011+0000] {processor.py:840} INFO - DAG(s) 'logidata_pipeline_dag' retrieved from /opt/airflow/dags/logidata_pipeline_dag.py
[2026-04-20T23:02:00.062+0000] {logging_mixin.py:188} INFO - [2026-04-20T23:02:00.062+0000] {dag.py:3036} INFO - Sync 1 DAGs
[2026-04-20T23:02:00.081+0000] {logging_mixin.py:188} INFO - [2026-04-20T23:02:00.081+0000] {dag.py:3823} INFO - Setting next_dagrun for logidata_pipeline_dag to None, run_after=None
[2026-04-20T23:02:00.179+0000] {processor.py:183} INFO - Processing /opt/airflow/dags/logidata_pipeline_dag.py took 0.255 seconds
[2026-04-20T23:02:30.293+0000] {processor.py:161} INFO - Started process (PID=1187) to work on /opt/airflow/dags/logidata_pipeline_dag.py
[2026-04-20T23:02:30.295+0000] {processor.py:830} INFO - Processing file /opt/airflow/dags/logidata_pipeline_dag.py for tasks to queue
[2026-04-20T23:02:30.296+0000] {logging_mixin.py:188} INFO - [2026-04-20T23:02:30.296+0000] {dagbag.py:538} INFO - Filling up the DagBag from /opt/airflow/dags/logidata_pipeline_dag.py
[2026-04-20T23:02:30.400+0000] {processor.py:840} INFO - DAG(s) 'logidata_pipeline_dag' retrieved from /opt/airflow/dags/logidata_pipeline_dag.py
[2026-04-20T23:02:30.450+0000] {logging_mixin.py:188} INFO - [2026-04-20T23:02:30.450+0000] {dag.py:3036} INFO - Sync 1 DAGs
[2026-04-20T23:02:30.469+0000] {logging_mixin.py:188} INFO - [2026-04-20T23:02:30.468+0000] {dag.py:3823} INFO - Setting next_dagrun for logidata_pipeline_dag to None, run_after=None
[2026-04-20T23:02:30.570+0000] {processor.py:183} INFO - Processing /opt/airflow/dags/logidata_pipeline_dag.py took 0.282 seconds
[2026-04-20T23:03:01.135+0000] {processor.py:161} INFO - Started process (PID=1188) to work on /opt/airflow/dags/logidata_pipeline_dag.py
[2026-04-20T23:03:01.136+0000] {processor.py:830} INFO - Processing file /opt/airflow/dags/logidata_pipeline_dag.py for tasks to queue
[2026-04-20T23:03:01.137+0000] {logging_mixin.py:188} INFO - [2026-04-20T23:03:01.136+0000] {dagbag.py:538} INFO - Filling up the DagBag from /opt/airflow/dags/logidata_pipeline_dag.py
[2026-04-20T23:03:01.203+0000] {processor.py:840} INFO - DAG(s) 'logidata_pipeline_dag' retrieved from /opt/airflow/dags/logidata_pipeline_dag.py
[2026-04-20T23:03:01.253+0000] {logging_mixin.py:188} INFO - [2026-04-20T23:03:01.253+0000] {dag.py:3036} INFO - Sync 1 DAGs
[2026-04-20T23:03:01.274+0000] {logging_mixin.py:188} INFO - [2026-04-20T23:03:01.274+0000] {dag.py:3823} INFO - Setting next_dagrun for logidata_pipeline_dag to None, run_after=None
[2026-04-20T23:03:01.346+0000] {processor.py:183} INFO - Processing /opt/airflow/dags/logidata_pipeline_dag.py took 0.214 seconds
[2026-04-20T23:03:32.387+0000] {processor.py:161} INFO - Started process (PID=1189) to work on /opt/airflow/dags/logidata_pipeline_dag.py
[2026-04-20T23:03:32.388+0000] {processor.py:830} INFO - Processing file /opt/airflow/dags/logidata_pipeline_dag.py for tasks to queue
[2026-04-20T23:03:32.389+0000] {logging_mixin.py:188} INFO - [2026-04-20T23:03:32.389+0000] {dagbag.py:538} INFO - Filling up the DagBag from /opt/airflow/dags/logidata_pipeline_dag.py
[2026-04-20T23:03:32.487+0000] {processor.py:840} INFO - DAG(s) 'logidata_pipeline_dag' retrieved from /opt/airflow/dags/logidata_pipeline_dag.py
[2026-04-20T23:03:32.534+0000] {logging_mixin.py:188} INFO - [2026-04-20T23:03:32.534+0000] {dag.py:3036} INFO - Sync 1 DAGs
[2026-04-20T23:03:32.549+0000] {logging_mixin.py:188} INFO - [2026-04-20T23:03:32.549+0000] {dag.py:3823} INFO - Setting next_dagrun for logidata_pipeline_dag to None, run_after=None
[2026-04-20T23:03:32.692+0000] {processor.py:183} INFO - Processing /opt/airflow/dags/logidata_pipeline_dag.py took 0.309 seconds
[2026-04-20T23:04:03.300+0000] {processor.py:161} INFO - Started process (PID=1190) to work on /opt/airflow/dags/logidata_pipeline_dag.py
[2026-04-20T23:04:03.303+0000] {processor.py:830} INFO - Processing file /opt/airflow/dags/logidata_pipeline_dag.py for tasks to queue
[2026-04-20T23:04:03.304+0000] {logging_mixin.py:188} INFO - [2026-04-20T23:04:03.304+0000] {dagbag.py:538} INFO - Filling up the DagBag from /opt/airflow/dags/logidata_pipeline_dag.py
[2026-04-20T23:04:03.391+0000] {processor.py:840} INFO - DAG(s) 'logidata_pipeline_dag' retrieved from /opt/airflow/dags/logidata_pipeline_dag.py
[2026-04-20T23:04:03.442+0000] {logging_mixin.py:188} INFO - [2026-04-20T23:04:03.441+0000] {dag.py:3036} INFO - Sync 1 DAGs
[2026-04-20T23:04:03.457+0000] {logging_mixin.py:188} INFO - [2026-04-20T23:04:03.457+0000] {dag.py:3823} INFO - Setting next_dagrun for logidata_pipeline_dag to None, run_after=None
[2026-04-20T23:04:03.549+0000] {processor.py:183} INFO - Processing /opt/airflow/dags/logidata_pipeline_dag.py took 0.258 seconds
[2026-04-20T23:04:34.671+0000] {processor.py:161} INFO - Started process (PID=1191) to work on /opt/airflow/dags/logidata_pipeline_dag.py
[2026-04-20T23:04:34.674+0000] {processor.py:830} INFO - Processing file /opt/airflow/dags/logidata_pipeline_dag.py for tasks to queue
[2026-04-20T23:04:34.675+0000] {logging_mixin.py:188} INFO - [2026-04-20T23:04:34.675+0000] {dagbag.py:538} INFO - Filling up the DagBag from /opt/airflow/dags/logidata_pipeline_dag.py
[2026-04-20T23:04:34.763+0000] {processor.py:840} INFO - DAG(s) 'logidata_pipeline_dag' retrieved from /opt/airflow/dags/logidata_pipeline_dag.py
[2026-04-20T23:04:34.816+0000] {logging_mixin.py:188} INFO - [2026-04-20T23:04:34.816+0000] {dag.py:3036} INFO - Sync 1 DAGs
[2026-04-20T23:04:34.838+0000] {logging_mixin.py:188} INFO - [2026-04-20T23:04:34.837+0000] {dag.py:3823} INFO - Setting next_dagrun for logidata_pipeline_dag to None, run_after=None
[2026-04-20T23:04:35.004+0000] {processor.py:183} INFO - Processing /opt/airflow/dags/logidata_pipeline_dag.py took 0.338 seconds
[2026-04-20T23:05:06.022+0000] {processor.py:161} INFO - Started process (PID=1192) to work on /opt/airflow/dags/logidata_pipeline_dag.py
[2026-04-20T23:05:06.024+0000] {processor.py:830} INFO - Processing file /opt/airflow/dags/logidata_pipeline_dag.py for tasks to queue
[2026-04-20T23:05:06.026+0000] {logging_mixin.py:188} INFO - [2026-04-20T23:05:06.026+0000] {dagbag.py:538} INFO - Filling up the DagBag from /opt/airflow/dags/logidata_pipeline_dag.py
[2026-04-20T23:05:06.144+0000] {processor.py:840} INFO - DAG(s) 'logidata_pipeline_dag' retrieved from /opt/airflow/dags/logidata_pipeline_dag.py
[2026-04-20T23:05:06.201+0000] {logging_mixin.py:188} INFO - [2026-04-20T23:05:06.201+0000] {dag.py:3036} INFO - Sync 1 DAGs
[2026-04-20T23:05:06.220+0000] {logging_mixin.py:188} INFO - [2026-04-20T23:05:06.219+0000] {dag.py:3823} INFO - Setting next_dagrun for logidata_pipeline_dag to None, run_after=None
[2026-04-20T23:05:06.345+0000] {processor.py:183} INFO - Processing /opt/airflow/dags/logidata_pipeline_dag.py took 0.338 seconds
[2026-04-20T23:05:36.981+0000] {processor.py:161} INFO - Started process (PID=1193) to work on /opt/airflow/dags/logidata_pipeline_dag.py
[2026-04-20T23:05:36.983+0000] {processor.py:830} INFO - Processing file /opt/airflow/dags/logidata_pipeline_dag.py for tasks to queue
[2026-04-20T23:05:36.984+0000] {logging_mixin.py:188} INFO - [2026-04-20T23:05:36.984+0000] {dagbag.py:538} INFO - Filling up the DagBag from /opt/airflow/dags/logidata_pipeline_dag.py
[2026-04-20T23:05:37.068+0000] {processor.py:840} INFO - DAG(s) 'logidata_pipeline_dag' retrieved from /opt/airflow/dags/logidata_pipeline_dag.py
[2026-04-20T23:05:37.117+0000] {logging_mixin.py:188} INFO - [2026-04-20T23:05:37.117+0000] {dag.py:3036} INFO - Sync 1 DAGs
[2026-04-20T23:05:37.133+0000] {logging_mixin.py:188} INFO - [2026-04-20T23:05:37.133+0000] {dag.py:3823} INFO - Setting next_dagrun for logidata_pipeline_dag to None, run_after=None
[2026-04-20T23:05:37.262+0000] {processor.py:183} INFO - Processing /opt/airflow/dags/logidata_pipeline_dag.py took 0.283 seconds
[2026-04-20T23:06:07.747+0000] {processor.py:161} INFO - Started process (PID=1194) to work on /opt/airflow/dags/logidata_pipeline_dag.py
[2026-04-20T23:06:07.749+0000] {processor.py:830} INFO - Processing file /opt/airflow/dags/logidata_pipeline_dag.py for tasks to queue
[2026-04-20T23:06:07.751+0000] {logging_mixin.py:188} INFO - [2026-04-20T23:06:07.750+0000] {dagbag.py:538} INFO - Filling up the DagBag from /opt/airflow/dags/logidata_pipeline_dag.py
[2026-04-20T23:06:07.846+0000] {processor.py:840} INFO - DAG(s) 'logidata_pipeline_dag' retrieved from /opt/airflow/dags/logidata_pipeline_dag.py
[2026-04-20T23:06:07.907+0000] {logging_mixin.py:188} INFO - [2026-04-20T23:06:07.906+0000] {dag.py:3036} INFO - Sync 1 DAGs
[2026-04-20T23:06:07.923+0000] {logging_mixin.py:188} INFO - [2026-04-20T23:06:07.923+0000] {dag.py:3823} INFO - Setting next_dagrun for logidata_pipeline_dag to None, run_after=None
[2026-04-20T23:06:07.988+0000] {processor.py:183} INFO - Processing /opt/airflow/dags/logidata_pipeline_dag.py took 0.249 seconds
[2026-04-20T23:06:38.151+0000] {processor.py:161} INFO - Started process (PID=1195) to work on /opt/airflow/dags/logidata_pipeline_dag.py
[2026-04-20T23:06:38.153+0000] {processor.py:830} INFO - Processing file /opt/airflow/dags/logidata_pipeline_dag.py for tasks to queue
[2026-04-20T23:06:38.155+0000] {logging_mixin.py:188} INFO - [2026-04-20T23:06:38.154+0000] {dagbag.py:538} INFO - Filling up the DagBag from /opt/airflow/dags/logidata_pipeline_dag.py
[2026-04-20T23:06:38.237+0000] {processor.py:840} INFO - DAG(s) 'logidata_pipeline_dag' retrieved from /opt/airflow/dags/logidata_pipeline_dag.py
[2026-04-20T23:06:38.290+0000] {logging_mixin.py:188} INFO - [2026-04-20T23:06:38.290+0000] {dag.py:3036} INFO - Sync 1 DAGs
[2026-04-20T23:06:38.309+0000] {logging_mixin.py:188} INFO - [2026-04-20T23:06:38.309+0000] {dag.py:3823} INFO - Setting next_dagrun for logidata_pipeline_dag to None, run_after=None
[2026-04-20T23:06:38.434+0000] {processor.py:183} INFO - Processing /opt/airflow/dags/logidata_pipeline_dag.py took 0.293 seconds
[2026-04-20T23:07:08.968+0000] {processor.py:161} INFO - Started process (PID=1196) to work on /opt/airflow/dags/logidata_pipeline_dag.py
[2026-04-20T23:07:08.970+0000] {processor.py:830} INFO - Processing file /opt/airflow/dags/logidata_pipeline_dag.py for tasks to queue
[2026-04-20T23:07:08.971+0000] {logging_mixin.py:188} INFO - [2026-04-20T23:07:08.970+0000] {dagbag.py:538} INFO - Filling up the DagBag from /opt/airflow/dags/logidata_pipeline_dag.py
[2026-04-20T23:07:09.050+0000] {processor.py:840} INFO - DAG(s) 'logidata_pipeline_dag' retrieved from /opt/airflow/dags/logidata_pipeline_dag.py
[2026-04-20T23:07:09.106+0000] {logging_mixin.py:188} INFO - [2026-04-20T23:07:09.106+0000] {dag.py:3036} INFO - Sync 1 DAGs
[2026-04-20T23:07:09.123+0000] {logging_mixin.py:188} INFO - [2026-04-20T23:07:09.123+0000] {dag.py:3823} INFO - Setting next_dagrun for logidata_pipeline_dag to None, run_after=None
[2026-04-20T23:07:09.253+0000] {processor.py:183} INFO - Processing /opt/airflow/dags/logidata_pipeline_dag.py took 0.292 seconds
[2026-04-20T23:07:39.553+0000] {processor.py:161} INFO - Started process (PID=1197) to work on /opt/airflow/dags/logidata_pipeline_dag.py
[2026-04-20T23:07:39.555+0000] {processor.py:830} INFO - Processing file /opt/airflow/dags/logidata_pipeline_dag.py for tasks to queue
[2026-04-20T23:07:39.556+0000] {logging_mixin.py:188} INFO - [2026-04-20T23:07:39.556+0000] {dagbag.py:538} INFO - Filling up the DagBag from /opt/airflow/dags/logidata_pipeline_dag.py
[2026-04-20T23:07:39.628+0000] {processor.py:840} INFO - DAG(s) 'logidata_pipeline_dag' retrieved from /opt/airflow/dags/logidata_pipeline_dag.py
[2026-04-20T23:07:39.679+0000] {logging_mixin.py:188} INFO - [2026-04-20T23:07:39.678+0000] {dag.py:3036} INFO - Sync 1 DAGs
[2026-04-20T23:07:39.696+0000] {logging_mixin.py:188} INFO - [2026-04-20T23:07:39.696+0000] {dag.py:3823} INFO - Setting next_dagrun for logidata_pipeline_dag to None, run_after=None
[2026-04-20T23:07:39.900+0000] {processor.py:183} INFO - Processing /opt/airflow/dags/logidata_pipeline_dag.py took 0.353 seconds
[2026-04-20T23:08:10.993+0000] {processor.py:161} INFO - Started process (PID=1198) to work on /opt/airflow/dags/logidata_pipeline_dag.py
[2026-04-20T23:08:10.997+0000] {processor.py:830} INFO - Processing file /opt/airflow/dags/logidata_pipeline_dag.py for tasks to queue
[2026-04-20T23:08:11.001+0000] {logging_mixin.py:188} INFO - [2026-04-20T23:08:10.999+0000] {dagbag.py:538} INFO - Filling up the DagBag from /opt/airflow/dags/logidata_pipeline_dag.py
[2026-04-20T23:08:11.090+0000] {processor.py:840} INFO - DAG(s) 'logidata_pipeline_dag' retrieved from /opt/airflow/dags/logidata_pipeline_dag.py
[2026-04-20T23:08:11.127+0000] {logging_mixin.py:188} INFO - [2026-04-20T23:08:11.127+0000] {dag.py:3036} INFO - Sync 1 DAGs
[2026-04-20T23:08:11.149+0000] {logging_mixin.py:188} INFO - [2026-04-20T23:08:11.149+0000] {dag.py:3823} INFO - Setting next_dagrun for logidata_pipeline_dag to None, run_after=None
[2026-04-20T23:08:11.282+0000] {processor.py:183} INFO - Processing /opt/airflow/dags/logidata_pipeline_dag.py took 0.294 seconds
[2026-04-20T23:08:42.350+0000] {processor.py:161} INFO - Started process (PID=1199) to work on /opt/airflow/dags/logidata_pipeline_dag.py
[2026-04-20T23:08:42.352+0000] {processor.py:830} INFO - Processing file /opt/airflow/dags/logidata_pipeline_dag.py for tasks to queue
[2026-04-20T23:08:42.353+0000] {logging_mixin.py:188} INFO - [2026-04-20T23:08:42.352+0000] {dagbag.py:538} INFO - Filling up the DagBag from /opt/airflow/dags/logidata_pipeline_dag.py
[2026-04-20T23:08:42.414+0000] {processor.py:840} INFO - DAG(s) 'logidata_pipeline_dag' retrieved from /opt/airflow/dags/logidata_pipeline_dag.py
[2026-04-20T23:08:42.462+0000] {logging_mixin.py:188} INFO - [2026-04-20T23:08:42.462+0000] {dag.py:3036} INFO - Sync 1 DAGs
[2026-04-20T23:08:42.477+0000] {logging_mixin.py:188} INFO - [2026-04-20T23:08:42.477+0000] {dag.py:3823} INFO - Setting next_dagrun for logidata_pipeline_dag to None, run_after=None
[2026-04-20T23:08:42.603+0000] {processor.py:183} INFO - Processing /opt/airflow/dags/logidata_pipeline_dag.py took 0.256 seconds
[2026-04-20T23:09:13.501+0000] {processor.py:161} INFO - Started process (PID=1200) to work on /opt/airflow/dags/logidata_pipeline_dag.py
[2026-04-20T23:09:13.504+0000] {processor.py:830} INFO - Processing file /opt/airflow/dags/logidata_pipeline_dag.py for tasks to queue
[2026-04-20T23:09:13.507+0000] {logging_mixin.py:188} INFO - [2026-04-20T23:09:13.506+0000] {dagbag.py:538} INFO - Filling up the DagBag from /opt/airflow/dags/logidata_pipeline_dag.py
[2026-04-20T23:09:13.626+0000] {processor.py:840} INFO - DAG(s) 'logidata_pipeline_dag' retrieved from /opt/airflow/dags/logidata_pipeline_dag.py
[2026-04-20T23:09:13.674+0000] {logging_mixin.py:188} INFO - [2026-04-20T23:09:13.674+0000] {dag.py:3036} INFO - Sync 1 DAGs
[2026-04-20T23:09:13.693+0000] {logging_mixin.py:188} INFO - [2026-04-20T23:09:13.693+0000] {dag.py:3823} INFO - Setting next_dagrun for logidata_pipeline_dag to None, run_after=None
[2026-04-20T23:09:13.866+0000] {processor.py:183} INFO - Processing /opt/airflow/dags/logidata_pipeline_dag.py took 0.369 seconds
[2026-04-20T23:09:44.492+0000] {processor.py:161} INFO - Started process (PID=1201) to work on /opt/airflow/dags/logidata_pipeline_dag.py
[2026-04-20T23:09:44.494+0000] {processor.py:830} INFO - Processing file /opt/airflow/dags/logidata_pipeline_dag.py for tasks to queue
[2026-04-20T23:09:44.496+0000] {logging_mixin.py:188} INFO - [2026-04-20T23:09:44.495+0000] {dagbag.py:538} INFO - Filling up the DagBag from /opt/airflow/dags/logidata_pipeline_dag.py
[2026-04-20T23:09:44.578+0000] {processor.py:840} INFO - DAG(s) 'logidata_pipeline_dag' retrieved from /opt/airflow/dags/logidata_pipeline_dag.py
[2026-04-20T23:09:44.642+0000] {logging_mixin.py:188} INFO - [2026-04-20T23:09:44.642+0000] {dag.py:3036} INFO - Sync 1 DAGs
[2026-04-20T23:09:44.659+0000] {logging_mixin.py:188} INFO - [2026-04-20T23:09:44.659+0000] {dag.py:3823} INFO - Setting next_dagrun for logidata_pipeline_dag to None, run_after=None
[2026-04-20T23:09:44.735+0000] {processor.py:183} INFO - Processing /opt/airflow/dags/logidata_pipeline_dag.py took 0.249 seconds
[2026-04-20T23:10:15.652+0000] {processor.py:161} INFO - Started process (PID=1202) to work on /opt/airflow/dags/logidata_pipeline_dag.py
[2026-04-20T23:10:15.654+0000] {processor.py:830} INFO - Processing file /opt/airflow/dags/logidata_pipeline_dag.py for tasks to queue
[2026-04-20T23:10:15.658+0000] {logging_mixin.py:188} INFO - [2026-04-20T23:10:15.657+0000] {dagbag.py:538} INFO - Filling up the DagBag from /opt/airflow/dags/logidata_pipeline_dag.py
[2026-04-20T23:10:15.746+0000] {processor.py:840} INFO - DAG(s) 'logidata_pipeline_dag' retrieved from /opt/airflow/dags/logidata_pipeline_dag.py
[2026-04-20T23:10:15.783+0000] {logging_mixin.py:188} INFO - [2026-04-20T23:10:15.783+0000] {dag.py:3036} INFO - Sync 1 DAGs
[2026-04-20T23:10:15.798+0000] {logging_mixin.py:188} INFO - [2026-04-20T23:10:15.798+0000] {dag.py:3823} INFO - Setting next_dagrun for logidata_pipeline_dag to None, run_after=None
[2026-04-20T23:10:15.858+0000] {processor.py:183} INFO - Processing /opt/airflow/dags/logidata_pipeline_dag.py took 0.210 seconds
[2026-04-20T23:10:46.620+0000] {processor.py:161} INFO - Started process (PID=1203) to work on /opt/airflow/dags/logidata_pipeline_dag.py
[2026-04-20T23:10:46.622+0000] {processor.py:830} INFO - Processing file /opt/airflow/dags/logidata_pipeline_dag.py for tasks to queue
[2026-04-20T23:10:46.623+0000] {logging_mixin.py:188} INFO - [2026-04-20T23:10:46.623+0000] {dagbag.py:538} INFO - Filling up the DagBag from /opt/airflow/dags/logidata_pipeline_dag.py
[2026-04-20T23:10:46.719+0000] {processor.py:840} INFO - DAG(s) 'logidata_pipeline_dag' retrieved from /opt/airflow/dags/logidata_pipeline_dag.py
[2026-04-20T23:10:46.767+0000] {logging_mixin.py:188} INFO - [2026-04-20T23:10:46.767+0000] {dag.py:3036} INFO - Sync 1 DAGs
[2026-04-20T23:10:46.783+0000] {logging_mixin.py:188} INFO - [2026-04-20T23:10:46.783+0000] {dag.py:3823} INFO - Setting next_dagrun for logidata_pipeline_dag to None, run_after=None
[2026-04-20T23:10:46.938+0000] {processor.py:183} INFO - Processing /opt/airflow/dags/logidata_pipeline_dag.py took 0.324 seconds
[2026-04-20T23:11:17.867+0000] {processor.py:161} INFO - Started process (PID=1204) to work on /opt/airflow/dags/logidata_pipeline_dag.py
[2026-04-20T23:11:17.871+0000] {processor.py:830} INFO - Processing file /opt/airflow/dags/logidata_pipeline_dag.py for tasks to queue
[2026-04-20T23:11:17.873+0000] {logging_mixin.py:188} INFO - [2026-04-20T23:11:17.872+0000] {dagbag.py:538} INFO - Filling up the DagBag from /opt/airflow/dags/logidata_pipeline_dag.py
[2026-04-20T23:11:17.956+0000] {processor.py:840} INFO - DAG(s) 'logidata_pipeline_dag' retrieved from /opt/airflow/dags/logidata_pipeline_dag.py
[2026-04-20T23:11:17.994+0000] {logging_mixin.py:188} INFO - [2026-04-20T23:11:17.994+0000] {dag.py:3036} INFO - Sync 1 DAGs
[2026-04-20T23:11:18.013+0000] {logging_mixin.py:188} INFO - [2026-04-20T23:11:18.013+0000] {dag.py:3823} INFO - Setting next_dagrun for logidata_pipeline_dag to None, run_after=None
[2026-04-20T23:11:18.122+0000] {processor.py:183} INFO - Processing /opt/airflow/dags/logidata_pipeline_dag.py took 0.259 seconds
[2026-04-20T23:11:49.106+0000] {processor.py:161} INFO - Started process (PID=1205) to work on /opt/airflow/dags/logidata_pipeline_dag.py
[2026-04-20T23:11:49.108+0000] {processor.py:830} INFO - Processing file /opt/airflow/dags/logidata_pipeline_dag.py for tasks to queue
[2026-04-20T23:11:49.110+0000] {logging_mixin.py:188} INFO - [2026-04-20T23:11:49.109+0000] {dagbag.py:538} INFO - Filling up the DagBag from /opt/airflow/dags/logidata_pipeline_dag.py
[2026-04-20T23:11:49.212+0000] {processor.py:840} INFO - DAG(s) 'logidata_pipeline_dag' retrieved from /opt/airflow/dags/logidata_pipeline_dag.py
[2026-04-20T23:11:49.252+0000] {logging_mixin.py:188} INFO - [2026-04-20T23:11:49.252+0000] {dag.py:3036} INFO - Sync 1 DAGs
[2026-04-20T23:11:49.271+0000] {logging_mixin.py:188} INFO - [2026-04-20T23:11:49.271+0000] {dag.py:3823} INFO - Setting next_dagrun for logidata_pipeline_dag to None, run_after=None
[2026-04-20T23:11:49.330+0000] {processor.py:183} INFO - Processing /opt/airflow/dags/logidata_pipeline_dag.py took 0.232 seconds
[2026-04-20T23:12:20.104+0000] {processor.py:161} INFO - Started process (PID=1206) to work on /opt/airflow/dags/logidata_pipeline_dag.py
[2026-04-20T23:12:20.106+0000] {processor.py:830} INFO - Processing file /opt/airflow/dags/logidata_pipeline_dag.py for tasks to queue
[2026-04-20T23:12:20.108+0000] {logging_mixin.py:188} INFO - [2026-04-20T23:12:20.107+0000] {dagbag.py:538} INFO - Filling up the DagBag from /opt/airflow/dags/logidata_pipeline_dag.py
[2026-04-20T23:12:20.201+0000] {processor.py:840} INFO - DAG(s) 'logidata_pipeline_dag' retrieved from /opt/airflow/dags/logidata_pipeline_dag.py
[2026-04-20T23:12:20.244+0000] {logging_mixin.py:188} INFO - [2026-04-20T23:12:20.244+0000] {dag.py:3036} INFO - Sync 1 DAGs
[2026-04-20T23:12:20.263+0000] {logging_mixin.py:188} INFO - [2026-04-20T23:12:20.263+0000] {dag.py:3823} INFO - Setting next_dagrun for logidata_pipeline_dag to None, run_after=None
[2026-04-20T23:12:20.436+0000] {processor.py:183} INFO - Processing /opt/airflow/dags/logidata_pipeline_dag.py took 0.338 seconds
[2026-04-20T23:12:51.747+0000] {processor.py:161} INFO - Started process (PID=1207) to work on /opt/airflow/dags/logidata_pipeline_dag.py
[2026-04-20T23:12:51.749+0000] {processor.py:830} INFO - Processing file /opt/airflow/dags/logidata_pipeline_dag.py for tasks to queue
[2026-04-20T23:12:51.751+0000] {logging_mixin.py:188} INFO - [2026-04-20T23:12:51.751+0000] {dagbag.py:538} INFO - Filling up the DagBag from /opt/airflow/dags/logidata_pipeline_dag.py
[2026-04-20T23:12:51.853+0000] {processor.py:840} INFO - DAG(s) 'logidata_pipeline_dag' retrieved from /opt/airflow/dags/logidata_pipeline_dag.py
[2026-04-20T23:12:51.899+0000] {logging_mixin.py:188} INFO - [2026-04-20T23:12:51.898+0000] {dag.py:3036} INFO - Sync 1 DAGs
[2026-04-20T23:12:51.917+0000] {logging_mixin.py:188} INFO - [2026-04-20T23:12:51.917+0000] {dag.py:3823} INFO - Setting next_dagrun for logidata_pipeline_dag to None, run_after=None
[2026-04-20T23:12:52.003+0000] {processor.py:183} INFO - Processing /opt/airflow/dags/logidata_pipeline_dag.py took 0.261 seconds
[2026-04-20T23:13:23.051+0000] {processor.py:161} INFO - Started process (PID=1208) to work on /opt/airflow/dags/logidata_pipeline_dag.py
[2026-04-20T23:13:23.053+0000] {processor.py:830} INFO - Processing file /opt/airflow/dags/logidata_pipeline_dag.py for tasks to queue
[2026-04-20T23:13:23.054+0000] {logging_mixin.py:188} INFO - [2026-04-20T23:13:23.053+0000] {dagbag.py:538} INFO - Filling up the DagBag from /opt/airflow/dags/logidata_pipeline_dag.py
[2026-04-20T23:13:23.125+0000] {processor.py:840} INFO - DAG(s) 'logidata_pipeline_dag' retrieved from /opt/airflow/dags/logidata_pipeline_dag.py
[2026-04-20T23:13:23.176+0000] {logging_mixin.py:188} INFO - [2026-04-20T23:13:23.175+0000] {dag.py:3036} INFO - Sync 1 DAGs
[2026-04-20T23:13:23.191+0000] {logging_mixin.py:188} INFO - [2026-04-20T23:13:23.190+0000] {dag.py:3823} INFO - Setting next_dagrun for logidata_pipeline_dag to None, run_after=None
[2026-04-20T23:13:23.263+0000] {processor.py:183} INFO - Processing /opt/airflow/dags/logidata_pipeline_dag.py took 0.216 seconds
[2026-04-20T23:13:53.615+0000] {processor.py:161} INFO - Started process (PID=1209) to work on /opt/airflow/dags/logidata_pipeline_dag.py
[2026-04-20T23:13:53.616+0000] {processor.py:830} INFO - Processing file /opt/airflow/dags/logidata_pipeline_dag.py for tasks to queue
[2026-04-20T23:13:53.618+0000] {logging_mixin.py:188} INFO - [2026-04-20T23:13:53.617+0000] {dagbag.py:538} INFO - Filling up the DagBag from /opt/airflow/dags/logidata_pipeline_dag.py
[2026-04-20T23:13:53.687+0000] {processor.py:840} INFO - DAG(s) 'logidata_pipeline_dag' retrieved from /opt/airflow/dags/logidata_pipeline_dag.py
[2026-04-20T23:13:53.738+0000] {logging_mixin.py:188} INFO - [2026-04-20T23:13:53.738+0000] {dag.py:3036} INFO - Sync 1 DAGs
[2026-04-20T23:13:53.757+0000] {logging_mixin.py:188} INFO - [2026-04-20T23:13:53.756+0000] {dag.py:3823} INFO - Setting next_dagrun for logidata_pipeline_dag to None, run_after=None
[2026-04-20T23:13:53.864+0000] {processor.py:183} INFO - Processing /opt/airflow/dags/logidata_pipeline_dag.py took 0.253 seconds
[2026-04-20T23:14:25.914+0000] {processor.py:161} INFO - Started process (PID=1210) to work on /opt/airflow/dags/logidata_pipeline_dag.py
[2026-04-20T23:14:25.916+0000] {processor.py:830} INFO - Processing file /opt/airflow/dags/logidata_pipeline_dag.py for tasks to queue
[2026-04-20T23:14:25.918+0000] {logging_mixin.py:188} INFO - [2026-04-20T23:14:25.917+0000] {dagbag.py:538} INFO - Filling up the DagBag from /opt/airflow/dags/logidata_pipeline_dag.py
[2026-04-20T23:14:26.012+0000] {processor.py:840} INFO - DAG(s) 'logidata_pipeline_dag' retrieved from /opt/airflow/dags/logidata_pipeline_dag.py
[2026-04-20T23:14:26.052+0000] {logging_mixin.py:188} INFO - [2026-04-20T23:14:26.052+0000] {dag.py:3036} INFO - Sync 1 DAGs
[2026-04-20T23:14:26.070+0000] {logging_mixin.py:188} INFO - [2026-04-20T23:14:26.069+0000] {dag.py:3823} INFO - Setting next_dagrun for logidata_pipeline_dag to None, run_after=None
[2026-04-20T23:14:26.154+0000] {processor.py:183} INFO - Processing /opt/airflow/dags/logidata_pipeline_dag.py took 0.245 seconds
[2026-04-20T23:14:58.343+0000] {processor.py:161} INFO - Started process (PID=1211) to work on /opt/airflow/dags/logidata_pipeline_dag.py
[2026-04-20T23:14:58.346+0000] {processor.py:830} INFO - Processing file /opt/airflow/dags/logidata_pipeline_dag.py for tasks to queue
[2026-04-20T23:14:58.349+0000] {logging_mixin.py:188} INFO - [2026-04-20T23:14:58.348+0000] {dagbag.py:538} INFO - Filling up the DagBag from /opt/airflow/dags/logidata_pipeline_dag.py
[2026-04-20T23:14:58.418+0000] {processor.py:840} INFO - DAG(s) 'logidata_pipeline_dag' retrieved from /opt/airflow/dags/logidata_pipeline_dag.py
[2026-04-20T23:14:58.467+0000] {logging_mixin.py:188} INFO - [2026-04-20T23:14:58.467+0000] {dag.py:3036} INFO - Sync 1 DAGs
[2026-04-20T23:14:58.489+0000] {logging_mixin.py:188} INFO - [2026-04-20T23:14:58.489+0000] {dag.py:3823} INFO - Setting next_dagrun for logidata_pipeline_dag to None, run_after=None
[2026-04-20T23:14:58.595+0000] {processor.py:183} INFO - Processing /opt/airflow/dags/logidata_pipeline_dag.py took 0.257 seconds
[2026-04-20T23:15:31.677+0000] {processor.py:161} INFO - Started process (PID=1212) to work on /opt/airflow/dags/logidata_pipeline_dag.py
[2026-04-20T23:15:31.679+0000] {processor.py:830} INFO - Processing file /opt/airflow/dags/logidata_pipeline_dag.py for tasks to queue
[2026-04-20T23:15:31.680+0000] {logging_mixin.py:188} INFO - [2026-04-20T23:15:31.680+0000] {dagbag.py:538} INFO - Filling up the DagBag from /opt/airflow/dags/logidata_pipeline_dag.py
[2026-04-20T23:15:31.774+0000] {processor.py:840} INFO - DAG(s) 'logidata_pipeline_dag' retrieved from /opt/airflow/dags/logidata_pipeline_dag.py
[2026-04-20T23:15:31.824+0000] {logging_mixin.py:188} INFO - [2026-04-20T23:15:31.824+0000] {dag.py:3036} INFO - Sync 1 DAGs
[2026-04-20T23:15:31.843+0000] {logging_mixin.py:188} INFO - [2026-04-20T23:15:31.843+0000] {dag.py:3823} INFO - Setting next_dagrun for logidata_pipeline_dag to None, run_after=None
[2026-04-20T23:15:32.008+0000] {processor.py:183} INFO - Processing /opt/airflow/dags/logidata_pipeline_dag.py took 0.336 seconds
[2026-04-20T23:16:02.638+0000] {processor.py:161} INFO - Started process (PID=1213) to work on /opt/airflow/dags/logidata_pipeline_dag.py
[2026-04-20T23:16:02.640+0000] {processor.py:830} INFO - Processing file /opt/airflow/dags/logidata_pipeline_dag.py for tasks to queue
[2026-04-20T23:16:02.642+0000] {logging_mixin.py:188} INFO - [2026-04-20T23:16:02.642+0000] {dagbag.py:538} INFO - Filling up the DagBag from /opt/airflow/dags/logidata_pipeline_dag.py
[2026-04-20T23:16:02.739+0000] {processor.py:840} INFO - DAG(s) 'logidata_pipeline_dag' retrieved from /opt/airflow/dags/logidata_pipeline_dag.py
[2026-04-20T23:16:02.785+0000] {logging_mixin.py:188} INFO - [2026-04-20T23:16:02.785+0000] {dag.py:3036} INFO - Sync 1 DAGs
[2026-04-20T23:16:02.803+0000] {logging_mixin.py:188} INFO - [2026-04-20T23:16:02.802+0000] {dag.py:3823} INFO - Setting next_dagrun for logidata_pipeline_dag to None, run_after=None
[2026-04-20T23:16:02.900+0000] {processor.py:183} INFO - Processing /opt/airflow/dags/logidata_pipeline_dag.py took 0.265 seconds
[2026-04-20T23:16:33.473+0000] {processor.py:161} INFO - Started process (PID=1214) to work on /opt/airflow/dags/logidata_pipeline_dag.py
[2026-04-20T23:16:33.476+0000] {processor.py:830} INFO - Processing file /opt/airflow/dags/logidata_pipeline_dag.py for tasks to queue
[2026-04-20T23:16:33.479+0000] {logging_mixin.py:188} INFO - [2026-04-20T23:16:33.478+0000] {dagbag.py:538} INFO - Filling up the DagBag from /opt/airflow/dags/logidata_pipeline_dag.py
[2026-04-20T23:16:33.583+0000] {processor.py:840} INFO - DAG(s) 'logidata_pipeline_dag' retrieved from /opt/airflow/dags/logidata_pipeline_dag.py
[2026-04-20T23:16:33.630+0000] {logging_mixin.py:188} INFO - [2026-04-20T23:16:33.630+0000] {dag.py:3036} INFO - Sync 1 DAGs
[2026-04-20T23:16:33.649+0000] {logging_mixin.py:188} INFO - [2026-04-20T23:16:33.649+0000] {dag.py:3823} INFO - Setting next_dagrun for logidata_pipeline_dag to None, run_after=None
[2026-04-20T23:16:33.718+0000] {processor.py:183} INFO - Processing /opt/airflow/dags/logidata_pipeline_dag.py took 0.259 seconds
[2026-04-20T23:17:04.628+0000] {processor.py:161} INFO - Started process (PID=1215) to work on /opt/airflow/dags/logidata_pipeline_dag.py
[2026-04-20T23:17:04.629+0000] {processor.py:830} INFO - Processing file /opt/airflow/dags/logidata_pipeline_dag.py for tasks to queue
[2026-04-20T23:17:04.631+0000] {logging_mixin.py:188} INFO - [2026-04-20T23:17:04.631+0000] {dagbag.py:538} INFO - Filling up the DagBag from /opt/airflow/dags/logidata_pipeline_dag.py
[2026-04-20T23:17:04.708+0000] {processor.py:840} INFO - DAG(s) 'logidata_pipeline_dag' retrieved from /opt/airflow/dags/logidata_pipeline_dag.py
[2026-04-20T23:17:04.745+0000] {logging_mixin.py:188} INFO - [2026-04-20T23:17:04.745+0000] {dag.py:3036} INFO - Sync 1 DAGs
[2026-04-20T23:17:04.761+0000] {logging_mixin.py:188} INFO - [2026-04-20T23:17:04.761+0000] {dag.py:3823} INFO - Setting next_dagrun for logidata_pipeline_dag to None, run_after=None
[2026-04-20T23:17:04.823+0000] {processor.py:183} INFO - Processing /opt/airflow/dags/logidata_pipeline_dag.py took 0.198 seconds
[2026-04-20T23:17:35.779+0000] {processor.py:161} INFO - Started process (PID=1216) to work on /opt/airflow/dags/logidata_pipeline_dag.py
[2026-04-20T23:17:35.780+0000] {processor.py:830} INFO - Processing file /opt/airflow/dags/logidata_pipeline_dag.py for tasks to queue
[2026-04-20T23:17:35.782+0000] {logging_mixin.py:188} INFO - [2026-04-20T23:17:35.781+0000] {dagbag.py:538} INFO - Filling up the DagBag from /opt/airflow/dags/logidata_pipeline_dag.py
[2026-04-20T23:17:35.851+0000] {processor.py:840} INFO - DAG(s) 'logidata_pipeline_dag' retrieved from /opt/airflow/dags/logidata_pipeline_dag.py
[2026-04-20T23:17:35.892+0000] {logging_mixin.py:188} INFO - [2026-04-20T23:17:35.891+0000] {dag.py:3036} INFO - Sync 1 DAGs
[2026-04-20T23:17:35.913+0000] {logging_mixin.py:188} INFO - [2026-04-20T23:17:35.913+0000] {dag.py:3823} INFO - Setting next_dagrun for logidata_pipeline_dag to None, run_after=None
[2026-04-20T23:17:35.985+0000] {processor.py:183} INFO - Processing /opt/airflow/dags/logidata_pipeline_dag.py took 0.210 seconds
[2026-04-20T23:18:08.465+0000] {processor.py:161} INFO - Started process (PID=1217) to work on /opt/airflow/dags/logidata_pipeline_dag.py
[2026-04-20T23:18:08.467+0000] {processor.py:830} INFO - Processing file /opt/airflow/dags/logidata_pipeline_dag.py for tasks to queue
[2026-04-20T23:18:08.470+0000] {logging_mixin.py:188} INFO - [2026-04-20T23:18:08.469+0000] {dagbag.py:538} INFO - Filling up the DagBag from /opt/airflow/dags/logidata_pipeline_dag.py
[2026-04-20T23:18:08.550+0000] {processor.py:840} INFO - DAG(s) 'logidata_pipeline_dag' retrieved from /opt/airflow/dags/logidata_pipeline_dag.py
[2026-04-20T23:18:08.611+0000] {logging_mixin.py:188} INFO - [2026-04-20T23:18:08.610+0000] {dag.py:3036} INFO - Sync 1 DAGs
[2026-04-20T23:18:08.627+0000] {logging_mixin.py:188} INFO - [2026-04-20T23:18:08.627+0000] {dag.py:3823} INFO - Setting next_dagrun for logidata_pipeline_dag to None, run_after=None
[2026-04-20T23:18:08.708+0000] {processor.py:183} INFO - Processing /opt/airflow/dags/logidata_pipeline_dag.py took 0.250 seconds
[2026-04-20T23:18:39.578+0000] {processor.py:161} INFO - Started process (PID=1218) to work on /opt/airflow/dags/logidata_pipeline_dag.py
[2026-04-20T23:18:39.582+0000] {processor.py:830} INFO - Processing file /opt/airflow/dags/logidata_pipeline_dag.py for tasks to queue
[2026-04-20T23:18:39.586+0000] {logging_mixin.py:188} INFO - [2026-04-20T23:18:39.585+0000] {dagbag.py:538} INFO - Filling up the DagBag from /opt/airflow/dags/logidata_pipeline_dag.py
[2026-04-20T23:18:39.686+0000] {processor.py:840} INFO - DAG(s) 'logidata_pipeline_dag' retrieved from /opt/airflow/dags/logidata_pipeline_dag.py
[2026-04-20T23:18:39.741+0000] {logging_mixin.py:188} INFO - [2026-04-20T23:18:39.740+0000] {dag.py:3036} INFO - Sync 1 DAGs
[2026-04-20T23:18:39.764+0000] {logging_mixin.py:188} INFO - [2026-04-20T23:18:39.764+0000] {dag.py:3823} INFO - Setting next_dagrun for logidata_pipeline_dag to None, run_after=None
[2026-04-20T23:18:39.985+0000] {processor.py:183} INFO - Processing /opt/airflow/dags/logidata_pipeline_dag.py took 0.414 seconds
[2026-04-20T23:19:11.169+0000] {processor.py:161} INFO - Started process (PID=1219) to work on /opt/airflow/dags/logidata_pipeline_dag.py
[2026-04-20T23:19:11.171+0000] {processor.py:830} INFO - Processing file /opt/airflow/dags/logidata_pipeline_dag.py for tasks to queue
[2026-04-20T23:19:11.173+0000] {logging_mixin.py:188} INFO - [2026-04-20T23:19:11.172+0000] {dagbag.py:538} INFO - Filling up the DagBag from /opt/airflow/dags/logidata_pipeline_dag.py
[2026-04-20T23:19:11.293+0000] {processor.py:840} INFO - DAG(s) 'logidata_pipeline_dag' retrieved from /opt/airflow/dags/logidata_pipeline_dag.py
[2026-04-20T23:19:11.352+0000] {logging_mixin.py:188} INFO - [2026-04-20T23:19:11.351+0000] {dag.py:3036} INFO - Sync 1 DAGs
[2026-04-20T23:19:11.374+0000] {logging_mixin.py:188} INFO - [2026-04-20T23:19:11.373+0000] {dag.py:3823} INFO - Setting next_dagrun for logidata_pipeline_dag to None, run_after=None
[2026-04-20T23:19:11.514+0000] {processor.py:183} INFO - Processing /opt/airflow/dags/logidata_pipeline_dag.py took 0.349 seconds
[2026-04-20T23:19:42.211+0000] {processor.py:161} INFO - Started process (PID=1220) to work on /opt/airflow/dags/logidata_pipeline_dag.py
[2026-04-20T23:19:42.212+0000] {processor.py:830} INFO - Processing file /opt/airflow/dags/logidata_pipeline_dag.py for tasks to queue
[2026-04-20T23:19:42.213+0000] {logging_mixin.py:188} INFO - [2026-04-20T23:19:42.213+0000] {dagbag.py:538} INFO - Filling up the DagBag from /opt/airflow/dags/logidata_pipeline_dag.py
[2026-04-20T23:19:42.285+0000] {processor.py:840} INFO - DAG(s) 'logidata_pipeline_dag' retrieved from /opt/airflow/dags/logidata_pipeline_dag.py
[2026-04-20T23:19:42.325+0000] {logging_mixin.py:188} INFO - [2026-04-20T23:19:42.325+0000] {dag.py:3036} INFO - Sync 1 DAGs
[2026-04-20T23:19:42.342+0000] {logging_mixin.py:188} INFO - [2026-04-20T23:19:42.342+0000] {dag.py:3823} INFO - Setting next_dagrun for logidata_pipeline_dag to None, run_after=None
[2026-04-20T23:19:42.397+0000] {processor.py:183} INFO - Processing /opt/airflow/dags/logidata_pipeline_dag.py took 0.189 seconds
[2026-04-20T23:20:14.505+0000] {processor.py:161} INFO - Started process (PID=1221) to work on /opt/airflow/dags/logidata_pipeline_dag.py
[2026-04-20T23:20:14.507+0000] {processor.py:830} INFO - Processing file /opt/airflow/dags/logidata_pipeline_dag.py for tasks to queue
[2026-04-20T23:20:14.508+0000] {logging_mixin.py:188} INFO - [2026-04-20T23:20:14.507+0000] {dagbag.py:538} INFO - Filling up the DagBag from /opt/airflow/dags/logidata_pipeline_dag.py
[2026-04-20T23:20:14.584+0000] {processor.py:840} INFO - DAG(s) 'logidata_pipeline_dag' retrieved from /opt/airflow/dags/logidata_pipeline_dag.py
[2026-04-20T23:20:14.630+0000] {logging_mixin.py:188} INFO - [2026-04-20T23:20:14.630+0000] {dag.py:3036} INFO - Sync 1 DAGs
[2026-04-20T23:20:14.655+0000] {logging_mixin.py:188} INFO - [2026-04-20T23:20:14.654+0000] {dag.py:3823} INFO - Setting next_dagrun for logidata_pipeline_dag to None, run_after=None
[2026-04-20T23:20:14.841+0000] {processor.py:183} INFO - Processing /opt/airflow/dags/logidata_pipeline_dag.py took 0.339 seconds
[2026-04-20T23:20:46.709+0000] {processor.py:161} INFO - Started process (PID=1222) to work on /opt/airflow/dags/logidata_pipeline_dag.py
[2026-04-20T23:20:46.711+0000] {processor.py:830} INFO - Processing file /opt/airflow/dags/logidata_pipeline_dag.py for tasks to queue
[2026-04-20T23:20:46.713+0000] {logging_mixin.py:188} INFO - [2026-04-20T23:20:46.712+0000] {dagbag.py:538} INFO - Filling up the DagBag from /opt/airflow/dags/logidata_pipeline_dag.py
[2026-04-20T23:20:46.793+0000] {processor.py:840} INFO - DAG(s) 'logidata_pipeline_dag' retrieved from /opt/airflow/dags/logidata_pipeline_dag.py
[2026-04-20T23:20:46.827+0000] {logging_mixin.py:188} INFO - [2026-04-20T23:20:46.827+0000] {dag.py:3036} INFO - Sync 1 DAGs
[2026-04-20T23:20:46.848+0000] {logging_mixin.py:188} INFO - [2026-04-20T23:20:46.848+0000] {dag.py:3823} INFO - Setting next_dagrun for logidata_pipeline_dag to None, run_after=None
[2026-04-20T23:20:46.934+0000] {processor.py:183} INFO - Processing /opt/airflow/dags/logidata_pipeline_dag.py took 0.240 seconds
[2026-04-20T23:21:19.066+0000] {processor.py:161} INFO - Started process (PID=1223) to work on /opt/airflow/dags/logidata_pipeline_dag.py
[2026-04-20T23:21:19.068+0000] {processor.py:830} INFO - Processing file /opt/airflow/dags/logidata_pipeline_dag.py for tasks to queue
[2026-04-20T23:21:19.069+0000] {logging_mixin.py:188} INFO - [2026-04-20T23:21:19.069+0000] {dagbag.py:538} INFO - Filling up the DagBag from /opt/airflow/dags/logidata_pipeline_dag.py
[2026-04-20T23:21:19.140+0000] {processor.py:840} INFO - DAG(s) 'logidata_pipeline_dag' retrieved from /opt/airflow/dags/logidata_pipeline_dag.py
[2026-04-20T23:21:19.188+0000] {logging_mixin.py:188} INFO - [2026-04-20T23:21:19.188+0000] {dag.py:3036} INFO - Sync 1 DAGs
[2026-04-20T23:21:19.205+0000] {logging_mixin.py:188} INFO - [2026-04-20T23:21:19.205+0000] {dag.py:3823} INFO - Setting next_dagrun for logidata_pipeline_dag to None, run_after=None
[2026-04-20T23:21:19.302+0000] {processor.py:183} INFO - Processing /opt/airflow/dags/logidata_pipeline_dag.py took 0.238 seconds
[2026-04-20T23:21:49.988+0000] {processor.py:161} INFO - Started process (PID=1224) to work on /opt/airflow/dags/logidata_pipeline_dag.py
[2026-04-20T23:21:49.990+0000] {processor.py:830} INFO - Processing file /opt/airflow/dags/logidata_pipeline_dag.py for tasks to queue
[2026-04-20T23:21:49.991+0000] {logging_mixin.py:188} INFO - [2026-04-20T23:21:49.991+0000] {dagbag.py:538} INFO - Filling up the DagBag from /opt/airflow/dags/logidata_pipeline_dag.py
[2026-04-20T23:21:50.071+0000] {processor.py:840} INFO - DAG(s) 'logidata_pipeline_dag' retrieved from /opt/airflow/dags/logidata_pipeline_dag.py
[2026-04-20T23:21:50.116+0000] {logging_mixin.py:188} INFO - [2026-04-20T23:21:50.116+0000] {dag.py:3036} INFO - Sync 1 DAGs
[2026-04-20T23:21:50.141+0000] {logging_mixin.py:188} INFO - [2026-04-20T23:21:50.141+0000] {dag.py:3823} INFO - Setting next_dagrun for logidata_pipeline_dag to None, run_after=None
[2026-04-20T23:21:50.296+0000] {processor.py:183} INFO - Processing /opt/airflow/dags/logidata_pipeline_dag.py took 0.311 seconds
[2026-04-20T23:22:21.477+0000] {processor.py:161} INFO - Started process (PID=1225) to work on /opt/airflow/dags/logidata_pipeline_dag.py
[2026-04-20T23:22:21.480+0000] {processor.py:830} INFO - Processing file /opt/airflow/dags/logidata_pipeline_dag.py for tasks to queue
[2026-04-20T23:22:21.483+0000] {logging_mixin.py:188} INFO - [2026-04-20T23:22:21.482+0000] {dagbag.py:538} INFO - Filling up the DagBag from /opt/airflow/dags/logidata_pipeline_dag.py
[2026-04-20T23:22:21.566+0000] {processor.py:840} INFO - DAG(s) 'logidata_pipeline_dag' retrieved from /opt/airflow/dags/logidata_pipeline_dag.py
[2026-04-20T23:22:21.627+0000] {logging_mixin.py:188} INFO - [2026-04-20T23:22:21.626+0000] {dag.py:3036} INFO - Sync 1 DAGs
[2026-04-20T23:22:21.647+0000] {logging_mixin.py:188} INFO - [2026-04-20T23:22:21.646+0000] {dag.py:3823} INFO - Setting next_dagrun for logidata_pipeline_dag to None, run_after=None
[2026-04-20T23:22:21.710+0000] {processor.py:183} INFO - Processing /opt/airflow/dags/logidata_pipeline_dag.py took 0.236 seconds
[2026-04-20T23:22:51.897+0000] {processor.py:161} INFO - Started process (PID=1226) to work on /opt/airflow/dags/logidata_pipeline_dag.py
[2026-04-20T23:22:51.900+0000] {processor.py:830} INFO - Processing file /opt/airflow/dags/logidata_pipeline_dag.py for tasks to queue
[2026-04-20T23:22:51.903+0000] {logging_mixin.py:188} INFO - [2026-04-20T23:22:51.902+0000] {dagbag.py:538} INFO - Filling up the DagBag from /opt/airflow/dags/logidata_pipeline_dag.py
[2026-04-20T23:22:52.052+0000] {processor.py:840} INFO - DAG(s) 'logidata_pipeline_dag' retrieved from /opt/airflow/dags/logidata_pipeline_dag.py
[2026-04-20T23:22:52.128+0000] {logging_mixin.py:188} INFO - [2026-04-20T23:22:52.128+0000] {dag.py:3036} INFO - Sync 1 DAGs
[2026-04-20T23:22:52.166+0000] {logging_mixin.py:188} INFO - [2026-04-20T23:22:52.166+0000] {dag.py:3823} INFO - Setting next_dagrun for logidata_pipeline_dag to None, run_after=None
[2026-04-20T23:22:52.352+0000] {processor.py:183} INFO - Processing /opt/airflow/dags/logidata_pipeline_dag.py took 0.464 seconds
[2026-04-20T23:23:24.240+0000] {processor.py:161} INFO - Started process (PID=1227) to work on /opt/airflow/dags/logidata_pipeline_dag.py
[2026-04-20T23:23:24.242+0000] {processor.py:830} INFO - Processing file /opt/airflow/dags/logidata_pipeline_dag.py for tasks to queue
[2026-04-20T23:23:24.243+0000] {logging_mixin.py:188} INFO - [2026-04-20T23:23:24.243+0000] {dagbag.py:538} INFO - Filling up the DagBag from /opt/airflow/dags/logidata_pipeline_dag.py
[2026-04-20T23:23:24.314+0000] {processor.py:840} INFO - DAG(s) 'logidata_pipeline_dag' retrieved from /opt/airflow/dags/logidata_pipeline_dag.py
[2026-04-20T23:23:24.357+0000] {logging_mixin.py:188} INFO - [2026-04-20T23:23:24.357+0000] {dag.py:3036} INFO - Sync 1 DAGs
[2026-04-20T23:23:24.387+0000] {logging_mixin.py:188} INFO - [2026-04-20T23:23:24.387+0000] {dag.py:3823} INFO - Setting next_dagrun for logidata_pipeline_dag to None, run_after=None
[2026-04-20T23:23:24.483+0000] {processor.py:183} INFO - Processing /opt/airflow/dags/logidata_pipeline_dag.py took 0.247 seconds
[2026-04-20T23:23:56.719+0000] {processor.py:161} INFO - Started process (PID=1228) to work on /opt/airflow/dags/logidata_pipeline_dag.py
[2026-04-20T23:23:56.721+0000] {processor.py:830} INFO - Processing file /opt/airflow/dags/logidata_pipeline_dag.py for tasks to queue
[2026-04-20T23:23:56.723+0000] {logging_mixin.py:188} INFO - [2026-04-20T23:23:56.723+0000] {dagbag.py:538} INFO - Filling up the DagBag from /opt/airflow/dags/logidata_pipeline_dag.py
[2026-04-20T23:23:56.859+0000] {processor.py:840} INFO - DAG(s) 'logidata_pipeline_dag' retrieved from /opt/airflow/dags/logidata_pipeline_dag.py
[2026-04-20T23:23:56.902+0000] {logging_mixin.py:188} INFO - [2026-04-20T23:23:56.902+0000] {dag.py:3036} INFO - Sync 1 DAGs
[2026-04-20T23:23:56.921+0000] {logging_mixin.py:188} INFO - [2026-04-20T23:23:56.921+0000] {dag.py:3823} INFO - Setting next_dagrun for logidata_pipeline_dag to None, run_after=None
[2026-04-20T23:23:57.102+0000] {processor.py:183} INFO - Processing /opt/airflow/dags/logidata_pipeline_dag.py took 0.389 seconds
[2026-04-20T23:31:00.455+0000] {processor.py:161} INFO - Started process (PID=1260) to work on /opt/airflow/dags/logidata_pipeline_dag.py
[2026-04-20T23:31:00.459+0000] {processor.py:830} INFO - Processing file /opt/airflow/dags/logidata_pipeline_dag.py for tasks to queue
[2026-04-20T23:31:00.463+0000] {logging_mixin.py:188} INFO - [2026-04-20T23:31:00.462+0000] {dagbag.py:538} INFO - Filling up the DagBag from /opt/airflow/dags/logidata_pipeline_dag.py
[2026-04-20T23:31:00.675+0000] {processor.py:840} INFO - DAG(s) 'logidata_pipeline_dag' retrieved from /opt/airflow/dags/logidata_pipeline_dag.py
[2026-04-20T23:31:00.722+0000] {logging_mixin.py:188} INFO - [2026-04-20T23:31:00.721+0000] {dag.py:3036} INFO - Sync 1 DAGs
[2026-04-20T23:31:00.745+0000] {logging_mixin.py:188} INFO - [2026-04-20T23:31:00.744+0000] {dag.py:3823} INFO - Setting next_dagrun for logidata_pipeline_dag to None, run_after=None
[2026-04-20T23:31:00.926+0000] {processor.py:183} INFO - Processing /opt/airflow/dags/logidata_pipeline_dag.py took 0.482 seconds
[2026-04-20T23:32:52.256+0000] {processor.py:161} INFO - Started process (PID=1272) to work on /opt/airflow/dags/logidata_pipeline_dag.py
[2026-04-20T23:32:52.259+0000] {processor.py:830} INFO - Processing file /opt/airflow/dags/logidata_pipeline_dag.py for tasks to queue
[2026-04-20T23:32:52.261+0000] {logging_mixin.py:188} INFO - [2026-04-20T23:32:52.261+0000] {dagbag.py:538} INFO - Filling up the DagBag from /opt/airflow/dags/logidata_pipeline_dag.py
[2026-04-20T23:32:52.399+0000] {processor.py:840} INFO - DAG(s) 'logidata_pipeline_dag' retrieved from /opt/airflow/dags/logidata_pipeline_dag.py
[2026-04-20T23:32:52.464+0000] {logging_mixin.py:188} INFO - [2026-04-20T23:32:52.464+0000] {dag.py:3036} INFO - Sync 1 DAGs
[2026-04-20T23:32:52.492+0000] {logging_mixin.py:188} INFO - [2026-04-20T23:32:52.492+0000] {dag.py:3823} INFO - Setting next_dagrun for logidata_pipeline_dag to None, run_after=None
[2026-04-20T23:32:52.604+0000] {processor.py:183} INFO - Processing /opt/airflow/dags/logidata_pipeline_dag.py took 0.355 seconds
[2026-04-20T23:35:59.589+0000] {processor.py:161} INFO - Started process (PID=1284) to work on /opt/airflow/dags/logidata_pipeline_dag.py
[2026-04-20T23:35:59.590+0000] {processor.py:830} INFO - Processing file /opt/airflow/dags/logidata_pipeline_dag.py for tasks to queue
[2026-04-20T23:35:59.591+0000] {logging_mixin.py:188} INFO - [2026-04-20T23:35:59.591+0000] {dagbag.py:538} INFO - Filling up the DagBag from /opt/airflow/dags/logidata_pipeline_dag.py
[2026-04-20T23:35:59.727+0000] {processor.py:840} INFO - DAG(s) 'logidata_pipeline_dag' retrieved from /opt/airflow/dags/logidata_pipeline_dag.py
[2026-04-20T23:35:59.820+0000] {logging_mixin.py:188} INFO - [2026-04-20T23:35:59.819+0000] {dag.py:3036} INFO - Sync 1 DAGs
[2026-04-20T23:35:59.869+0000] {logging_mixin.py:188} INFO - [2026-04-20T23:35:59.869+0000] {dag.py:3823} INFO - Setting next_dagrun for logidata_pipeline_dag to None, run_after=None
[2026-04-20T23:35:59.944+0000] {processor.py:183} INFO - Processing /opt/airflow/dags/logidata_pipeline_dag.py took 0.359 seconds
[2026-04-20T23:36:46.840+0000] {processor.py:161} INFO - Started process (PID=1305) to work on /opt/airflow/dags/logidata_pipeline_dag.py
[2026-04-20T23:36:46.842+0000] {processor.py:830} INFO - Processing file /opt/airflow/dags/logidata_pipeline_dag.py for tasks to queue
[2026-04-20T23:36:46.843+0000] {logging_mixin.py:188} INFO - [2026-04-20T23:36:46.843+0000] {dagbag.py:538} INFO - Filling up the DagBag from /opt/airflow/dags/logidata_pipeline_dag.py
[2026-04-20T23:36:46.922+0000] {processor.py:840} INFO - DAG(s) 'logidata_pipeline_dag' retrieved from /opt/airflow/dags/logidata_pipeline_dag.py
[2026-04-20T23:36:46.972+0000] {logging_mixin.py:188} INFO - [2026-04-20T23:36:46.972+0000] {dag.py:3036} INFO - Sync 1 DAGs
[2026-04-20T23:36:46.990+0000] {logging_mixin.py:188} INFO - [2026-04-20T23:36:46.990+0000] {dag.py:3823} INFO - Setting next_dagrun for logidata_pipeline_dag to None, run_after=None
[2026-04-20T23:36:47.166+0000] {processor.py:183} INFO - Processing /opt/airflow/dags/logidata_pipeline_dag.py took 0.331 seconds
