[2026-04-20T16:28:15.054+0000] {manager.py:469} INFO - Processing files using up to 1 processes at a time 
[2026-04-20T16:28:15.055+0000] {manager.py:470} INFO - Process each file at most once every 30 seconds
[2026-04-20T16:28:15.056+0000] {manager.py:471} INFO - Checking for new files in /opt/airflow/dags every 300 seconds
[2026-04-20T16:28:15.056+0000] {manager.py:738} INFO - Searching for files in /opt/airflow/dags
[2026-04-20T16:28:15.080+0000] {manager.py:741} INFO - There are 1 files in /opt/airflow/dags
[2026-04-20T16:28:16.116+0000] {manager.py:879} INFO - 
================================================================================
DAG File Processing Stats

File Path                                   PID    Runtime      # DAGs    # Errors  Last Runtime    Last Run
------------------------------------------  -----  ---------  --------  ----------  --------------  -------------------
/opt/airflow/dags/logidata_pipeline_dag.py                           1           0  0.91s           2026-04-20T16:28:16
================================================================================
[2026-04-20T16:28:47.868+0000] {manager.py:879} INFO - 
================================================================================
DAG File Processing Stats

File Path                                   PID    Runtime      # DAGs    # Errors  Last Runtime    Last Run
------------------------------------------  -----  ---------  --------  ----------  --------------  -------------------
/opt/airflow/dags/logidata_pipeline_dag.py                           1           0  0.31s           2026-04-20T16:28:46
================================================================================
[2026-04-20T16:29:19.232+0000] {manager.py:879} INFO - 
================================================================================
DAG File Processing Stats

File Path                                   PID    Runtime      # DAGs    # Errors  Last Runtime    Last Run
------------------------------------------  -----  ---------  --------  ----------  --------------  -------------------
/opt/airflow/dags/logidata_pipeline_dag.py                           1           0  0.31s           2026-04-20T16:29:17
================================================================================
[2026-04-20T16:29:52.873+0000] {manager.py:879} INFO - 
================================================================================
DAG File Processing Stats

File Path                                   PID    Runtime      # DAGs    # Errors  Last Runtime    Last Run
------------------------------------------  -----  ---------  --------  ----------  --------------  -------------------
/opt/airflow/dags/logidata_pipeline_dag.py                           1           0  0.21s           2026-04-20T16:29:47
================================================================================
[2026-04-20T16:30:26.493+0000] {manager.py:879} INFO - 
================================================================================
DAG File Processing Stats

File Path                                   PID    Runtime      # DAGs    # Errors  Last Runtime    Last Run
------------------------------------------  -----  ---------  --------  ----------  --------------  -------------------
/opt/airflow/dags/logidata_pipeline_dag.py                           1           0  0.30s           2026-04-20T16:30:19
================================================================================
[2026-04-20T16:30:59.869+0000] {manager.py:879} INFO - 
================================================================================
DAG File Processing Stats

File Path                                   PID    Runtime      # DAGs    # Errors  Last Runtime    Last Run
------------------------------------------  -----  ---------  --------  ----------  --------------  -------------------
/opt/airflow/dags/logidata_pipeline_dag.py                           1           0  0.31s           2026-04-20T16:30:52
================================================================================
[2026-04-20T16:31:31.539+0000] {manager.py:879} INFO - 
================================================================================
DAG File Processing Stats

File Path                                   PID    Runtime      # DAGs    # Errors  Last Runtime    Last Run
------------------------------------------  -----  ---------  --------  ----------  --------------  -------------------
/opt/airflow/dags/logidata_pipeline_dag.py                           1           0  0.41s           2026-04-20T16:31:24
================================================================================
[2026-04-20T16:32:02.559+0000] {manager.py:879} INFO - 
================================================================================
DAG File Processing Stats

File Path                                   PID    Runtime      # DAGs    # Errors  Last Runtime    Last Run
------------------------------------------  -----  ---------  --------  ----------  --------------  -------------------
/opt/airflow/dags/logidata_pipeline_dag.py                           1           0  0.41s           2026-04-20T16:31:54
================================================================================
[2026-04-20T16:32:34.016+0000] {manager.py:879} INFO - 
================================================================================
DAG File Processing Stats

File Path                                   PID    Runtime      # DAGs    # Errors  Last Runtime    Last Run
------------------------------------------  -----  ---------  --------  ----------  --------------  -------------------
/opt/airflow/dags/logidata_pipeline_dag.py                           1           0  0.30s           2026-04-20T16:32:25
================================================================================
[2026-04-20T16:33:07.059+0000] {manager.py:879} INFO - 
================================================================================
DAG File Processing Stats

File Path                                   PID    Runtime      # DAGs    # Errors  Last Runtime    Last Run
------------------------------------------  -----  ---------  --------  ----------  --------------  -------------------
/opt/airflow/dags/logidata_pipeline_dag.py                           1           0  0.21s           2026-04-20T16:32:58
================================================================================
[2026-04-20T16:33:16.050+0000] {manager.py:738} INFO - Searching for files in /opt/airflow/dags
[2026-04-20T16:33:16.065+0000] {manager.py:741} INFO - There are 1 files in /opt/airflow/dags
[2026-04-20T16:33:40.203+0000] {manager.py:879} INFO - 
================================================================================
DAG File Processing Stats

File Path                                   PID    Runtime      # DAGs    # Errors  Last Runtime    Last Run
------------------------------------------  -----  ---------  --------  ----------  --------------  -------------------
/opt/airflow/dags/logidata_pipeline_dag.py                           1           0  0.20s           2026-04-20T16:33:31
================================================================================
[2026-04-20T16:34:13.281+0000] {manager.py:879} INFO - 
================================================================================
DAG File Processing Stats

File Path                                   PID    Runtime      # DAGs    # Errors  Last Runtime    Last Run
------------------------------------------  -----  ---------  --------  ----------  --------------  -------------------
/opt/airflow/dags/logidata_pipeline_dag.py                           1           0  0.31s           2026-04-20T16:34:04
================================================================================
[2026-04-20T16:34:44.394+0000] {manager.py:879} INFO - 
================================================================================
DAG File Processing Stats

File Path                                   PID    Runtime      # DAGs    # Errors  Last Runtime    Last Run
------------------------------------------  -----  ---------  --------  ----------  --------------  -------------------
/opt/airflow/dags/logidata_pipeline_dag.py                           1           0  0.42s           2026-04-20T16:34:35
================================================================================
[2026-04-20T16:35:15.421+0000] {manager.py:879} INFO - 
================================================================================
DAG File Processing Stats

File Path                                   PID    Runtime      # DAGs    # Errors  Last Runtime    Last Run
------------------------------------------  -----  ---------  --------  ----------  --------------  -------------------
/opt/airflow/dags/logidata_pipeline_dag.py                           1           0  0.41s           2026-04-20T16:35:06
================================================================================
[2026-04-20T16:35:46.995+0000] {manager.py:879} INFO - 
================================================================================
DAG File Processing Stats

File Path                                   PID    Runtime      # DAGs    # Errors  Last Runtime    Last Run
------------------------------------------  -----  ---------  --------  ----------  --------------  -------------------
/opt/airflow/dags/logidata_pipeline_dag.py                           1           0  0.31s           2026-04-20T16:35:37
================================================================================
[2026-04-20T16:36:20.441+0000] {manager.py:879} INFO - 
================================================================================
DAG File Processing Stats

File Path                                   PID    Runtime      # DAGs    # Errors  Last Runtime    Last Run
------------------------------------------  -----  ---------  --------  ----------  --------------  -------------------
/opt/airflow/dags/logidata_pipeline_dag.py                           1           0  0.30s           2026-04-20T16:36:09
================================================================================
[2026-04-20T16:36:53.701+0000] {manager.py:879} INFO - 
================================================================================
DAG File Processing Stats

File Path                                   PID    Runtime      # DAGs    # Errors  Last Runtime    Last Run
------------------------------------------  -----  ---------  --------  ----------  --------------  -------------------
/opt/airflow/dags/logidata_pipeline_dag.py                           1           0  0.31s           2026-04-20T16:36:42
================================================================================
[2026-04-20T16:37:25.438+0000] {manager.py:879} INFO - 
================================================================================
DAG File Processing Stats

File Path                                   PID    Runtime      # DAGs    # Errors  Last Runtime    Last Run
------------------------------------------  -----  ---------  --------  ----------  --------------  -------------------
/opt/airflow/dags/logidata_pipeline_dag.py                           1           0  0.31s           2026-04-20T16:37:12
================================================================================
[2026-04-20T16:37:57.229+0000] {manager.py:879} INFO - 
================================================================================
DAG File Processing Stats

File Path                                   PID    Runtime      # DAGs    # Errors  Last Runtime    Last Run
------------------------------------------  -----  ---------  --------  ----------  --------------  -------------------
/opt/airflow/dags/logidata_pipeline_dag.py                           1           0  0.41s           2026-04-20T16:37:43
================================================================================
[2026-04-20T16:38:16.225+0000] {manager.py:738} INFO - Searching for files in /opt/airflow/dags
[2026-04-20T16:38:16.257+0000] {manager.py:741} INFO - There are 1 files in /opt/airflow/dags
[2026-04-20T16:38:29.110+0000] {manager.py:879} INFO - 
================================================================================
DAG File Processing Stats

File Path                                   PID    Runtime      # DAGs    # Errors  Last Runtime    Last Run
------------------------------------------  -----  ---------  --------  ----------  --------------  -------------------
/opt/airflow/dags/logidata_pipeline_dag.py                           1           0  0.31s           2026-04-20T16:38:15
================================================================================
[2026-04-20T16:39:02.630+0000] {manager.py:879} INFO - 
================================================================================
DAG File Processing Stats

File Path                                   PID    Runtime      # DAGs    # Errors  Last Runtime    Last Run
------------------------------------------  -----  ---------  --------  ----------  --------------  -------------------
/opt/airflow/dags/logidata_pipeline_dag.py                           1           0  0.31s           2026-04-20T16:38:47
================================================================================
[2026-04-20T16:39:05.087+0000] {manager.py:451} INFO - Exiting gracefully upon receiving signal 15
[2026-04-20T16:39:55.690+0000] {manager.py:469} INFO - Processing files using up to 1 processes at a time 
[2026-04-20T16:39:55.691+0000] {manager.py:470} INFO - Process each file at most once every 30 seconds
[2026-04-20T16:39:55.692+0000] {manager.py:471} INFO - Checking for new files in /opt/airflow/dags every 300 seconds
[2026-04-20T16:39:55.693+0000] {manager.py:738} INFO - Searching for files in /opt/airflow/dags
[2026-04-20T16:39:55.726+0000] {manager.py:741} INFO - There are 1 files in /opt/airflow/dags
[2026-04-20T16:39:57.332+0000] {manager.py:879} INFO - 
================================================================================
DAG File Processing Stats

File Path                                   PID    Runtime      # DAGs    # Errors  Last Runtime    Last Run
------------------------------------------  -----  ---------  --------  ----------  --------------  -------------------
/opt/airflow/dags/logidata_pipeline_dag.py                           1           0  1.42s           2026-04-20T16:39:57
================================================================================
[2026-04-20T16:40:28.662+0000] {manager.py:879} INFO - 
================================================================================
DAG File Processing Stats

File Path                                   PID    Runtime      # DAGs    # Errors  Last Runtime    Last Run
------------------------------------------  -----  ---------  --------  ----------  --------------  -------------------
/opt/airflow/dags/logidata_pipeline_dag.py                           1           0  0.31s           2026-04-20T16:40:28
================================================================================
[2026-04-20T16:41:00.531+0000] {manager.py:879} INFO - 
================================================================================
DAG File Processing Stats

File Path                                   PID    Runtime      # DAGs    # Errors  Last Runtime    Last Run
------------------------------------------  -----  ---------  --------  ----------  --------------  -------------------
/opt/airflow/dags/logidata_pipeline_dag.py                           1           0  0.30s           2026-04-20T16:40:59
================================================================================
[2026-04-20T16:41:32.160+0000] {manager.py:879} INFO - 
================================================================================
DAG File Processing Stats

File Path                                   PID    Runtime      # DAGs    # Errors  Last Runtime    Last Run
------------------------------------------  -----  ---------  --------  ----------  --------------  -------------------
/opt/airflow/dags/logidata_pipeline_dag.py                           1           0  0.41s           2026-04-20T16:41:30
================================================================================
[2026-04-20T16:42:05.697+0000] {manager.py:879} INFO - 
================================================================================
DAG File Processing Stats

File Path                                   PID    Runtime      # DAGs    # Errors  Last Runtime    Last Run
------------------------------------------  -----  ---------  --------  ----------  --------------  -------------------
/opt/airflow/dags/logidata_pipeline_dag.py                           1           0  0.31s           2026-04-20T16:42:01
================================================================================
[2026-04-20T16:42:39.232+0000] {manager.py:879} INFO - 
================================================================================
DAG File Processing Stats

File Path                                   PID    Runtime      # DAGs    # Errors  Last Runtime    Last Run
------------------------------------------  -----  ---------  --------  ----------  --------------  -------------------
/opt/airflow/dags/logidata_pipeline_dag.py                           1           0  0.30s           2026-04-20T16:42:31
================================================================================
[2026-04-20T16:43:12.600+0000] {manager.py:879} INFO - 
================================================================================
DAG File Processing Stats

File Path                                   PID    Runtime      # DAGs    # Errors  Last Runtime    Last Run
------------------------------------------  -----  ---------  --------  ----------  --------------  -------------------
/opt/airflow/dags/logidata_pipeline_dag.py                           1           0  0.30s           2026-04-20T16:43:03
================================================================================
[2026-04-20T16:43:46.059+0000] {manager.py:879} INFO - 
================================================================================
DAG File Processing Stats

File Path                                   PID    Runtime      # DAGs    # Errors  Last Runtime    Last Run
------------------------------------------  -----  ---------  --------  ----------  --------------  -------------------
/opt/airflow/dags/logidata_pipeline_dag.py                           1           0  0.31s           2026-04-20T16:43:36
================================================================================
[2026-04-20T16:44:18.256+0000] {manager.py:879} INFO - 
================================================================================
DAG File Processing Stats

File Path                                   PID    Runtime      # DAGs    # Errors  Last Runtime    Last Run
------------------------------------------  -----  ---------  --------  ----------  --------------  -------------------
/opt/airflow/dags/logidata_pipeline_dag.py                           1           0  0.31s           2026-04-20T16:44:06
================================================================================
[2026-04-20T16:44:50.244+0000] {manager.py:879} INFO - 
================================================================================
DAG File Processing Stats

File Path                                   PID    Runtime      # DAGs    # Errors  Last Runtime    Last Run
------------------------------------------  -----  ---------  --------  ----------  --------------  -------------------
/opt/airflow/dags/logidata_pipeline_dag.py                           1           0  0.31s           2026-04-20T16:44:38
================================================================================
[2026-04-20T16:44:55.851+0000] {manager.py:738} INFO - Searching for files in /opt/airflow/dags
[2026-04-20T16:44:55.888+0000] {manager.py:741} INFO - There are 1 files in /opt/airflow/dags
[2026-04-20T16:45:21.822+0000] {manager.py:879} INFO - 
================================================================================
DAG File Processing Stats

File Path                                   PID    Runtime      # DAGs    # Errors  Last Runtime    Last Run
------------------------------------------  -----  ---------  --------  ----------  --------------  -------------------
/opt/airflow/dags/logidata_pipeline_dag.py                           1           0  0.31s           2026-04-20T16:45:09
================================================================================
[2026-04-20T16:45:55.185+0000] {manager.py:879} INFO - 
================================================================================
DAG File Processing Stats

File Path                                   PID    Runtime      # DAGs    # Errors  Last Runtime    Last Run
------------------------------------------  -----  ---------  --------  ----------  --------------  -------------------
/opt/airflow/dags/logidata_pipeline_dag.py                           1           0  0.30s           2026-04-20T16:45:41
================================================================================
[2026-04-20T16:46:28.576+0000] {manager.py:879} INFO - 
================================================================================
DAG File Processing Stats

File Path                                   PID    Runtime      # DAGs    # Errors  Last Runtime    Last Run
------------------------------------------  -----  ---------  --------  ----------  --------------  -------------------
/opt/airflow/dags/logidata_pipeline_dag.py                           1           0  0.30s           2026-04-20T16:46:14
================================================================================
[2026-04-20T16:47:02.015+0000] {manager.py:879} INFO - 
================================================================================
DAG File Processing Stats

File Path                                   PID    Runtime      # DAGs    # Errors  Last Runtime    Last Run
------------------------------------------  -----  ---------  --------  ----------  --------------  -------------------
/opt/airflow/dags/logidata_pipeline_dag.py                           1           0  0.41s           2026-04-20T16:46:47
================================================================================
[2026-04-20T16:47:32.953+0000] {manager.py:879} INFO - 
================================================================================
DAG File Processing Stats

File Path                                   PID    Runtime      # DAGs    # Errors  Last Runtime    Last Run
------------------------------------------  -----  ---------  --------  ----------  --------------  -------------------
/opt/airflow/dags/logidata_pipeline_dag.py                           1           0  0.30s           2026-04-20T16:47:17
================================================================================
[2026-04-20T16:48:03.928+0000] {manager.py:879} INFO - 
================================================================================
DAG File Processing Stats

File Path                                   PID    Runtime      # DAGs    # Errors  Last Runtime    Last Run
------------------------------------------  -----  ---------  --------  ----------  --------------  -------------------
/opt/airflow/dags/logidata_pipeline_dag.py                           1           0  0.31s           2026-04-20T16:47:48
================================================================================
[2026-04-20T16:48:35.218+0000] {manager.py:879} INFO - 
================================================================================
DAG File Processing Stats

File Path                                   PID    Runtime      # DAGs    # Errors  Last Runtime    Last Run
------------------------------------------  -----  ---------  --------  ----------  --------------  -------------------
/opt/airflow/dags/logidata_pipeline_dag.py                           1           0  1.02s           2026-04-20T16:48:20
================================================================================
[2026-04-20T16:49:07.139+0000] {manager.py:879} INFO - 
================================================================================
DAG File Processing Stats

File Path                                   PID    Runtime      # DAGs    # Errors  Last Runtime    Last Run
------------------------------------------  -----  ---------  --------  ----------  --------------  -------------------
/opt/airflow/dags/logidata_pipeline_dag.py                           1           0  0.31s           2026-04-20T16:48:51
================================================================================
[2026-04-20T16:49:37.914+0000] {manager.py:879} INFO - 
================================================================================
DAG File Processing Stats

File Path                                   PID    Runtime      # DAGs    # Errors  Last Runtime    Last Run
------------------------------------------  -----  ---------  --------  ----------  --------------  -------------------
/opt/airflow/dags/logidata_pipeline_dag.py                           1           0  0.52s           2026-04-20T16:49:22
================================================================================
[2026-04-20T16:49:56.830+0000] {manager.py:738} INFO - Searching for files in /opt/airflow/dags
[2026-04-20T16:49:56.897+0000] {manager.py:741} INFO - There are 1 files in /opt/airflow/dags
[2026-04-20T16:50:09.304+0000] {manager.py:879} INFO - 
================================================================================
DAG File Processing Stats

File Path                                   PID    Runtime      # DAGs    # Errors  Last Runtime    Last Run
------------------------------------------  -----  ---------  --------  ----------  --------------  -------------------
/opt/airflow/dags/logidata_pipeline_dag.py                           1           0  0.42s           2026-04-20T16:49:53
================================================================================
[2026-04-20T16:50:42.947+0000] {manager.py:879} INFO - 
================================================================================
DAG File Processing Stats

File Path                                   PID    Runtime      # DAGs    # Errors  Last Runtime    Last Run
------------------------------------------  -----  ---------  --------  ----------  --------------  -------------------
/opt/airflow/dags/logidata_pipeline_dag.py                           1           0  0.41s           2026-04-20T16:50:24
================================================================================
[2026-04-20T16:51:14.950+0000] {manager.py:879} INFO - 
================================================================================
DAG File Processing Stats

File Path                                   PID    Runtime      # DAGs    # Errors  Last Runtime    Last Run
------------------------------------------  -----  ---------  --------  ----------  --------------  -------------------
/opt/airflow/dags/logidata_pipeline_dag.py                           1           0  0.41s           2026-04-20T16:50:56
================================================================================
[2026-04-20T16:51:46.119+0000] {manager.py:879} INFO - 
================================================================================
DAG File Processing Stats

File Path                                   PID    Runtime      # DAGs    # Errors  Last Runtime    Last Run
------------------------------------------  -----  ---------  --------  ----------  --------------  -------------------
/opt/airflow/dags/logidata_pipeline_dag.py                           1           0  0.41s           2026-04-20T16:51:27
================================================================================
[2026-04-20T16:52:17.615+0000] {manager.py:879} INFO - 
================================================================================
DAG File Processing Stats

File Path                                   PID    Runtime      # DAGs    # Errors  Last Runtime    Last Run
------------------------------------------  -----  ---------  --------  ----------  --------------  -------------------
/opt/airflow/dags/logidata_pipeline_dag.py                           1           0  0.30s           2026-04-20T16:51:58
================================================================================
[2026-04-20T16:52:50.939+0000] {manager.py:879} INFO - 
================================================================================
DAG File Processing Stats

File Path                                   PID    Runtime      # DAGs    # Errors  Last Runtime    Last Run
------------------------------------------  -----  ---------  --------  ----------  --------------  -------------------
/opt/airflow/dags/logidata_pipeline_dag.py                           1           0  0.31s           2026-04-20T16:52:28
================================================================================
[2026-04-20T16:53:24.362+0000] {manager.py:879} INFO - 
================================================================================
DAG File Processing Stats

File Path                                   PID    Runtime      # DAGs    # Errors  Last Runtime    Last Run
------------------------------------------  -----  ---------  --------  ----------  --------------  -------------------
/opt/airflow/dags/logidata_pipeline_dag.py                           1           0  0.30s           2026-04-20T16:53:01
================================================================================
[2026-04-20T16:53:57.404+0000] {manager.py:879} INFO - 
================================================================================
DAG File Processing Stats

File Path                                   PID    Runtime      # DAGs    # Errors  Last Runtime    Last Run
------------------------------------------  -----  ---------  --------  ----------  --------------  -------------------
/opt/airflow/dags/logidata_pipeline_dag.py                           1           0  0.41s           2026-04-20T16:53:34
================================================================================
[2026-04-20T16:54:28.742+0000] {manager.py:879} INFO - 
================================================================================
DAG File Processing Stats

File Path                                   PID    Runtime      # DAGs    # Errors  Last Runtime    Last Run
------------------------------------------  -----  ---------  --------  ----------  --------------  -------------------
/opt/airflow/dags/logidata_pipeline_dag.py                           1           0  0.31s           2026-04-20T16:54:05
================================================================================
[2026-04-20T16:54:57.827+0000] {manager.py:738} INFO - Searching for files in /opt/airflow/dags
[2026-04-20T16:54:57.845+0000] {manager.py:741} INFO - There are 1 files in /opt/airflow/dags
[2026-04-20T16:55:00.786+0000] {manager.py:879} INFO - 
================================================================================
DAG File Processing Stats

File Path                                   PID    Runtime      # DAGs    # Errors  Last Runtime    Last Run
------------------------------------------  -----  ---------  --------  ----------  --------------  -------------------
/opt/airflow/dags/logidata_pipeline_dag.py                           1           0  0.41s           2026-04-20T16:54:36
================================================================================
[2026-04-20T16:55:23.324+0000] {manager.py:451} INFO - Exiting gracefully upon receiving signal 15
[2026-04-20T16:57:16.780+0000] {manager.py:469} INFO - Processing files using up to 1 processes at a time 
[2026-04-20T16:57:16.781+0000] {manager.py:470} INFO - Process each file at most once every 30 seconds
[2026-04-20T16:57:16.782+0000] {manager.py:471} INFO - Checking for new files in /opt/airflow/dags every 300 seconds
[2026-04-20T16:57:16.782+0000] {manager.py:738} INFO - Searching for files in /opt/airflow/dags
[2026-04-20T16:57:16.819+0000] {manager.py:741} INFO - There are 1 files in /opt/airflow/dags
[2026-04-20T16:57:17.695+0000] {manager.py:879} INFO - 
================================================================================
DAG File Processing Stats

File Path                                   PID    Runtime      # DAGs    # Errors  Last Runtime    Last Run
------------------------------------------  -----  ---------  --------  ----------  --------------  -------------------
/opt/airflow/dags/logidata_pipeline_dag.py                           1           0  0.71s           2026-04-20T16:57:17
================================================================================
[2026-04-20T16:57:49.164+0000] {manager.py:879} INFO - 
================================================================================
DAG File Processing Stats

File Path                                   PID    Runtime      # DAGs    # Errors  Last Runtime    Last Run
------------------------------------------  -----  ---------  --------  ----------  --------------  -------------------
/opt/airflow/dags/logidata_pipeline_dag.py                           1           0  0.31s           2026-04-20T16:57:48
================================================================================
[2026-04-20T16:58:20.865+0000] {manager.py:879} INFO - 
================================================================================
DAG File Processing Stats

File Path                                   PID    Runtime      # DAGs    # Errors  Last Runtime    Last Run
------------------------------------------  -----  ---------  --------  ----------  --------------  -------------------
/opt/airflow/dags/logidata_pipeline_dag.py                           1           0  0.31s           2026-04-20T16:58:19
================================================================================
[2026-04-20T16:58:54.625+0000] {manager.py:879} INFO - 
================================================================================
DAG File Processing Stats

File Path                                   PID    Runtime      # DAGs    # Errors  Last Runtime    Last Run
------------------------------------------  -----  ---------  --------  ----------  --------------  -------------------
/opt/airflow/dags/logidata_pipeline_dag.py                           1           0  0.41s           2026-04-20T16:58:49
================================================================================
[2026-04-20T16:59:28.122+0000] {manager.py:879} INFO - 
================================================================================
DAG File Processing Stats

File Path                                   PID    Runtime      # DAGs    # Errors  Last Runtime    Last Run
------------------------------------------  -----  ---------  --------  ----------  --------------  -------------------
/opt/airflow/dags/logidata_pipeline_dag.py                           1           0  0.41s           2026-04-20T16:59:21
================================================================================
[2026-04-20T16:59:58.800+0000] {manager.py:879} INFO - 
================================================================================
DAG File Processing Stats

File Path                                   PID    Runtime      # DAGs    # Errors  Last Runtime    Last Run
------------------------------------------  -----  ---------  --------  ----------  --------------  -------------------
/opt/airflow/dags/logidata_pipeline_dag.py                           1           0  0.31s           2026-04-20T16:59:52
================================================================================
[2026-04-20T17:00:30.438+0000] {manager.py:879} INFO - 
================================================================================
DAG File Processing Stats

File Path                                   PID    Runtime      # DAGs    # Errors  Last Runtime    Last Run
------------------------------------------  -----  ---------  --------  ----------  --------------  -------------------
/opt/airflow/dags/logidata_pipeline_dag.py                           1           0  0.41s           2026-04-20T17:00:23
================================================================================
[2026-04-20T17:01:01.704+0000] {manager.py:879} INFO - 
================================================================================
DAG File Processing Stats

File Path                                   PID    Runtime      # DAGs    # Errors  Last Runtime    Last Run
------------------------------------------  -----  ---------  --------  ----------  --------------  -------------------
/opt/airflow/dags/logidata_pipeline_dag.py                           1           0  0.41s           2026-04-20T17:00:54
================================================================================
[2026-04-20T17:01:34.770+0000] {manager.py:879} INFO - 
================================================================================
DAG File Processing Stats

File Path                                   PID    Runtime      # DAGs    # Errors  Last Runtime    Last Run
------------------------------------------  -----  ---------  --------  ----------  --------------  -------------------
/opt/airflow/dags/logidata_pipeline_dag.py                           1           0  0.30s           2026-04-20T17:01:26
================================================================================
[2026-04-20T17:02:08.119+0000] {manager.py:879} INFO - 
================================================================================
DAG File Processing Stats

File Path                                   PID    Runtime      # DAGs    # Errors  Last Runtime    Last Run
------------------------------------------  -----  ---------  --------  ----------  --------------  -------------------
/opt/airflow/dags/logidata_pipeline_dag.py                           1           0  0.30s           2026-04-20T17:01:59
================================================================================
[2026-04-20T17:02:17.053+0000] {manager.py:738} INFO - Searching for files in /opt/airflow/dags
[2026-04-20T17:02:17.107+0000] {manager.py:741} INFO - There are 1 files in /opt/airflow/dags
[2026-04-20T17:02:41.018+0000] {manager.py:879} INFO - 
================================================================================
DAG File Processing Stats

File Path                                   PID    Runtime      # DAGs    # Errors  Last Runtime    Last Run
------------------------------------------  -----  ---------  --------  ----------  --------------  -------------------
/opt/airflow/dags/logidata_pipeline_dag.py                           1           0  0.30s           2026-04-20T17:02:32
================================================================================
[2026-04-20T17:03:14.380+0000] {manager.py:879} INFO - 
================================================================================
DAG File Processing Stats

File Path                                   PID    Runtime      # DAGs    # Errors  Last Runtime    Last Run
------------------------------------------  -----  ---------  --------  ----------  --------------  -------------------
/opt/airflow/dags/logidata_pipeline_dag.py                           1           0  0.31s           2026-04-20T17:03:05
================================================================================
[2026-04-20T17:03:46.278+0000] {manager.py:879} INFO - 
================================================================================
DAG File Processing Stats

File Path                                   PID    Runtime      # DAGs    # Errors  Last Runtime    Last Run
------------------------------------------  -----  ---------  --------  ----------  --------------  -------------------
/opt/airflow/dags/logidata_pipeline_dag.py                           1           0  0.41s           2026-04-20T17:03:36
================================================================================
[2026-04-20T17:04:16.936+0000] {manager.py:879} INFO - 
================================================================================
DAG File Processing Stats

File Path                                   PID    Runtime      # DAGs    # Errors  Last Runtime    Last Run
------------------------------------------  -----  ---------  --------  ----------  --------------  -------------------
/opt/airflow/dags/logidata_pipeline_dag.py                           1           0  0.31s           2026-04-20T17:04:06
================================================================================
[2026-04-20T17:04:48.159+0000] {manager.py:879} INFO - 
================================================================================
DAG File Processing Stats

File Path                                   PID    Runtime      # DAGs    # Errors  Last Runtime    Last Run
------------------------------------------  -----  ---------  --------  ----------  --------------  -------------------
/opt/airflow/dags/logidata_pipeline_dag.py                           1           0  0.30s           2026-04-20T17:04:37
================================================================================
[2026-04-20T17:05:21.397+0000] {manager.py:879} INFO - 
================================================================================
DAG File Processing Stats

File Path                                   PID    Runtime      # DAGs    # Errors  Last Runtime    Last Run
------------------------------------------  -----  ---------  --------  ----------  --------------  -------------------
/opt/airflow/dags/logidata_pipeline_dag.py                           1           0  0.31s           2026-04-20T17:05:10
================================================================================
[2026-04-20T17:05:54.899+0000] {manager.py:879} INFO - 
================================================================================
DAG File Processing Stats

File Path                                   PID    Runtime      # DAGs    # Errors  Last Runtime    Last Run
------------------------------------------  -----  ---------  --------  ----------  --------------  -------------------
/opt/airflow/dags/logidata_pipeline_dag.py                           1           0  0.41s           2026-04-20T17:05:43
================================================================================
[2026-04-20T17:06:28.741+0000] {manager.py:879} INFO - 
================================================================================
DAG File Processing Stats

File Path                                   PID    Runtime      # DAGs    # Errors  Last Runtime    Last Run
------------------------------------------  -----  ---------  --------  ----------  --------------  -------------------
/opt/airflow/dags/logidata_pipeline_dag.py                           1           0  0.41s           2026-04-20T17:06:16
================================================================================
[2026-04-20T17:07:00.053+0000] {manager.py:879} INFO - 
================================================================================
DAG File Processing Stats

File Path                                   PID    Runtime      # DAGs    # Errors  Last Runtime    Last Run
------------------------------------------  -----  ---------  --------  ----------  --------------  -------------------
/opt/airflow/dags/logidata_pipeline_dag.py                           1           0  0.31s           2026-04-20T17:06:47
================================================================================
[2026-04-20T17:07:17.054+0000] {manager.py:738} INFO - Searching for files in /opt/airflow/dags
[2026-04-20T17:07:17.073+0000] {manager.py:741} INFO - There are 1 files in /opt/airflow/dags
[2026-04-20T17:07:31.369+0000] {manager.py:879} INFO - 
================================================================================
DAG File Processing Stats

File Path                                   PID    Runtime      # DAGs    # Errors  Last Runtime    Last Run
------------------------------------------  -----  ---------  --------  ----------  --------------  -------------------
/opt/airflow/dags/logidata_pipeline_dag.py                           1           0  0.30s           2026-04-20T17:07:18
================================================================================
[2026-04-20T17:08:05.160+0000] {manager.py:879} INFO - 
================================================================================
DAG File Processing Stats

File Path                                   PID    Runtime      # DAGs    # Errors  Last Runtime    Last Run
------------------------------------------  -----  ---------  --------  ----------  --------------  -------------------
/opt/airflow/dags/logidata_pipeline_dag.py                           1           0  0.50s           2026-04-20T17:07:48
================================================================================
[2026-04-20T17:11:49.845+0000] {manager.py:451} INFO - Exiting gracefully upon receiving signal 15
[2026-04-20T17:11:50.276+0000] {manager.py:469} INFO - Processing files using up to 1 processes at a time 
[2026-04-20T17:11:50.277+0000] {manager.py:470} INFO - Process each file at most once every 30 seconds
[2026-04-20T17:11:50.278+0000] {manager.py:471} INFO - Checking for new files in /opt/airflow/dags every 300 seconds
[2026-04-20T17:11:50.278+0000] {manager.py:738} INFO - Searching for files in /opt/airflow/dags
[2026-04-20T17:11:50.301+0000] {manager.py:741} INFO - There are 1 files in /opt/airflow/dags
[2026-04-20T17:11:50.723+0000] {manager.py:879} INFO - 
================================================================================
DAG File Processing Stats

File Path                                   PID    Runtime      # DAGs    # Errors  Last Runtime    Last Run
------------------------------------------  -----  ---------  --------  ----------  --------------  -------------------
/opt/airflow/dags/logidata_pipeline_dag.py                           1           0  0.31s           2026-04-20T17:11:50
================================================================================
[2026-04-20T17:13:20.303+0000] {manager.py:451} INFO - Exiting gracefully upon receiving signal 15
[2026-04-20T17:13:20.578+0000] {manager.py:469} INFO - Processing files using up to 1 processes at a time 
[2026-04-20T17:13:20.579+0000] {manager.py:470} INFO - Process each file at most once every 30 seconds
[2026-04-20T17:13:20.580+0000] {manager.py:471} INFO - Checking for new files in /opt/airflow/dags every 300 seconds
[2026-04-20T17:13:20.580+0000] {manager.py:738} INFO - Searching for files in /opt/airflow/dags
[2026-04-20T17:13:20.600+0000] {manager.py:741} INFO - There are 1 files in /opt/airflow/dags
[2026-04-20T17:13:21.006+0000] {manager.py:879} INFO - 
================================================================================
DAG File Processing Stats

File Path                                   PID    Runtime      # DAGs    # Errors  Last Runtime    Last Run
------------------------------------------  -----  ---------  --------  ----------  --------------  -------------------
/opt/airflow/dags/logidata_pipeline_dag.py                           1           0  0.31s           2026-04-20T17:13:21
================================================================================
[2026-04-20T17:14:14.831+0000] {manager.py:879} INFO - 
================================================================================
DAG File Processing Stats

File Path                                   PID    Runtime      # DAGs    # Errors  Last Runtime    Last Run
------------------------------------------  -----  ---------  --------  ----------  --------------  -------------------
/opt/airflow/dags/logidata_pipeline_dag.py                           1           0  0.30s           2026-04-20T17:14:14
================================================================================
[2026-04-20T17:14:57.200+0000] {manager.py:879} INFO - 
================================================================================
DAG File Processing Stats

File Path                                   PID    Runtime      # DAGs    # Errors  Last Runtime    Last Run
------------------------------------------  -----  ---------  --------  ----------  --------------  -------------------
/opt/airflow/dags/logidata_pipeline_dag.py                           1           0  0.30s           2026-04-20T17:14:57
================================================================================
[2026-04-20T17:15:30.425+0000] {manager.py:879} INFO - 
================================================================================
DAG File Processing Stats

File Path                                   PID    Runtime      # DAGs    # Errors  Last Runtime    Last Run
------------------------------------------  -----  ---------  --------  ----------  --------------  -------------------
/opt/airflow/dags/logidata_pipeline_dag.py                           1           0  0.31s           2026-04-20T17:15:27
================================================================================
[2026-04-20T17:16:01.340+0000] {manager.py:879} INFO - 
================================================================================
DAG File Processing Stats

File Path                                   PID    Runtime      # DAGs    # Errors  Last Runtime    Last Run
------------------------------------------  -----  ---------  --------  ----------  --------------  -------------------
/opt/airflow/dags/logidata_pipeline_dag.py                           1           0  0.31s           2026-04-20T17:15:58
================================================================================
[2026-04-20T17:16:32.425+0000] {manager.py:879} INFO - 
================================================================================
DAG File Processing Stats

File Path                                   PID    Runtime      # DAGs    # Errors  Last Runtime    Last Run
------------------------------------------  -----  ---------  --------  ----------  --------------  -------------------
/opt/airflow/dags/logidata_pipeline_dag.py                           1           0  0.41s           2026-04-20T17:16:29
================================================================================
[2026-04-20T17:17:02.973+0000] {manager.py:879} INFO - 
================================================================================
DAG File Processing Stats

File Path                                   PID    Runtime      # DAGs    # Errors  Last Runtime    Last Run
------------------------------------------  -----  ---------  --------  ----------  --------------  -------------------
/opt/airflow/dags/logidata_pipeline_dag.py                           1           0  0.32s           2026-04-20T17:17:00
================================================================================
[2026-04-20T17:17:36.363+0000] {manager.py:879} INFO - 
================================================================================
DAG File Processing Stats

File Path                                   PID    Runtime      # DAGs    # Errors  Last Runtime    Last Run
------------------------------------------  -----  ---------  --------  ----------  --------------  -------------------
/opt/airflow/dags/logidata_pipeline_dag.py                           1           0  0.51s           2026-04-20T17:17:30
================================================================================
[2026-04-20T17:18:09.448+0000] {manager.py:879} INFO - 
================================================================================
DAG File Processing Stats

File Path                                   PID    Runtime      # DAGs    # Errors  Last Runtime    Last Run
------------------------------------------  -----  ---------  --------  ----------  --------------  -------------------
/opt/airflow/dags/logidata_pipeline_dag.py                           1           0  0.31s           2026-04-20T17:18:01
================================================================================
[2026-04-20T17:18:20.675+0000] {manager.py:738} INFO - Searching for files in /opt/airflow/dags
[2026-04-20T17:18:20.701+0000] {manager.py:741} INFO - There are 1 files in /opt/airflow/dags
[2026-04-20T17:18:42.397+0000] {manager.py:879} INFO - 
================================================================================
DAG File Processing Stats

File Path                                   PID    Runtime      # DAGs    # Errors  Last Runtime    Last Run
------------------------------------------  -----  ---------  --------  ----------  --------------  -------------------
/opt/airflow/dags/logidata_pipeline_dag.py                           1           0  0.32s           2026-04-20T17:18:32
================================================================================
[2026-04-20T17:19:13.086+0000] {manager.py:879} INFO - 
================================================================================
DAG File Processing Stats

File Path                                   PID    Runtime      # DAGs    # Errors  Last Runtime    Last Run
------------------------------------------  -----  ---------  --------  ----------  --------------  -------------------
/opt/airflow/dags/logidata_pipeline_dag.py                           1           0  0.31s           2026-04-20T17:19:03
================================================================================
[2026-04-20T17:19:45.099+0000] {manager.py:879} INFO - 
================================================================================
DAG File Processing Stats

File Path                                   PID    Runtime      # DAGs    # Errors  Last Runtime    Last Run
------------------------------------------  -----  ---------  --------  ----------  --------------  -------------------
/opt/airflow/dags/logidata_pipeline_dag.py                           1           0  0.62s           2026-04-20T17:19:34
================================================================================
[2026-04-20T17:20:16.535+0000] {manager.py:879} INFO - 
================================================================================
DAG File Processing Stats

File Path                                   PID    Runtime      # DAGs    # Errors  Last Runtime    Last Run
------------------------------------------  -----  ---------  --------  ----------  --------------  -------------------
/opt/airflow/dags/logidata_pipeline_dag.py                           1           0  0.42s           2026-04-20T17:20:05
================================================================================
[2026-04-20T17:20:47.437+0000] {manager.py:879} INFO - 
================================================================================
DAG File Processing Stats

File Path                                   PID    Runtime      # DAGs    # Errors  Last Runtime    Last Run
------------------------------------------  -----  ---------  --------  ----------  --------------  -------------------
/opt/airflow/dags/logidata_pipeline_dag.py                           1           0  0.31s           2026-04-20T17:20:36
================================================================================
[2026-04-20T17:21:18.550+0000] {manager.py:879} INFO - 
================================================================================
DAG File Processing Stats

File Path                                   PID    Runtime      # DAGs    # Errors  Last Runtime    Last Run
------------------------------------------  -----  ---------  --------  ----------  --------------  -------------------
/opt/airflow/dags/logidata_pipeline_dag.py                           1           0  0.31s           2026-04-20T17:21:06
================================================================================
[2026-04-20T17:21:50.496+0000] {manager.py:879} INFO - 
================================================================================
DAG File Processing Stats

File Path                                   PID    Runtime      # DAGs    # Errors  Last Runtime    Last Run
------------------------------------------  -----  ---------  --------  ----------  --------------  -------------------
/opt/airflow/dags/logidata_pipeline_dag.py                           1           0  0.31s           2026-04-20T17:21:38
================================================================================
[2026-04-20T17:22:23.996+0000] {manager.py:879} INFO - 
================================================================================
DAG File Processing Stats

File Path                                   PID    Runtime      # DAGs    # Errors  Last Runtime    Last Run
------------------------------------------  -----  ---------  --------  ----------  --------------  -------------------
/opt/airflow/dags/logidata_pipeline_dag.py                           1           0  0.41s           2026-04-20T17:22:09
================================================================================
[2026-04-20T17:22:57.487+0000] {manager.py:879} INFO - 
================================================================================
DAG File Processing Stats

File Path                                   PID    Runtime      # DAGs    # Errors  Last Runtime    Last Run
------------------------------------------  -----  ---------  --------  ----------  --------------  -------------------
/opt/airflow/dags/logidata_pipeline_dag.py                           1           0  0.31s           2026-04-20T17:22:39
================================================================================
[2026-04-20T17:23:21.177+0000] {manager.py:738} INFO - Searching for files in /opt/airflow/dags
[2026-04-20T17:23:21.197+0000] {manager.py:741} INFO - There are 1 files in /opt/airflow/dags
[2026-04-20T17:23:28.742+0000] {manager.py:879} INFO - 
================================================================================
DAG File Processing Stats

File Path                                   PID    Runtime      # DAGs    # Errors  Last Runtime    Last Run
------------------------------------------  -----  ---------  --------  ----------  --------------  -------------------
/opt/airflow/dags/logidata_pipeline_dag.py                           1           0  0.32s           2026-04-20T17:23:10
================================================================================
[2026-04-20T17:24:00.037+0000] {manager.py:879} INFO - 
================================================================================
DAG File Processing Stats

File Path                                   PID    Runtime      # DAGs    # Errors  Last Runtime    Last Run
------------------------------------------  -----  ---------  --------  ----------  --------------  -------------------
/opt/airflow/dags/logidata_pipeline_dag.py                           1           0  0.41s           2026-04-20T17:23:41
================================================================================
[2026-04-20T17:24:30.956+0000] {manager.py:879} INFO - 
================================================================================
DAG File Processing Stats

File Path                                   PID    Runtime      # DAGs    # Errors  Last Runtime    Last Run
------------------------------------------  -----  ---------  --------  ----------  --------------  -------------------
/opt/airflow/dags/logidata_pipeline_dag.py                           1           0  0.32s           2026-04-20T17:24:12
================================================================================
[2026-04-20T17:25:04.437+0000] {manager.py:879} INFO - 
================================================================================
DAG File Processing Stats

File Path                                   PID    Runtime      # DAGs    # Errors  Last Runtime    Last Run
------------------------------------------  -----  ---------  --------  ----------  --------------  -------------------
/opt/airflow/dags/logidata_pipeline_dag.py                           1           0  0.41s           2026-04-20T17:24:43
================================================================================
[2026-04-20T17:25:37.391+0000] {manager.py:879} INFO - 
================================================================================
DAG File Processing Stats

File Path                                   PID    Runtime      # DAGs    # Errors  Last Runtime    Last Run
------------------------------------------  -----  ---------  --------  ----------  --------------  -------------------
/opt/airflow/dags/logidata_pipeline_dag.py                           1           0  0.31s           2026-04-20T17:25:15
================================================================================
[2026-04-20T17:26:10.277+0000] {manager.py:879} INFO - 
================================================================================
DAG File Processing Stats

File Path                                   PID    Runtime      # DAGs    # Errors  Last Runtime    Last Run
------------------------------------------  -----  ---------  --------  ----------  --------------  -------------------
/opt/airflow/dags/logidata_pipeline_dag.py                           1           0  0.42s           2026-04-20T17:25:49
================================================================================
[2026-04-20T17:26:41.088+0000] {manager.py:879} INFO - 
================================================================================
DAG File Processing Stats

File Path                                   PID    Runtime      # DAGs    # Errors  Last Runtime    Last Run
------------------------------------------  -----  ---------  --------  ----------  --------------  -------------------
/opt/airflow/dags/logidata_pipeline_dag.py                           1           0  0.31s           2026-04-20T17:26:19
================================================================================
[2026-04-20T17:27:12.419+0000] {manager.py:879} INFO - 
================================================================================
DAG File Processing Stats

File Path                                   PID    Runtime      # DAGs    # Errors  Last Runtime    Last Run
------------------------------------------  -----  ---------  --------  ----------  --------------  -------------------
/opt/airflow/dags/logidata_pipeline_dag.py                           1           0  0.31s           2026-04-20T17:26:50
================================================================================
[2026-04-20T17:27:44.352+0000] {manager.py:879} INFO - 
================================================================================
DAG File Processing Stats

File Path                                   PID    Runtime      # DAGs    # Errors  Last Runtime    Last Run
------------------------------------------  -----  ---------  --------  ----------  --------------  -------------------
/opt/airflow/dags/logidata_pipeline_dag.py                           1           0  0.32s           2026-04-20T17:27:21
================================================================================
[2026-04-20T17:28:17.316+0000] {manager.py:879} INFO - 
================================================================================
DAG File Processing Stats

File Path                                   PID    Runtime      # DAGs    # Errors  Last Runtime    Last Run
------------------------------------------  -----  ---------  --------  ----------  --------------  -------------------
/opt/airflow/dags/logidata_pipeline_dag.py                           1           0  0.31s           2026-04-20T17:27:53
================================================================================
[2026-04-20T17:28:21.922+0000] {manager.py:738} INFO - Searching for files in /opt/airflow/dags
[2026-04-20T17:28:21.938+0000] {manager.py:741} INFO - There are 1 files in /opt/airflow/dags
[2026-04-20T17:28:50.337+0000] {manager.py:879} INFO - 
================================================================================
DAG File Processing Stats

File Path                                   PID    Runtime      # DAGs    # Errors  Last Runtime    Last Run
------------------------------------------  -----  ---------  --------  ----------  --------------  -------------------
/opt/airflow/dags/logidata_pipeline_dag.py                           1           0  0.31s           2026-04-20T17:28:26
================================================================================
[2026-04-20T17:29:23.155+0000] {manager.py:879} INFO - 
================================================================================
DAG File Processing Stats

File Path                                   PID    Runtime      # DAGs    # Errors  Last Runtime    Last Run
------------------------------------------  -----  ---------  --------  ----------  --------------  -------------------
/opt/airflow/dags/logidata_pipeline_dag.py                           1           0  0.31s           2026-04-20T17:28:59
================================================================================
[2026-04-20T17:29:54.362+0000] {manager.py:879} INFO - 
================================================================================
DAG File Processing Stats

File Path                                   PID    Runtime      # DAGs    # Errors  Last Runtime    Last Run
------------------------------------------  -----  ---------  --------  ----------  --------------  -------------------
/opt/airflow/dags/logidata_pipeline_dag.py                           1           0  0.31s           2026-04-20T17:29:30
================================================================================
[2026-04-20T17:30:25.447+0000] {manager.py:879} INFO - 
================================================================================
DAG File Processing Stats

File Path                                   PID    Runtime      # DAGs    # Errors  Last Runtime    Last Run
------------------------------------------  -----  ---------  --------  ----------  --------------  -------------------
/opt/airflow/dags/logidata_pipeline_dag.py                           1           0  0.41s           2026-04-20T17:30:01
================================================================================
[2026-04-20T17:30:56.887+0000] {manager.py:879} INFO - 
================================================================================
DAG File Processing Stats

File Path                                   PID    Runtime      # DAGs    # Errors  Last Runtime    Last Run
------------------------------------------  -----  ---------  --------  ----------  --------------  -------------------
/opt/airflow/dags/logidata_pipeline_dag.py                           1           0  0.31s           2026-04-20T17:30:31
================================================================================
[2026-04-20T17:31:29.732+0000] {manager.py:879} INFO - 
================================================================================
DAG File Processing Stats

File Path                                   PID    Runtime      # DAGs    # Errors  Last Runtime    Last Run
------------------------------------------  -----  ---------  --------  ----------  --------------  -------------------
/opt/airflow/dags/logidata_pipeline_dag.py                           1           0  0.93s           2026-04-20T17:31:05
================================================================================
[2026-04-20T17:32:03.448+0000] {manager.py:879} INFO - 
================================================================================
DAG File Processing Stats

File Path                                   PID    Runtime      # DAGs    # Errors  Last Runtime    Last Run
------------------------------------------  -----  ---------  --------  ----------  --------------  -------------------
/opt/airflow/dags/logidata_pipeline_dag.py                           1           0  0.32s           2026-04-20T17:31:37
================================================================================
[2026-04-20T17:32:36.571+0000] {manager.py:879} INFO - 
================================================================================
DAG File Processing Stats

File Path                                   PID    Runtime      # DAGs    # Errors  Last Runtime    Last Run
------------------------------------------  -----  ---------  --------  ----------  --------------  -------------------
/opt/airflow/dags/logidata_pipeline_dag.py                           1           0  0.51s           2026-04-20T17:32:10
================================================================================
[2026-04-20T17:33:07.451+0000] {manager.py:879} INFO - 
================================================================================
DAG File Processing Stats

File Path                                   PID    Runtime      # DAGs    # Errors  Last Runtime    Last Run
------------------------------------------  -----  ---------  --------  ----------  --------------  -------------------
/opt/airflow/dags/logidata_pipeline_dag.py                           1           0  0.31s           2026-04-20T17:32:41
================================================================================
[2026-04-20T17:33:22.168+0000] {manager.py:738} INFO - Searching for files in /opt/airflow/dags
[2026-04-20T17:33:22.220+0000] {manager.py:741} INFO - There are 1 files in /opt/airflow/dags
[2026-04-20T17:33:38.522+0000] {manager.py:879} INFO - 
================================================================================
DAG File Processing Stats

File Path                                   PID    Runtime      # DAGs    # Errors  Last Runtime    Last Run
------------------------------------------  -----  ---------  --------  ----------  --------------  -------------------
/opt/airflow/dags/logidata_pipeline_dag.py                           1           0  0.31s           2026-04-20T17:33:12
================================================================================
[2026-04-20T17:34:10.173+0000] {manager.py:879} INFO - 
================================================================================
DAG File Processing Stats

File Path                                   PID    Runtime      # DAGs    # Errors  Last Runtime    Last Run
------------------------------------------  -----  ---------  --------  ----------  --------------  -------------------
/opt/airflow/dags/logidata_pipeline_dag.py                           1           0  0.41s           2026-04-20T17:33:43
================================================================================
[2026-04-20T17:34:43.120+0000] {manager.py:879} INFO - 
================================================================================
DAG File Processing Stats

File Path                                   PID    Runtime      # DAGs    # Errors  Last Runtime    Last Run
------------------------------------------  -----  ---------  --------  ----------  --------------  -------------------
/opt/airflow/dags/logidata_pipeline_dag.py                           1           0  0.53s           2026-04-20T17:34:16
================================================================================
[2026-04-20T17:35:15.994+0000] {manager.py:879} INFO - 
================================================================================
DAG File Processing Stats

File Path                                   PID    Runtime      # DAGs    # Errors  Last Runtime    Last Run
------------------------------------------  -----  ---------  --------  ----------  --------------  -------------------
/opt/airflow/dags/logidata_pipeline_dag.py                           1           0  0.31s           2026-04-20T17:34:48
================================================================================
[2026-04-20T17:35:49.109+0000] {manager.py:879} INFO - 
================================================================================
DAG File Processing Stats

File Path                                   PID    Runtime      # DAGs    # Errors  Last Runtime    Last Run
------------------------------------------  -----  ---------  --------  ----------  --------------  -------------------
/opt/airflow/dags/logidata_pipeline_dag.py                           1           0  0.43s           2026-04-20T17:35:20
================================================================================
[2026-04-20T17:36:20.939+0000] {manager.py:879} INFO - 
================================================================================
DAG File Processing Stats

File Path                                   PID    Runtime      # DAGs    # Errors  Last Runtime    Last Run
------------------------------------------  -----  ---------  --------  ----------  --------------  -------------------
/opt/airflow/dags/logidata_pipeline_dag.py                           1           0  0.41s           2026-04-20T17:35:52
================================================================================
[2026-04-20T17:36:52.948+0000] {manager.py:879} INFO - 
================================================================================
DAG File Processing Stats

File Path                                   PID    Runtime      # DAGs    # Errors  Last Runtime    Last Run
------------------------------------------  -----  ---------  --------  ----------  --------------  -------------------
/opt/airflow/dags/logidata_pipeline_dag.py                           1           0  0.31s           2026-04-20T17:36:23
================================================================================
[2026-04-20T17:37:26.443+0000] {manager.py:879} INFO - 
================================================================================
DAG File Processing Stats

File Path                                   PID    Runtime      # DAGs    # Errors  Last Runtime    Last Run
------------------------------------------  -----  ---------  --------  ----------  --------------  -------------------
/opt/airflow/dags/logidata_pipeline_dag.py                           1           0  0.41s           2026-04-20T17:37:26
================================================================================
[2026-04-20T17:37:59.603+0000] {manager.py:879} INFO - 
================================================================================
DAG File Processing Stats

File Path                                   PID    Runtime      # DAGs    # Errors  Last Runtime    Last Run
------------------------------------------  -----  ---------  --------  ----------  --------------  -------------------
/opt/airflow/dags/logidata_pipeline_dag.py                           1           0  0.31s           2026-04-20T17:37:58
================================================================================
[2026-04-20T17:38:22.330+0000] {manager.py:738} INFO - Searching for files in /opt/airflow/dags
[2026-04-20T17:38:22.349+0000] {manager.py:741} INFO - There are 1 files in /opt/airflow/dags
[2026-04-20T17:38:32.589+0000] {manager.py:879} INFO - 
================================================================================
DAG File Processing Stats

File Path                                   PID    Runtime      # DAGs    # Errors  Last Runtime    Last Run
------------------------------------------  -----  ---------  --------  ----------  --------------  -------------------
/opt/airflow/dags/logidata_pipeline_dag.py                           1           0  0.32s           2026-04-20T17:38:32
================================================================================
[2026-04-20T17:39:04.667+0000] {manager.py:879} INFO - 
================================================================================
DAG File Processing Stats

File Path                                   PID    Runtime      # DAGs    # Errors  Last Runtime    Last Run
------------------------------------------  -----  ---------  --------  ----------  --------------  -------------------
/opt/airflow/dags/logidata_pipeline_dag.py                           1           0  0.31s           2026-04-20T17:39:04
================================================================================
[2026-04-20T17:39:35.451+0000] {manager.py:879} INFO - 
================================================================================
DAG File Processing Stats

File Path                                   PID    Runtime      # DAGs    # Errors  Last Runtime    Last Run
------------------------------------------  -----  ---------  --------  ----------  --------------  -------------------
/opt/airflow/dags/logidata_pipeline_dag.py                           1           0  0.41s           2026-04-20T17:39:35
================================================================================
[2026-04-20T17:40:07.382+0000] {manager.py:879} INFO - 
================================================================================
DAG File Processing Stats

File Path                                   PID    Runtime      # DAGs    # Errors  Last Runtime    Last Run
------------------------------------------  -----  ---------  --------  ----------  --------------  -------------------
/opt/airflow/dags/logidata_pipeline_dag.py                           1           0  0.31s           2026-04-20T17:40:05
================================================================================
[2026-04-20T17:40:40.500+0000] {manager.py:879} INFO - 
================================================================================
DAG File Processing Stats

File Path                                   PID    Runtime      # DAGs    # Errors  Last Runtime    Last Run
------------------------------------------  -----  ---------  --------  ----------  --------------  -------------------
/opt/airflow/dags/logidata_pipeline_dag.py                           1           0  0.31s           2026-04-20T17:40:37
================================================================================
[2026-04-20T17:41:13.532+0000] {manager.py:879} INFO - 
================================================================================
DAG File Processing Stats

File Path                                   PID    Runtime      # DAGs    # Errors  Last Runtime    Last Run
------------------------------------------  -----  ---------  --------  ----------  --------------  -------------------
/opt/airflow/dags/logidata_pipeline_dag.py                           1           0  0.51s           2026-04-20T17:41:09
================================================================================
[2026-04-20T17:41:46.704+0000] {manager.py:879} INFO - 
================================================================================
DAG File Processing Stats

File Path                                   PID    Runtime      # DAGs    # Errors  Last Runtime    Last Run
------------------------------------------  -----  ---------  --------  ----------  --------------  -------------------
/opt/airflow/dags/logidata_pipeline_dag.py                           1           0  0.31s           2026-04-20T17:41:42
================================================================================
[2026-04-20T17:42:18.031+0000] {manager.py:879} INFO - 
================================================================================
DAG File Processing Stats

File Path                                   PID    Runtime      # DAGs    # Errors  Last Runtime    Last Run
------------------------------------------  -----  ---------  --------  ----------  --------------  -------------------
/opt/airflow/dags/logidata_pipeline_dag.py                           1           0  0.31s           2026-04-20T17:42:13
================================================================================
[2026-04-20T17:42:49.046+0000] {manager.py:879} INFO - 
================================================================================
DAG File Processing Stats

File Path                                   PID    Runtime      # DAGs    # Errors  Last Runtime    Last Run
------------------------------------------  -----  ---------  --------  ----------  --------------  -------------------
/opt/airflow/dags/logidata_pipeline_dag.py                           1           0  0.31s           2026-04-20T17:42:44
================================================================================
[2026-04-20T17:43:21.947+0000] {manager.py:879} INFO - 
================================================================================
DAG File Processing Stats

File Path                                   PID    Runtime      # DAGs    # Errors  Last Runtime    Last Run
------------------------------------------  -----  ---------  --------  ----------  --------------  -------------------
/opt/airflow/dags/logidata_pipeline_dag.py                           1           0  0.31s           2026-04-20T17:43:17
================================================================================
[2026-04-20T17:43:23.034+0000] {manager.py:738} INFO - Searching for files in /opt/airflow/dags
[2026-04-20T17:43:23.085+0000] {manager.py:741} INFO - There are 1 files in /opt/airflow/dags
[2026-04-20T17:43:55.658+0000] {manager.py:879} INFO - 
================================================================================
DAG File Processing Stats

File Path                                   PID    Runtime      # DAGs    # Errors  Last Runtime    Last Run
------------------------------------------  -----  ---------  --------  ----------  --------------  -------------------
/opt/airflow/dags/logidata_pipeline_dag.py                           1           0  0.31s           2026-04-20T17:43:49
================================================================================
[2026-04-20T17:44:29.035+0000] {manager.py:879} INFO - 
================================================================================
DAG File Processing Stats

File Path                                   PID    Runtime      # DAGs    # Errors  Last Runtime    Last Run
------------------------------------------  -----  ---------  --------  ----------  --------------  -------------------
/opt/airflow/dags/logidata_pipeline_dag.py                           1           0  0.31s           2026-04-20T17:44:22
================================================================================
[2026-04-20T17:45:02.870+0000] {manager.py:879} INFO - 
================================================================================
DAG File Processing Stats

File Path                                   PID    Runtime      # DAGs    # Errors  Last Runtime    Last Run
------------------------------------------  -----  ---------  --------  ----------  --------------  -------------------
/opt/airflow/dags/logidata_pipeline_dag.py                           1           0  0.41s           2026-04-20T17:44:55
================================================================================
[2026-04-20T17:45:34.166+0000] {manager.py:879} INFO - 
================================================================================
DAG File Processing Stats

File Path                                   PID    Runtime      # DAGs    # Errors  Last Runtime    Last Run
------------------------------------------  -----  ---------  --------  ----------  --------------  -------------------
/opt/airflow/dags/logidata_pipeline_dag.py                           1           0  0.41s           2026-04-20T17:45:26
================================================================================
[2026-04-20T17:46:04.695+0000] {manager.py:879} INFO - 
================================================================================
DAG File Processing Stats

File Path                                   PID    Runtime      # DAGs    # Errors  Last Runtime    Last Run
------------------------------------------  -----  ---------  --------  ----------  --------------  -------------------
/opt/airflow/dags/logidata_pipeline_dag.py                           1           0  0.41s           2026-04-20T17:45:57
================================================================================
[2026-04-20T17:46:36.418+0000] {manager.py:879} INFO - 
================================================================================
DAG File Processing Stats

File Path                                   PID    Runtime      # DAGs    # Errors  Last Runtime    Last Run
------------------------------------------  -----  ---------  --------  ----------  --------------  -------------------
/opt/airflow/dags/logidata_pipeline_dag.py                           1           0  0.32s           2026-04-20T17:46:28
================================================================================
[2026-04-20T17:47:10.138+0000] {manager.py:879} INFO - 
================================================================================
DAG File Processing Stats

File Path                                   PID    Runtime      # DAGs    # Errors  Last Runtime    Last Run
------------------------------------------  -----  ---------  --------  ----------  --------------  -------------------
/opt/airflow/dags/logidata_pipeline_dag.py                           1           0  0.31s           2026-04-20T17:46:59
================================================================================
[2026-04-20T17:47:43.654+0000] {manager.py:879} INFO - 
================================================================================
DAG File Processing Stats

File Path                                   PID    Runtime      # DAGs    # Errors  Last Runtime    Last Run
------------------------------------------  -----  ---------  --------  ----------  --------------  -------------------
/opt/airflow/dags/logidata_pipeline_dag.py                           1           0  0.42s           2026-04-20T17:47:32
================================================================================
[2026-04-20T17:48:15.353+0000] {manager.py:879} INFO - 
================================================================================
DAG File Processing Stats

File Path                                   PID    Runtime      # DAGs    # Errors  Last Runtime    Last Run
------------------------------------------  -----  ---------  --------  ----------  --------------  -------------------
/opt/airflow/dags/logidata_pipeline_dag.py                           1           0  0.32s           2026-04-20T17:48:04
================================================================================
[2026-04-20T17:48:23.726+0000] {manager.py:738} INFO - Searching for files in /opt/airflow/dags
[2026-04-20T17:48:23.760+0000] {manager.py:741} INFO - There are 1 files in /opt/airflow/dags
[2026-04-20T17:48:46.650+0000] {manager.py:879} INFO - 
================================================================================
DAG File Processing Stats

File Path                                   PID    Runtime      # DAGs    # Errors  Last Runtime    Last Run
------------------------------------------  -----  ---------  --------  ----------  --------------  -------------------
/opt/airflow/dags/logidata_pipeline_dag.py                           1           0  0.31s           2026-04-20T17:48:35
================================================================================
[2026-04-20T17:52:29.425+0000] {manager.py:879} INFO - 
================================================================================
DAG File Processing Stats

File Path                                   PID    Runtime      # DAGs    # Errors  Last Runtime    Last Run
------------------------------------------  -----  ---------  --------  ----------  --------------  -------------------
/opt/airflow/dags/logidata_pipeline_dag.py                           1           0  0.51s           2026-04-20T17:52:29
================================================================================
[2026-04-20T17:53:02.538+0000] {manager.py:879} INFO - 
================================================================================
DAG File Processing Stats

File Path                                   PID    Runtime      # DAGs    # Errors  Last Runtime    Last Run
------------------------------------------  -----  ---------  --------  ----------  --------------  -------------------
/opt/airflow/dags/logidata_pipeline_dag.py                           1           0  0.31s           2026-04-20T17:52:59
================================================================================
[2026-04-20T17:53:24.646+0000] {manager.py:738} INFO - Searching for files in /opt/airflow/dags
[2026-04-20T17:53:24.677+0000] {manager.py:741} INFO - There are 1 files in /opt/airflow/dags
[2026-04-20T17:53:36.071+0000] {manager.py:879} INFO - 
================================================================================
DAG File Processing Stats

File Path                                   PID    Runtime      # DAGs    # Errors  Last Runtime    Last Run
------------------------------------------  -----  ---------  --------  ----------  --------------  -------------------
/opt/airflow/dags/logidata_pipeline_dag.py                           1           0  0.31s           2026-04-20T17:53:31
================================================================================
[2026-04-20T17:54:07.643+0000] {manager.py:879} INFO - 
================================================================================
DAG File Processing Stats

File Path                                   PID    Runtime      # DAGs    # Errors  Last Runtime    Last Run
------------------------------------------  -----  ---------  --------  ----------  --------------  -------------------
/opt/airflow/dags/logidata_pipeline_dag.py                           1           0  0.51s           2026-04-20T17:54:03
================================================================================
[2026-04-20T17:54:38.895+0000] {manager.py:879} INFO - 
================================================================================
DAG File Processing Stats

File Path                                   PID    Runtime      # DAGs    # Errors  Last Runtime    Last Run
------------------------------------------  -----  ---------  --------  ----------  --------------  -------------------
/opt/airflow/dags/logidata_pipeline_dag.py                           1           0  0.31s           2026-04-20T17:54:33
================================================================================
[2026-04-20T17:55:09.996+0000] {manager.py:879} INFO - 
================================================================================
DAG File Processing Stats

File Path                                   PID    Runtime      # DAGs    # Errors  Last Runtime    Last Run
------------------------------------------  -----  ---------  --------  ----------  --------------  -------------------
/opt/airflow/dags/logidata_pipeline_dag.py                           1           0  0.40s           2026-04-20T17:55:04
================================================================================
[2026-04-20T17:55:43.238+0000] {manager.py:879} INFO - 
================================================================================
DAG File Processing Stats

File Path                                   PID    Runtime      # DAGs    # Errors  Last Runtime    Last Run
------------------------------------------  -----  ---------  --------  ----------  --------------  -------------------
/opt/airflow/dags/logidata_pipeline_dag.py                           1           0  0.31s           2026-04-20T17:55:35
================================================================================
[2026-04-20T17:56:16.675+0000] {manager.py:879} INFO - 
================================================================================
DAG File Processing Stats

File Path                                   PID    Runtime      # DAGs    # Errors  Last Runtime    Last Run
------------------------------------------  -----  ---------  --------  ----------  --------------  -------------------
/opt/airflow/dags/logidata_pipeline_dag.py                           1           0  0.41s           2026-04-20T17:56:16
================================================================================
[2026-04-20T17:56:48.092+0000] {manager.py:879} INFO - 
================================================================================
DAG File Processing Stats

File Path                                   PID    Runtime      # DAGs    # Errors  Last Runtime    Last Run
------------------------------------------  -----  ---------  --------  ----------  --------------  -------------------
/opt/airflow/dags/logidata_pipeline_dag.py                           1           0  0.31s           2026-04-20T17:56:48
================================================================================
[2026-04-20T17:57:19.869+0000] {manager.py:879} INFO - 
================================================================================
DAG File Processing Stats

File Path                                   PID    Runtime      # DAGs    # Errors  Last Runtime    Last Run
------------------------------------------  -----  ---------  --------  ----------  --------------  -------------------
/opt/airflow/dags/logidata_pipeline_dag.py                           1           0  0.31s           2026-04-20T17:57:18
================================================================================
[2026-04-20T17:57:51.456+0000] {manager.py:879} INFO - 
================================================================================
DAG File Processing Stats

File Path                                   PID    Runtime      # DAGs    # Errors  Last Runtime    Last Run
------------------------------------------  -----  ---------  --------  ----------  --------------  -------------------
/opt/airflow/dags/logidata_pipeline_dag.py                           1           0  0.40s           2026-04-20T17:57:49
================================================================================
[2026-04-20T17:58:24.628+0000] {manager.py:879} INFO - 
================================================================================
DAG File Processing Stats

File Path                                   PID    Runtime      # DAGs    # Errors  Last Runtime    Last Run
------------------------------------------  -----  ---------  --------  ----------  --------------  -------------------
/opt/airflow/dags/logidata_pipeline_dag.py                           1           0  0.21s           2026-04-20T17:58:19
================================================================================
[2026-04-20T17:58:25.744+0000] {manager.py:738} INFO - Searching for files in /opt/airflow/dags
[2026-04-20T17:58:25.787+0000] {manager.py:741} INFO - There are 1 files in /opt/airflow/dags
[2026-04-20T17:58:57.434+0000] {manager.py:879} INFO - 
================================================================================
DAG File Processing Stats

File Path                                   PID    Runtime      # DAGs    # Errors  Last Runtime    Last Run
------------------------------------------  -----  ---------  --------  ----------  --------------  -------------------
/opt/airflow/dags/logidata_pipeline_dag.py                           1           0  0.41s           2026-04-20T17:58:50
================================================================================
[2026-04-20T17:59:31.057+0000] {manager.py:879} INFO - 
================================================================================
DAG File Processing Stats

File Path                                   PID    Runtime      # DAGs    # Errors  Last Runtime    Last Run
------------------------------------------  -----  ---------  --------  ----------  --------------  -------------------
/opt/airflow/dags/logidata_pipeline_dag.py                           1           0  0.51s           2026-04-20T17:59:21
================================================================================
[2026-04-20T18:00:02.620+0000] {manager.py:879} INFO - 
================================================================================
DAG File Processing Stats

File Path                                   PID    Runtime      # DAGs    # Errors  Last Runtime    Last Run
------------------------------------------  -----  ---------  --------  ----------  --------------  -------------------
/opt/airflow/dags/logidata_pipeline_dag.py                           1           0  0.41s           2026-04-20T17:59:52
================================================================================
[2026-04-20T18:00:33.174+0000] {manager.py:879} INFO - 
================================================================================
DAG File Processing Stats

File Path                                   PID    Runtime      # DAGs    # Errors  Last Runtime    Last Run
------------------------------------------  -----  ---------  --------  ----------  --------------  -------------------
/opt/airflow/dags/logidata_pipeline_dag.py                           1           0  0.41s           2026-04-20T18:00:23
================================================================================
[2026-04-20T18:01:05.078+0000] {manager.py:879} INFO - 
================================================================================
DAG File Processing Stats

File Path                                   PID    Runtime      # DAGs    # Errors  Last Runtime    Last Run
------------------------------------------  -----  ---------  --------  ----------  --------------  -------------------
/opt/airflow/dags/logidata_pipeline_dag.py                           1           0  0.30s           2026-04-20T18:00:53
================================================================================
[2026-04-20T18:01:38.827+0000] {manager.py:879} INFO - 
================================================================================
DAG File Processing Stats

File Path                                   PID    Runtime      # DAGs    # Errors  Last Runtime    Last Run
------------------------------------------  -----  ---------  --------  ----------  --------------  -------------------
/opt/airflow/dags/logidata_pipeline_dag.py                           1           0  0.31s           2026-04-20T18:01:24
================================================================================
[2026-04-20T18:02:11.594+0000] {manager.py:879} INFO - 
================================================================================
DAG File Processing Stats

File Path                                   PID    Runtime      # DAGs    # Errors  Last Runtime    Last Run
------------------------------------------  -----  ---------  --------  ----------  --------------  -------------------
/opt/airflow/dags/logidata_pipeline_dag.py                           1           0  0.41s           2026-04-20T18:01:56
================================================================================
[2026-04-20T18:02:42.328+0000] {manager.py:879} INFO - 
================================================================================
DAG File Processing Stats

File Path                                   PID    Runtime      # DAGs    # Errors  Last Runtime    Last Run
------------------------------------------  -----  ---------  --------  ----------  --------------  -------------------
/opt/airflow/dags/logidata_pipeline_dag.py                           1           0  0.31s           2026-04-20T18:02:27
================================================================================
[2026-04-20T18:03:14.320+0000] {manager.py:879} INFO - 
================================================================================
DAG File Processing Stats

File Path                                   PID    Runtime      # DAGs    # Errors  Last Runtime    Last Run
------------------------------------------  -----  ---------  --------  ----------  --------------  -------------------
/opt/airflow/dags/logidata_pipeline_dag.py                           1           0  0.51s           2026-04-20T18:02:58
================================================================================
[2026-04-20T18:03:25.891+0000] {manager.py:738} INFO - Searching for files in /opt/airflow/dags
[2026-04-20T18:03:25.953+0000] {manager.py:741} INFO - There are 1 files in /opt/airflow/dags
[2026-04-20T18:03:46.257+0000] {manager.py:879} INFO - 
================================================================================
DAG File Processing Stats

File Path                                   PID    Runtime      # DAGs    # Errors  Last Runtime    Last Run
------------------------------------------  -----  ---------  --------  ----------  --------------  -------------------
/opt/airflow/dags/logidata_pipeline_dag.py                           1           0  0.40s           2026-04-20T18:03:29
================================================================================
[2026-04-20T18:04:19.890+0000] {manager.py:879} INFO - 
================================================================================
DAG File Processing Stats

File Path                                   PID    Runtime      # DAGs    # Errors  Last Runtime    Last Run
------------------------------------------  -----  ---------  --------  ----------  --------------  -------------------
/opt/airflow/dags/logidata_pipeline_dag.py                           1           0  0.30s           2026-04-20T18:03:59
================================================================================
[2026-04-20T18:04:53.358+0000] {manager.py:879} INFO - 
================================================================================
DAG File Processing Stats

File Path                                   PID    Runtime      # DAGs    # Errors  Last Runtime    Last Run
------------------------------------------  -----  ---------  --------  ----------  --------------  -------------------
/opt/airflow/dags/logidata_pipeline_dag.py                           1           0  0.41s           2026-04-20T18:04:31
================================================================================
[2026-04-20T18:05:26.159+0000] {manager.py:879} INFO - 
================================================================================
DAG File Processing Stats

File Path                                   PID    Runtime      # DAGs    # Errors  Last Runtime    Last Run
------------------------------------------  -----  ---------  --------  ----------  --------------  -------------------
/opt/airflow/dags/logidata_pipeline_dag.py                           1           0  0.31s           2026-04-20T18:05:02
================================================================================
[2026-04-20T18:05:57.998+0000] {manager.py:879} INFO - 
================================================================================
DAG File Processing Stats

File Path                                   PID    Runtime      # DAGs    # Errors  Last Runtime    Last Run
------------------------------------------  -----  ---------  --------  ----------  --------------  -------------------
/opt/airflow/dags/logidata_pipeline_dag.py                           1           0  0.41s           2026-04-20T18:05:33
================================================================================
[2026-04-20T18:06:28.818+0000] {manager.py:879} INFO - 
================================================================================
DAG File Processing Stats

File Path                                   PID    Runtime      # DAGs    # Errors  Last Runtime    Last Run
------------------------------------------  -----  ---------  --------  ----------  --------------  -------------------
/opt/airflow/dags/logidata_pipeline_dag.py                           1           0  0.41s           2026-04-20T18:06:04
================================================================================
[2026-04-20T18:06:59.342+0000] {manager.py:879} INFO - 
================================================================================
DAG File Processing Stats

File Path                                   PID    Runtime      # DAGs    # Errors  Last Runtime    Last Run
------------------------------------------  -----  ---------  --------  ----------  --------------  -------------------
/opt/airflow/dags/logidata_pipeline_dag.py                           1           0  0.40s           2026-04-20T18:06:35
================================================================================
[2026-04-20T18:07:33.203+0000] {manager.py:879} INFO - 
================================================================================
DAG File Processing Stats

File Path                                   PID    Runtime      # DAGs    # Errors  Last Runtime    Last Run
------------------------------------------  -----  ---------  --------  ----------  --------------  -------------------
/opt/airflow/dags/logidata_pipeline_dag.py                           1           0  0.31s           2026-04-20T18:07:06
================================================================================
[2026-04-20T18:08:05.791+0000] {manager.py:879} INFO - 
================================================================================
DAG File Processing Stats

File Path                                   PID    Runtime      # DAGs    # Errors  Last Runtime    Last Run
------------------------------------------  -----  ---------  --------  ----------  --------------  -------------------
/opt/airflow/dags/logidata_pipeline_dag.py                           1           0  0.31s           2026-04-20T18:07:36
================================================================================
[2026-04-20T18:08:26.373+0000] {manager.py:738} INFO - Searching for files in /opt/airflow/dags
[2026-04-20T18:08:26.403+0000] {manager.py:741} INFO - There are 1 files in /opt/airflow/dags
[2026-04-20T18:08:37.061+0000] {manager.py:879} INFO - 
================================================================================
DAG File Processing Stats

File Path                                   PID    Runtime      # DAGs    # Errors  Last Runtime    Last Run
------------------------------------------  -----  ---------  --------  ----------  --------------  -------------------
/opt/airflow/dags/logidata_pipeline_dag.py                           1           0  0.31s           2026-04-20T18:08:07
================================================================================
[2026-04-20T18:09:10.772+0000] {manager.py:879} INFO - 
================================================================================
DAG File Processing Stats

File Path                                   PID    Runtime      # DAGs    # Errors  Last Runtime    Last Run
------------------------------------------  -----  ---------  --------  ----------  --------------  -------------------
/opt/airflow/dags/logidata_pipeline_dag.py                           1           0  0.30s           2026-04-20T18:09:09
================================================================================
[2026-04-20T18:06:32.116+0000] {manager.py:879} INFO - 
================================================================================
DAG File Processing Stats

File Path                                   PID    Runtime      # DAGs    # Errors  Last Runtime    Last Run
------------------------------------------  -----  ---------  --------  ----------  --------------  -------------------
/opt/airflow/dags/logidata_pipeline_dag.py                           1           0  0.30s           2026-04-20T18:09:09
================================================================================
[2026-04-20T18:10:14.069+0000] {manager.py:879} INFO - 
================================================================================
DAG File Processing Stats

File Path                                   PID    Runtime      # DAGs    # Errors  Last Runtime    Last Run
------------------------------------------  -----  ---------  --------  ----------  --------------  -------------------
/opt/airflow/dags/logidata_pipeline_dag.py                           1           0  0.31s           2026-04-20T18:09:57
================================================================================
[2026-04-20T18:10:46.162+0000] {manager.py:879} INFO - 
================================================================================
DAG File Processing Stats

File Path                                   PID    Runtime      # DAGs    # Errors  Last Runtime    Last Run
------------------------------------------  -----  ---------  --------  ----------  --------------  -------------------
/opt/airflow/dags/logidata_pipeline_dag.py                           1           0  0.41s           2026-04-20T18:10:28
================================================================================
[2026-04-20T18:11:18.101+0000] {manager.py:879} INFO - 
================================================================================
DAG File Processing Stats

File Path                                   PID    Runtime      # DAGs    # Errors  Last Runtime    Last Run
------------------------------------------  -----  ---------  --------  ----------  --------------  -------------------
/opt/airflow/dags/logidata_pipeline_dag.py                           1           0  0.41s           2026-04-20T18:10:59
================================================================================
[2026-04-20T18:11:51.509+0000] {manager.py:879} INFO - 
================================================================================
DAG File Processing Stats

File Path                                   PID    Runtime      # DAGs    # Errors  Last Runtime    Last Run
------------------------------------------  -----  ---------  --------  ----------  --------------  -------------------
/opt/airflow/dags/logidata_pipeline_dag.py                           1           0  0.41s           2026-04-20T18:11:31
================================================================================
[2026-04-20T18:12:24.435+0000] {manager.py:879} INFO - 
================================================================================
DAG File Processing Stats

File Path                                   PID    Runtime      # DAGs    # Errors  Last Runtime    Last Run
------------------------------------------  -----  ---------  --------  ----------  --------------  -------------------
/opt/airflow/dags/logidata_pipeline_dag.py                           1           0  0.71s           2026-04-20T18:12:02
================================================================================
[2026-04-20T18:12:57.373+0000] {manager.py:879} INFO - 
================================================================================
DAG File Processing Stats

File Path                                   PID    Runtime      # DAGs    # Errors  Last Runtime    Last Run
------------------------------------------  -----  ---------  --------  ----------  --------------  -------------------
/opt/airflow/dags/logidata_pipeline_dag.py                           1           0  0.30s           2026-04-20T18:12:33
================================================================================
[2026-04-20T18:13:26.660+0000] {manager.py:738} INFO - Searching for files in /opt/airflow/dags
[2026-04-20T18:13:26.714+0000] {manager.py:741} INFO - There are 1 files in /opt/airflow/dags
[2026-04-20T18:13:28.597+0000] {manager.py:879} INFO - 
================================================================================
DAG File Processing Stats

File Path                                   PID    Runtime      # DAGs    # Errors  Last Runtime    Last Run
------------------------------------------  -----  ---------  --------  ----------  --------------  -------------------
/opt/airflow/dags/logidata_pipeline_dag.py                           1           0  0.31s           2026-04-20T18:13:04
================================================================================
[2026-04-20T18:13:59.827+0000] {manager.py:879} INFO - 
================================================================================
DAG File Processing Stats

File Path                                   PID    Runtime      # DAGs    # Errors  Last Runtime    Last Run
------------------------------------------  -----  ---------  --------  ----------  --------------  -------------------
/opt/airflow/dags/logidata_pipeline_dag.py                           1           0  0.41s           2026-04-20T18:13:36
================================================================================
[2026-04-20T18:14:30.784+0000] {manager.py:879} INFO - 
================================================================================
DAG File Processing Stats

File Path                                   PID    Runtime      # DAGs    # Errors  Last Runtime    Last Run
------------------------------------------  -----  ---------  --------  ----------  --------------  -------------------
/opt/airflow/dags/logidata_pipeline_dag.py                           1           0  0.61s           2026-04-20T18:14:08
================================================================================
[2026-04-20T18:15:03.533+0000] {manager.py:879} INFO - 
================================================================================
DAG File Processing Stats

File Path                                   PID    Runtime      # DAGs    # Errors  Last Runtime    Last Run
------------------------------------------  -----  ---------  --------  ----------  --------------  -------------------
/opt/airflow/dags/logidata_pipeline_dag.py                           1           0  0.41s           2026-04-20T18:14:39
================================================================================
[2026-04-20T18:15:37.080+0000] {manager.py:879} INFO - 
================================================================================
DAG File Processing Stats

File Path                                   PID    Runtime      # DAGs    # Errors  Last Runtime    Last Run
------------------------------------------  -----  ---------  --------  ----------  --------------  -------------------
/opt/airflow/dags/logidata_pipeline_dag.py                           1           0  0.41s           2026-04-20T18:15:10
================================================================================
[2026-04-20T18:16:10.016+0000] {manager.py:879} INFO - 
================================================================================
DAG File Processing Stats

File Path                                   PID    Runtime      # DAGs    # Errors  Last Runtime    Last Run
------------------------------------------  -----  ---------  --------  ----------  --------------  -------------------
/opt/airflow/dags/logidata_pipeline_dag.py                           1           0  0.41s           2026-04-20T18:15:40
================================================================================
[2026-04-20T18:16:41.217+0000] {manager.py:879} INFO - 
================================================================================
DAG File Processing Stats

File Path                                   PID    Runtime      # DAGs    # Errors  Last Runtime    Last Run
------------------------------------------  -----  ---------  --------  ----------  --------------  -------------------
/opt/airflow/dags/logidata_pipeline_dag.py                           1           0  0.73s           2026-04-20T18:16:11
================================================================================
[2026-04-20T18:17:12.768+0000] {manager.py:879} INFO - 
================================================================================
DAG File Processing Stats

File Path                                   PID    Runtime      # DAGs    # Errors  Last Runtime    Last Run
------------------------------------------  -----  ---------  --------  ----------  --------------  -------------------
/opt/airflow/dags/logidata_pipeline_dag.py                           1           0  0.41s           2026-04-20T18:16:42
================================================================================
[2026-04-20T18:17:43.985+0000] {manager.py:879} INFO - 
================================================================================
DAG File Processing Stats

File Path                                   PID    Runtime      # DAGs    # Errors  Last Runtime    Last Run
------------------------------------------  -----  ---------  --------  ----------  --------------  -------------------
/opt/airflow/dags/logidata_pipeline_dag.py                           1           0  0.41s           2026-04-20T18:17:14
================================================================================
[2026-04-20T18:18:17.146+0000] {manager.py:879} INFO - 
================================================================================
DAG File Processing Stats

File Path                                   PID    Runtime      # DAGs    # Errors  Last Runtime    Last Run
------------------------------------------  -----  ---------  --------  ----------  --------------  -------------------
/opt/airflow/dags/logidata_pipeline_dag.py                           1           0  0.51s           2026-04-20T18:18:16
================================================================================
[2026-04-20T18:18:27.750+0000] {manager.py:738} INFO - Searching for files in /opt/airflow/dags
[2026-04-20T18:18:27.785+0000] {manager.py:741} INFO - There are 1 files in /opt/airflow/dags
[2026-04-20T18:18:50.267+0000] {manager.py:879} INFO - 
================================================================================
DAG File Processing Stats

File Path                                   PID    Runtime      # DAGs    # Errors  Last Runtime    Last Run
------------------------------------------  -----  ---------  --------  ----------  --------------  -------------------
/opt/airflow/dags/logidata_pipeline_dag.py                           1           0  0.30s           2026-04-20T18:18:48
================================================================================
[2026-04-20T18:19:23.179+0000] {manager.py:879} INFO - 
================================================================================
DAG File Processing Stats

File Path                                   PID    Runtime      # DAGs    # Errors  Last Runtime    Last Run
------------------------------------------  -----  ---------  --------  ----------  --------------  -------------------
/opt/airflow/dags/logidata_pipeline_dag.py                           1           0  0.41s           2026-04-20T18:19:19
================================================================================
[2026-04-20T18:19:54.472+0000] {manager.py:879} INFO - 
================================================================================
DAG File Processing Stats

File Path                                   PID    Runtime      # DAGs    # Errors  Last Runtime    Last Run
------------------------------------------  -----  ---------  --------  ----------  --------------  -------------------
/opt/airflow/dags/logidata_pipeline_dag.py                           1           0  0.41s           2026-04-20T18:19:51
================================================================================
[2026-04-20T18:20:25.646+0000] {manager.py:879} INFO - 
================================================================================
DAG File Processing Stats

File Path                                   PID    Runtime      # DAGs    # Errors  Last Runtime    Last Run
------------------------------------------  -----  ---------  --------  ----------  --------------  -------------------
/opt/airflow/dags/logidata_pipeline_dag.py                           1           0  0.51s           2026-04-20T18:20:21
================================================================================
[2026-04-20T18:20:56.682+0000] {manager.py:879} INFO - 
================================================================================
DAG File Processing Stats

File Path                                   PID    Runtime      # DAGs    # Errors  Last Runtime    Last Run
------------------------------------------  -----  ---------  --------  ----------  --------------  -------------------
/opt/airflow/dags/logidata_pipeline_dag.py                           1           0  0.41s           2026-04-20T18:20:52
================================================================================
[2026-04-20T18:21:29.637+0000] {manager.py:879} INFO - 
================================================================================
DAG File Processing Stats

File Path                                   PID    Runtime      # DAGs    # Errors  Last Runtime    Last Run
------------------------------------------  -----  ---------  --------  ----------  --------------  -------------------
/opt/airflow/dags/logidata_pipeline_dag.py                           1           0  0.41s           2026-04-20T18:21:23
================================================================================
[2026-04-20T18:22:02.600+0000] {manager.py:879} INFO - 
================================================================================
DAG File Processing Stats

File Path                                   PID    Runtime      # DAGs    # Errors  Last Runtime    Last Run
------------------------------------------  -----  ---------  --------  ----------  --------------  -------------------
/opt/airflow/dags/logidata_pipeline_dag.py                           1           0  0.31s           2026-04-20T18:21:54
================================================================================
[2026-04-20T18:22:33.584+0000] {manager.py:879} INFO - 
================================================================================
DAG File Processing Stats

File Path                                   PID    Runtime      # DAGs    # Errors  Last Runtime    Last Run
------------------------------------------  -----  ---------  --------  ----------  --------------  -------------------
/opt/airflow/dags/logidata_pipeline_dag.py                           1           0  0.51s           2026-04-20T18:22:25
================================================================================
[2026-04-20T18:23:04.352+0000] {manager.py:879} INFO - 
================================================================================
DAG File Processing Stats

File Path                                   PID    Runtime      # DAGs    # Errors  Last Runtime    Last Run
------------------------------------------  -----  ---------  --------  ----------  --------------  -------------------
/opt/airflow/dags/logidata_pipeline_dag.py                           1           0  0.41s           2026-04-20T18:22:56
================================================================================
[2026-04-20T18:23:28.663+0000] {manager.py:738} INFO - Searching for files in /opt/airflow/dags
[2026-04-20T18:23:28.704+0000] {manager.py:741} INFO - There are 1 files in /opt/airflow/dags
[2026-04-20T18:23:35.793+0000] {manager.py:879} INFO - 
================================================================================
DAG File Processing Stats

File Path                                   PID    Runtime      # DAGs    # Errors  Last Runtime    Last Run
------------------------------------------  -----  ---------  --------  ----------  --------------  -------------------
/opt/airflow/dags/logidata_pipeline_dag.py                           1           0  0.31s           2026-04-20T18:23:27
================================================================================
[2026-04-20T18:24:08.748+0000] {manager.py:879} INFO - 
================================================================================
DAG File Processing Stats

File Path                                   PID    Runtime      # DAGs    # Errors  Last Runtime    Last Run
------------------------------------------  -----  ---------  --------  ----------  --------------  -------------------
/opt/airflow/dags/logidata_pipeline_dag.py                           1           0  0.30s           2026-04-20T18:23:57
================================================================================
[2026-04-20T18:24:41.534+0000] {manager.py:879} INFO - 
================================================================================
DAG File Processing Stats

File Path                                   PID    Runtime      # DAGs    # Errors  Last Runtime    Last Run
------------------------------------------  -----  ---------  --------  ----------  --------------  -------------------
/opt/airflow/dags/logidata_pipeline_dag.py                           1           0  0.40s           2026-04-20T18:24:29
================================================================================
[2026-04-20T18:25:14.522+0000] {manager.py:879} INFO - 
================================================================================
DAG File Processing Stats

File Path                                   PID    Runtime      # DAGs    # Errors  Last Runtime    Last Run
------------------------------------------  -----  ---------  --------  ----------  --------------  -------------------
/opt/airflow/dags/logidata_pipeline_dag.py                           1           0  0.41s           2026-04-20T18:25:02
================================================================================
[2026-04-20T18:25:45.647+0000] {manager.py:879} INFO - 
================================================================================
DAG File Processing Stats

File Path                                   PID    Runtime      # DAGs    # Errors  Last Runtime    Last Run
------------------------------------------  -----  ---------  --------  ----------  --------------  -------------------
/opt/airflow/dags/logidata_pipeline_dag.py                           1           0  0.31s           2026-04-20T18:25:33
================================================================================
[2026-04-20T18:26:17.179+0000] {manager.py:879} INFO - 
================================================================================
DAG File Processing Stats

File Path                                   PID    Runtime      # DAGs    # Errors  Last Runtime    Last Run
------------------------------------------  -----  ---------  --------  ----------  --------------  -------------------
/opt/airflow/dags/logidata_pipeline_dag.py                           1           0  0.41s           2026-04-20T18:26:04
================================================================================
[2026-04-20T18:26:48.106+0000] {manager.py:879} INFO - 
================================================================================
DAG File Processing Stats

File Path                                   PID    Runtime      # DAGs    # Errors  Last Runtime    Last Run
------------------------------------------  -----  ---------  --------  ----------  --------------  -------------------
/opt/airflow/dags/logidata_pipeline_dag.py                           1           0  0.50s           2026-04-20T18:26:35
================================================================================
[2026-04-20T18:27:21.165+0000] {manager.py:879} INFO - 
================================================================================
DAG File Processing Stats

File Path                                   PID    Runtime      # DAGs    # Errors  Last Runtime    Last Run
------------------------------------------  -----  ---------  --------  ----------  --------------  -------------------
/opt/airflow/dags/logidata_pipeline_dag.py                           1           0  0.30s           2026-04-20T18:27:08
================================================================================
[2026-04-20T18:27:54.077+0000] {manager.py:879} INFO - 
================================================================================
DAG File Processing Stats

File Path                                   PID    Runtime      # DAGs    # Errors  Last Runtime    Last Run
------------------------------------------  -----  ---------  --------  ----------  --------------  -------------------
/opt/airflow/dags/logidata_pipeline_dag.py                           1           0  0.30s           2026-04-20T18:27:40
================================================================================
[2026-04-20T18:28:26.902+0000] {manager.py:879} INFO - 
================================================================================
DAG File Processing Stats

File Path                                   PID    Runtime      # DAGs    # Errors  Last Runtime    Last Run
------------------------------------------  -----  ---------  --------  ----------  --------------  -------------------
/opt/airflow/dags/logidata_pipeline_dag.py                           1           0  0.31s           2026-04-20T18:28:13
================================================================================
[2026-04-20T18:28:29.243+0000] {manager.py:738} INFO - Searching for files in /opt/airflow/dags
[2026-04-20T18:28:29.264+0000] {manager.py:741} INFO - There are 1 files in /opt/airflow/dags
[2026-04-20T18:28:57.982+0000] {manager.py:879} INFO - 
================================================================================
DAG File Processing Stats

File Path                                   PID    Runtime      # DAGs    # Errors  Last Runtime    Last Run
------------------------------------------  -----  ---------  --------  ----------  --------------  -------------------
/opt/airflow/dags/logidata_pipeline_dag.py                           1           0  0.61s           2026-04-20T18:28:44
================================================================================
[2026-04-20T18:29:28.863+0000] {manager.py:879} INFO - 
================================================================================
DAG File Processing Stats

File Path                                   PID    Runtime      # DAGs    # Errors  Last Runtime    Last Run
------------------------------------------  -----  ---------  --------  ----------  --------------  -------------------
/opt/airflow/dags/logidata_pipeline_dag.py                           1           0  0.51s           2026-04-20T18:29:15
================================================================================
[2026-04-20T18:30:00.230+0000] {manager.py:879} INFO - 
================================================================================
DAG File Processing Stats

File Path                                   PID    Runtime      # DAGs    # Errors  Last Runtime    Last Run
------------------------------------------  -----  ---------  --------  ----------  --------------  -------------------
/opt/airflow/dags/logidata_pipeline_dag.py                           1           0  0.41s           2026-04-20T18:29:46
================================================================================
[2026-04-20T18:30:32.975+0000] {manager.py:879} INFO - 
================================================================================
DAG File Processing Stats

File Path                                   PID    Runtime      # DAGs    # Errors  Last Runtime    Last Run
------------------------------------------  -----  ---------  --------  ----------  --------------  -------------------
/opt/airflow/dags/logidata_pipeline_dag.py                           1           0  0.31s           2026-04-20T18:30:17
================================================================================
[2026-04-20T18:31:06.578+0000] {manager.py:879} INFO - 
================================================================================
DAG File Processing Stats

File Path                                   PID    Runtime      # DAGs    # Errors  Last Runtime    Last Run
------------------------------------------  -----  ---------  --------  ----------  --------------  -------------------
/opt/airflow/dags/logidata_pipeline_dag.py                           1           0  0.71s           2026-04-20T18:30:51
================================================================================
[2026-04-20T18:31:37.718+0000] {manager.py:879} INFO - 
================================================================================
DAG File Processing Stats

File Path                                   PID    Runtime      # DAGs    # Errors  Last Runtime    Last Run
------------------------------------------  -----  ---------  --------  ----------  --------------  -------------------
/opt/airflow/dags/logidata_pipeline_dag.py                           1           0  0.41s           2026-04-20T18:31:22
================================================================================
[2026-04-20T18:32:08.830+0000] {manager.py:879} INFO - 
================================================================================
DAG File Processing Stats

File Path                                   PID    Runtime      # DAGs    # Errors  Last Runtime    Last Run
------------------------------------------  -----  ---------  --------  ----------  --------------  -------------------
/opt/airflow/dags/logidata_pipeline_dag.py                           1           0  0.31s           2026-04-20T18:31:53
================================================================================
[2026-04-20T18:32:39.729+0000] {manager.py:879} INFO - 
================================================================================
DAG File Processing Stats

File Path                                   PID    Runtime      # DAGs    # Errors  Last Runtime    Last Run
------------------------------------------  -----  ---------  --------  ----------  --------------  -------------------
/opt/airflow/dags/logidata_pipeline_dag.py                           1           0  0.30s           2026-04-20T18:32:24
================================================================================
[2026-04-20T18:33:12.711+0000] {manager.py:879} INFO - 
================================================================================
DAG File Processing Stats

File Path                                   PID    Runtime      # DAGs    # Errors  Last Runtime    Last Run
------------------------------------------  -----  ---------  --------  ----------  --------------  -------------------
/opt/airflow/dags/logidata_pipeline_dag.py                           1           0  0.51s           2026-04-20T18:32:56
================================================================================
[2026-04-20T18:33:30.180+0000] {manager.py:738} INFO - Searching for files in /opt/airflow/dags
[2026-04-20T18:33:30.208+0000] {manager.py:741} INFO - There are 1 files in /opt/airflow/dags
[2026-04-20T18:33:46.456+0000] {manager.py:879} INFO - 
================================================================================
DAG File Processing Stats

File Path                                   PID    Runtime      # DAGs    # Errors  Last Runtime    Last Run
------------------------------------------  -----  ---------  --------  ----------  --------------  -------------------
/opt/airflow/dags/logidata_pipeline_dag.py                           1           0  0.51s           2026-04-20T18:33:29
================================================================================
[2026-04-20T18:34:17.681+0000] {manager.py:879} INFO - 
================================================================================
DAG File Processing Stats

File Path                                   PID    Runtime      # DAGs    # Errors  Last Runtime    Last Run
------------------------------------------  -----  ---------  --------  ----------  --------------  -------------------
/opt/airflow/dags/logidata_pipeline_dag.py                           1           0  0.41s           2026-04-20T18:33:59
================================================================================
[2026-04-20T18:34:48.685+0000] {manager.py:879} INFO - 
================================================================================
DAG File Processing Stats

File Path                                   PID    Runtime      # DAGs    # Errors  Last Runtime    Last Run
------------------------------------------  -----  ---------  --------  ----------  --------------  -------------------
/opt/airflow/dags/logidata_pipeline_dag.py                           1           0  0.41s           2026-04-20T18:34:30
================================================================================
[2026-04-20T18:35:19.620+0000] {manager.py:879} INFO - 
================================================================================
DAG File Processing Stats

File Path                                   PID    Runtime      # DAGs    # Errors  Last Runtime    Last Run
------------------------------------------  -----  ---------  --------  ----------  --------------  -------------------
/opt/airflow/dags/logidata_pipeline_dag.py                           1           0  0.41s           2026-04-20T18:35:01
================================================================================
[2026-04-20T18:35:53.135+0000] {manager.py:879} INFO - 
================================================================================
DAG File Processing Stats

File Path                                   PID    Runtime      # DAGs    # Errors  Last Runtime    Last Run
------------------------------------------  -----  ---------  --------  ----------  --------------  -------------------
/opt/airflow/dags/logidata_pipeline_dag.py                           1           0  0.50s           2026-04-20T18:35:34
================================================================================
[2026-04-20T18:36:26.639+0000] {manager.py:879} INFO - 
================================================================================
DAG File Processing Stats

File Path                                   PID    Runtime      # DAGs    # Errors  Last Runtime    Last Run
------------------------------------------  -----  ---------  --------  ----------  --------------  -------------------
/opt/airflow/dags/logidata_pipeline_dag.py                           1           0  0.30s           2026-04-20T18:36:06
================================================================================
[2026-04-20T18:36:59.965+0000] {manager.py:879} INFO - 
================================================================================
DAG File Processing Stats

File Path                                   PID    Runtime      # DAGs    # Errors  Last Runtime    Last Run
------------------------------------------  -----  ---------  --------  ----------  --------------  -------------------
/opt/airflow/dags/logidata_pipeline_dag.py                           1           0  0.31s           2026-04-20T18:36:39
================================================================================
[2026-04-20T18:37:31.425+0000] {manager.py:879} INFO - 
================================================================================
DAG File Processing Stats

File Path                                   PID    Runtime      # DAGs    # Errors  Last Runtime    Last Run
------------------------------------------  -----  ---------  --------  ----------  --------------  -------------------
/opt/airflow/dags/logidata_pipeline_dag.py                           1           0  0.41s           2026-04-20T18:37:11
================================================================================
[2026-04-20T18:38:03.219+0000] {manager.py:879} INFO - 
================================================================================
DAG File Processing Stats

File Path                                   PID    Runtime      # DAGs    # Errors  Last Runtime    Last Run
------------------------------------------  -----  ---------  --------  ----------  --------------  -------------------
/opt/airflow/dags/logidata_pipeline_dag.py                           1           0  0.51s           2026-04-20T18:37:42
================================================================================
[2026-04-20T18:38:30.236+0000] {manager.py:738} INFO - Searching for files in /opt/airflow/dags
[2026-04-20T18:38:30.265+0000] {manager.py:741} INFO - There are 1 files in /opt/airflow/dags
[2026-04-20T18:38:34.224+0000] {manager.py:879} INFO - 
================================================================================
DAG File Processing Stats

File Path                                   PID    Runtime      # DAGs    # Errors  Last Runtime    Last Run
------------------------------------------  -----  ---------  --------  ----------  --------------  -------------------
/opt/airflow/dags/logidata_pipeline_dag.py                           1           0  0.40s           2026-04-20T18:38:12
================================================================================
[2026-04-20T18:39:07.457+0000] {manager.py:879} INFO - 
================================================================================
DAG File Processing Stats

File Path                                   PID    Runtime      # DAGs    # Errors  Last Runtime    Last Run
------------------------------------------  -----  ---------  --------  ----------  --------------  -------------------
/opt/airflow/dags/logidata_pipeline_dag.py                           1           0  0.41s           2026-04-20T18:38:44
================================================================================
[2026-04-20T18:39:40.401+0000] {manager.py:879} INFO - 
================================================================================
DAG File Processing Stats

File Path                                   PID    Runtime      # DAGs    # Errors  Last Runtime    Last Run
------------------------------------------  -----  ---------  --------  ----------  --------------  -------------------
/opt/airflow/dags/logidata_pipeline_dag.py                           1           0  0.40s           2026-04-20T18:39:17
================================================================================
[2026-04-20T18:40:13.350+0000] {manager.py:879} INFO - 
================================================================================
DAG File Processing Stats

File Path                                   PID    Runtime      # DAGs    # Errors  Last Runtime    Last Run
------------------------------------------  -----  ---------  --------  ----------  --------------  -------------------
/opt/airflow/dags/logidata_pipeline_dag.py                           1           0  0.51s           2026-04-20T18:39:50
================================================================================
[2026-04-20T18:40:44.566+0000] {manager.py:879} INFO - 
================================================================================
DAG File Processing Stats

File Path                                   PID    Runtime      # DAGs    # Errors  Last Runtime    Last Run
------------------------------------------  -----  ---------  --------  ----------  --------------  -------------------
/opt/airflow/dags/logidata_pipeline_dag.py                           1           0  0.51s           2026-04-20T18:40:22
================================================================================
[2026-04-20T18:41:15.605+0000] {manager.py:879} INFO - 
================================================================================
DAG File Processing Stats

File Path                                   PID    Runtime      # DAGs    # Errors  Last Runtime    Last Run
------------------------------------------  -----  ---------  --------  ----------  --------------  -------------------
/opt/airflow/dags/logidata_pipeline_dag.py                           1           0  0.31s           2026-04-20T18:40:53
================================================================================
[2026-04-20T18:41:46.380+0000] {manager.py:879} INFO - 
================================================================================
DAG File Processing Stats

File Path                                   PID    Runtime      # DAGs    # Errors  Last Runtime    Last Run
------------------------------------------  -----  ---------  --------  ----------  --------------  -------------------
/opt/airflow/dags/logidata_pipeline_dag.py                           1           0  0.41s           2026-04-20T18:41:23
================================================================================
[2026-04-20T18:42:19.348+0000] {manager.py:879} INFO - 
================================================================================
DAG File Processing Stats

File Path                                   PID    Runtime      # DAGs    # Errors  Last Runtime    Last Run
------------------------------------------  -----  ---------  --------  ----------  --------------  -------------------
/opt/airflow/dags/logidata_pipeline_dag.py                           1           0  0.51s           2026-04-20T18:41:55
================================================================================
[2026-04-20T18:42:52.220+0000] {manager.py:879} INFO - 
================================================================================
DAG File Processing Stats

File Path                                   PID    Runtime      # DAGs    # Errors  Last Runtime    Last Run
------------------------------------------  -----  ---------  --------  ----------  --------------  -------------------
/opt/airflow/dags/logidata_pipeline_dag.py                           1           0  0.82s           2026-04-20T18:42:43
================================================================================
[2026-04-20T18:43:22.438+0000] {manager.py:879} INFO - 
================================================================================
DAG File Processing Stats

File Path                                   PID    Runtime      # DAGs    # Errors  Last Runtime    Last Run
------------------------------------------  -----  ---------  --------  ----------  --------------  -------------------
/opt/airflow/dags/logidata_pipeline_dag.py                           1           0  0.51s           2026-04-20T18:43:14
================================================================================
[2026-04-20T18:43:30.526+0000] {manager.py:738} INFO - Searching for files in /opt/airflow/dags
[2026-04-20T18:43:30.563+0000] {manager.py:741} INFO - There are 1 files in /opt/airflow/dags
[2026-04-20T18:43:53.093+0000] {manager.py:879} INFO - 
================================================================================
DAG File Processing Stats

File Path                                   PID    Runtime      # DAGs    # Errors  Last Runtime    Last Run
------------------------------------------  -----  ---------  --------  ----------  --------------  -------------------
/opt/airflow/dags/logidata_pipeline_dag.py                           1           0  0.51s           2026-04-20T18:43:46
================================================================================
[2026-04-20T18:44:24.553+0000] {manager.py:879} INFO - 
================================================================================
DAG File Processing Stats

File Path                                   PID    Runtime      # DAGs    # Errors  Last Runtime    Last Run
------------------------------------------  -----  ---------  --------  ----------  --------------  -------------------
/opt/airflow/dags/logidata_pipeline_dag.py                           1           0  0.51s           2026-04-20T18:44:17
================================================================================
[2026-04-20T18:44:57.596+0000] {manager.py:879} INFO - 
================================================================================
DAG File Processing Stats

File Path                                   PID    Runtime      # DAGs    # Errors  Last Runtime    Last Run
------------------------------------------  -----  ---------  --------  ----------  --------------  -------------------
/opt/airflow/dags/logidata_pipeline_dag.py                           1           0  0.51s           2026-04-20T18:44:48
================================================================================
[2026-04-20T18:45:30.585+0000] {manager.py:879} INFO - 
================================================================================
DAG File Processing Stats

File Path                                   PID    Runtime      # DAGs    # Errors  Last Runtime    Last Run
------------------------------------------  -----  ---------  --------  ----------  --------------  -------------------
/opt/airflow/dags/logidata_pipeline_dag.py                           1           0  0.61s           2026-04-20T18:45:18
================================================================================
[2026-04-20T18:46:01.478+0000] {manager.py:879} INFO - 
================================================================================
DAG File Processing Stats

File Path                                   PID    Runtime      # DAGs    # Errors  Last Runtime    Last Run
------------------------------------------  -----  ---------  --------  ----------  --------------  -------------------
/opt/airflow/dags/logidata_pipeline_dag.py                           1           0  0.51s           2026-04-20T18:45:50
================================================================================
[2026-04-20T18:46:32.780+0000] {manager.py:879} INFO - 
================================================================================
DAG File Processing Stats

File Path                                   PID    Runtime      # DAGs    # Errors  Last Runtime    Last Run
------------------------------------------  -----  ---------  --------  ----------  --------------  -------------------
/opt/airflow/dags/logidata_pipeline_dag.py                           1           0  0.51s           2026-04-20T18:46:21
================================================================================
[2026-04-20T18:47:03.905+0000] {manager.py:879} INFO - 
================================================================================
DAG File Processing Stats

File Path                                   PID    Runtime      # DAGs    # Errors  Last Runtime    Last Run
------------------------------------------  -----  ---------  --------  ----------  --------------  -------------------
/opt/airflow/dags/logidata_pipeline_dag.py                           1           0  0.51s           2026-04-20T18:46:51
================================================================================
[2026-04-20T18:47:36.656+0000] {manager.py:879} INFO - 
================================================================================
DAG File Processing Stats

File Path                                   PID    Runtime      # DAGs    # Errors  Last Runtime    Last Run
------------------------------------------  -----  ---------  --------  ----------  --------------  -------------------
/opt/airflow/dags/logidata_pipeline_dag.py                           1           0  0.41s           2026-04-20T18:47:22
================================================================================
[2026-04-20T18:48:10.001+0000] {manager.py:879} INFO - 
================================================================================
DAG File Processing Stats

File Path                                   PID    Runtime      # DAGs    # Errors  Last Runtime    Last Run
------------------------------------------  -----  ---------  --------  ----------  --------------  -------------------
/opt/airflow/dags/logidata_pipeline_dag.py                           1           0  0.51s           2026-04-20T18:47:53
================================================================================
[2026-04-20T18:48:30.698+0000] {manager.py:738} INFO - Searching for files in /opt/airflow/dags
[2026-04-20T18:48:30.715+0000] {manager.py:741} INFO - There are 1 files in /opt/airflow/dags
[2026-04-20T18:48:43.096+0000] {manager.py:879} INFO - 
================================================================================
DAG File Processing Stats

File Path                                   PID    Runtime      # DAGs    # Errors  Last Runtime    Last Run
------------------------------------------  -----  ---------  --------  ----------  --------------  -------------------
/opt/airflow/dags/logidata_pipeline_dag.py                           1           0  0.51s           2026-04-20T18:48:24
================================================================================
[2026-04-20T18:49:14.376+0000] {manager.py:879} INFO - 
================================================================================
DAG File Processing Stats

File Path                                   PID    Runtime      # DAGs    # Errors  Last Runtime    Last Run
------------------------------------------  -----  ---------  --------  ----------  --------------  -------------------
/opt/airflow/dags/logidata_pipeline_dag.py                           1           0  0.51s           2026-04-20T18:48:55
================================================================================
[2026-04-20T18:49:45.237+0000] {manager.py:879} INFO - 
================================================================================
DAG File Processing Stats

File Path                                   PID    Runtime      # DAGs    # Errors  Last Runtime    Last Run
------------------------------------------  -----  ---------  --------  ----------  --------------  -------------------
/opt/airflow/dags/logidata_pipeline_dag.py                           1           0  0.61s           2026-04-20T18:49:27
================================================================================
[2026-04-20T18:50:16.040+0000] {manager.py:879} INFO - 
================================================================================
DAG File Processing Stats

File Path                                   PID    Runtime      # DAGs    # Errors  Last Runtime    Last Run
------------------------------------------  -----  ---------  --------  ----------  --------------  -------------------
/opt/airflow/dags/logidata_pipeline_dag.py                           1           0  0.51s           2026-04-20T18:49:57
================================================================================
[2026-04-20T18:50:48.995+0000] {manager.py:879} INFO - 
================================================================================
DAG File Processing Stats

File Path                                   PID    Runtime      # DAGs    # Errors  Last Runtime    Last Run
------------------------------------------  -----  ---------  --------  ----------  --------------  -------------------
/opt/airflow/dags/logidata_pipeline_dag.py                           1           0  0.40s           2026-04-20T18:50:28
================================================================================
[2026-04-20T18:51:21.912+0000] {manager.py:879} INFO - 
================================================================================
DAG File Processing Stats

File Path                                   PID    Runtime      # DAGs    # Errors  Last Runtime    Last Run
------------------------------------------  -----  ---------  --------  ----------  --------------  -------------------
/opt/airflow/dags/logidata_pipeline_dag.py                           1           0  0.51s           2026-04-20T18:50:59
================================================================================
[2026-04-20T18:51:52.846+0000] {manager.py:879} INFO - 
================================================================================
DAG File Processing Stats

File Path                                   PID    Runtime      # DAGs    # Errors  Last Runtime    Last Run
------------------------------------------  -----  ---------  --------  ----------  --------------  -------------------
/opt/airflow/dags/logidata_pipeline_dag.py                           1           0  0.41s           2026-04-20T18:51:30
================================================================================
[2026-04-20T18:52:23.453+0000] {manager.py:879} INFO - 
================================================================================
DAG File Processing Stats

File Path                                   PID    Runtime      # DAGs    # Errors  Last Runtime    Last Run
------------------------------------------  -----  ---------  --------  ----------  --------------  -------------------
/opt/airflow/dags/logidata_pipeline_dag.py                           1           0  0.51s           2026-04-20T18:52:02
================================================================================
[2026-04-20T18:52:54.819+0000] {manager.py:879} INFO - 
================================================================================
DAG File Processing Stats

File Path                                   PID    Runtime      # DAGs    # Errors  Last Runtime    Last Run
------------------------------------------  -----  ---------  --------  ----------  --------------  -------------------
/opt/airflow/dags/logidata_pipeline_dag.py                           1           0  0.51s           2026-04-20T18:52:33
================================================================================
[2026-04-20T18:53:27.803+0000] {manager.py:879} INFO - 
================================================================================
DAG File Processing Stats

File Path                                   PID    Runtime      # DAGs    # Errors  Last Runtime    Last Run
------------------------------------------  -----  ---------  --------  ----------  --------------  -------------------
/opt/airflow/dags/logidata_pipeline_dag.py                           1           0  0.50s           2026-04-20T18:53:03
================================================================================
[2026-04-20T18:53:31.655+0000] {manager.py:738} INFO - Searching for files in /opt/airflow/dags
[2026-04-20T18:53:31.705+0000] {manager.py:741} INFO - There are 1 files in /opt/airflow/dags
[2026-04-20T18:54:03.567+0000] {manager.py:879} INFO - 
================================================================================
DAG File Processing Stats

File Path                                   PID    Runtime      # DAGs    # Errors  Last Runtime    Last Run
------------------------------------------  -----  ---------  --------  ----------  --------------  -------------------
/opt/airflow/dags/logidata_pipeline_dag.py                           1           0  0.41s           2026-04-20T18:53:34
================================================================================
[2026-04-20T18:54:34.635+0000] {manager.py:879} INFO - 
================================================================================
DAG File Processing Stats

File Path                                   PID    Runtime      # DAGs    # Errors  Last Runtime    Last Run
------------------------------------------  -----  ---------  --------  ----------  --------------  -------------------
/opt/airflow/dags/logidata_pipeline_dag.py                           1           0  0.41s           2026-04-20T18:54:06
================================================================================
[2026-04-20T18:55:06.040+0000] {manager.py:879} INFO - 
================================================================================
DAG File Processing Stats

File Path                                   PID    Runtime      # DAGs    # Errors  Last Runtime    Last Run
------------------------------------------  -----  ---------  --------  ----------  --------------  -------------------
/opt/airflow/dags/logidata_pipeline_dag.py                           1           0  0.71s           2026-04-20T18:54:37
================================================================================
[2026-04-20T18:55:36.743+0000] {manager.py:879} INFO - 
================================================================================
DAG File Processing Stats

File Path                                   PID    Runtime      # DAGs    # Errors  Last Runtime    Last Run
------------------------------------------  -----  ---------  --------  ----------  --------------  -------------------
/opt/airflow/dags/logidata_pipeline_dag.py                           1           0  0.61s           2026-04-20T18:55:09
================================================================================
[2026-04-20T18:56:10.581+0000] {manager.py:879} INFO - 
================================================================================
DAG File Processing Stats

File Path                                   PID    Runtime      # DAGs    # Errors  Last Runtime    Last Run
------------------------------------------  -----  ---------  --------  ----------  --------------  -------------------
/opt/airflow/dags/logidata_pipeline_dag.py                           1           0  0.41s           2026-04-20T18:56:10
================================================================================
[2026-04-20T18:56:43.492+0000] {manager.py:879} INFO - 
================================================================================
DAG File Processing Stats

File Path                                   PID    Runtime      # DAGs    # Errors  Last Runtime    Last Run
------------------------------------------  -----  ---------  --------  ----------  --------------  -------------------
/opt/airflow/dags/logidata_pipeline_dag.py                           1           0  0.51s           2026-04-20T18:56:42
================================================================================
[2026-04-20T18:57:16.568+0000] {manager.py:879} INFO - 
================================================================================
DAG File Processing Stats

File Path                                   PID    Runtime      # DAGs    # Errors  Last Runtime    Last Run
------------------------------------------  -----  ---------  --------  ----------  --------------  -------------------
/opt/airflow/dags/logidata_pipeline_dag.py                           1           0  0.51s           2026-04-20T18:57:14
================================================================================
[2026-04-20T18:57:47.499+0000] {manager.py:879} INFO - 
================================================================================
DAG File Processing Stats

File Path                                   PID    Runtime      # DAGs    # Errors  Last Runtime    Last Run
------------------------------------------  -----  ---------  --------  ----------  --------------  -------------------
/opt/airflow/dags/logidata_pipeline_dag.py                           1           0  0.62s           2026-04-20T18:57:45
================================================================================
[2026-04-20T18:58:18.996+0000] {manager.py:879} INFO - 
================================================================================
DAG File Processing Stats

File Path                                   PID    Runtime      # DAGs    # Errors  Last Runtime    Last Run
------------------------------------------  -----  ---------  --------  ----------  --------------  -------------------
/opt/airflow/dags/logidata_pipeline_dag.py                           1           0  0.51s           2026-04-20T18:58:16
================================================================================
[2026-04-20T18:58:31.662+0000] {manager.py:738} INFO - Searching for files in /opt/airflow/dags
[2026-04-20T18:58:31.718+0000] {manager.py:741} INFO - There are 1 files in /opt/airflow/dags
[2026-04-20T18:58:52.049+0000] {manager.py:879} INFO - 
================================================================================
DAG File Processing Stats

File Path                                   PID    Runtime      # DAGs    # Errors  Last Runtime    Last Run
------------------------------------------  -----  ---------  --------  ----------  --------------  -------------------
/opt/airflow/dags/logidata_pipeline_dag.py                           1           0  0.51s           2026-04-20T18:58:50
================================================================================
[2026-04-20T18:59:24.933+0000] {manager.py:879} INFO - 
================================================================================
DAG File Processing Stats

File Path                                   PID    Runtime      # DAGs    # Errors  Last Runtime    Last Run
------------------------------------------  -----  ---------  --------  ----------  --------------  -------------------
/opt/airflow/dags/logidata_pipeline_dag.py                           1           0  0.51s           2026-04-20T18:59:22
================================================================================
[2026-04-20T18:59:57.994+0000] {manager.py:879} INFO - 
================================================================================
DAG File Processing Stats

File Path                                   PID    Runtime      # DAGs    # Errors  Last Runtime    Last Run
------------------------------------------  -----  ---------  --------  ----------  --------------  -------------------
/opt/airflow/dags/logidata_pipeline_dag.py                           1           0  0.51s           2026-04-20T18:59:55
================================================================================
[2026-04-20T19:00:30.935+0000] {manager.py:879} INFO - 
================================================================================
DAG File Processing Stats

File Path                                   PID    Runtime      # DAGs    # Errors  Last Runtime    Last Run
------------------------------------------  -----  ---------  --------  ----------  --------------  -------------------
/opt/airflow/dags/logidata_pipeline_dag.py                           1           0  0.51s           2026-04-20T19:00:27
================================================================================
[2026-04-20T19:01:02.240+0000] {manager.py:879} INFO - 
================================================================================
DAG File Processing Stats

File Path                                   PID    Runtime      # DAGs    # Errors  Last Runtime    Last Run
------------------------------------------  -----  ---------  --------  ----------  --------------  -------------------
/opt/airflow/dags/logidata_pipeline_dag.py                           1           0  0.41s           2026-04-20T19:00:59
================================================================================
[2026-04-20T19:01:33.291+0000] {manager.py:879} INFO - 
================================================================================
DAG File Processing Stats

File Path                                   PID    Runtime      # DAGs    # Errors  Last Runtime    Last Run
------------------------------------------  -----  ---------  --------  ----------  --------------  -------------------
/opt/airflow/dags/logidata_pipeline_dag.py                           1           0  0.51s           2026-04-20T19:01:29
================================================================================
[2026-04-20T19:02:04.058+0000] {manager.py:879} INFO - 
================================================================================
DAG File Processing Stats

File Path                                   PID    Runtime      # DAGs    # Errors  Last Runtime    Last Run
------------------------------------------  -----  ---------  --------  ----------  --------------  -------------------
/opt/airflow/dags/logidata_pipeline_dag.py                           1           0  0.51s           2026-04-20T19:02:00
================================================================================
[2026-04-20T19:02:37.018+0000] {manager.py:879} INFO - 
================================================================================
DAG File Processing Stats

File Path                                   PID    Runtime      # DAGs    # Errors  Last Runtime    Last Run
------------------------------------------  -----  ---------  --------  ----------  --------------  -------------------
/opt/airflow/dags/logidata_pipeline_dag.py                           1           0  0.41s           2026-04-20T19:02:32
================================================================================
[2026-04-20T19:03:10.963+0000] {manager.py:879} INFO - 
================================================================================
DAG File Processing Stats

File Path                                   PID    Runtime      # DAGs    # Errors  Last Runtime    Last Run
------------------------------------------  -----  ---------  --------  ----------  --------------  -------------------
/opt/airflow/dags/logidata_pipeline_dag.py                           1           0  0.51s           2026-04-20T19:03:06
================================================================================
[2026-04-20T19:06:52.882+0000] {manager.py:451} INFO - Exiting gracefully upon receiving signal 15
[2026-04-20T19:06:53.247+0000] {manager.py:469} INFO - Processing files using up to 1 processes at a time 
[2026-04-20T19:06:53.248+0000] {manager.py:470} INFO - Process each file at most once every 30 seconds
[2026-04-20T19:06:53.248+0000] {manager.py:471} INFO - Checking for new files in /opt/airflow/dags every 300 seconds
[2026-04-20T19:06:53.249+0000] {manager.py:738} INFO - Searching for files in /opt/airflow/dags
[2026-04-20T19:06:53.272+0000] {manager.py:741} INFO - There are 1 files in /opt/airflow/dags
[2026-04-20T19:06:53.984+0000] {manager.py:879} INFO - 
================================================================================
DAG File Processing Stats

File Path                                   PID    Runtime      # DAGs    # Errors  Last Runtime    Last Run
------------------------------------------  -----  ---------  --------  ----------  --------------  -------------------
/opt/airflow/dags/logidata_pipeline_dag.py                           1           0  0.61s           2026-04-20T19:06:53
================================================================================
[2026-04-20T19:08:25.201+0000] {manager.py:451} INFO - Exiting gracefully upon receiving signal 15
[2026-04-20T19:08:25.491+0000] {manager.py:469} INFO - Processing files using up to 1 processes at a time 
[2026-04-20T19:08:25.492+0000] {manager.py:470} INFO - Process each file at most once every 30 seconds
[2026-04-20T19:08:25.492+0000] {manager.py:471} INFO - Checking for new files in /opt/airflow/dags every 300 seconds
[2026-04-20T19:08:25.493+0000] {manager.py:738} INFO - Searching for files in /opt/airflow/dags
[2026-04-20T19:08:25.514+0000] {manager.py:741} INFO - There are 1 files in /opt/airflow/dags
[2026-04-20T19:08:26.007+0000] {manager.py:879} INFO - 
================================================================================
DAG File Processing Stats

File Path                                   PID    Runtime      # DAGs    # Errors  Last Runtime    Last Run
------------------------------------------  -----  ---------  --------  ----------  --------------  -------------------
/opt/airflow/dags/logidata_pipeline_dag.py                           1           0  0.42s           2026-04-20T19:08:26
================================================================================
[2026-04-20T19:13:15.919+0000] {manager.py:451} INFO - Exiting gracefully upon receiving signal 15
[2026-04-20T19:13:16.245+0000] {manager.py:469} INFO - Processing files using up to 1 processes at a time 
[2026-04-20T19:13:16.247+0000] {manager.py:470} INFO - Process each file at most once every 30 seconds
[2026-04-20T19:13:16.248+0000] {manager.py:471} INFO - Checking for new files in /opt/airflow/dags every 300 seconds
[2026-04-20T19:13:16.248+0000] {manager.py:738} INFO - Searching for files in /opt/airflow/dags
[2026-04-20T19:13:16.266+0000] {manager.py:741} INFO - There are 1 files in /opt/airflow/dags
[2026-04-20T19:13:16.848+0000] {manager.py:879} INFO - 
================================================================================
DAG File Processing Stats

File Path                                   PID    Runtime      # DAGs    # Errors  Last Runtime    Last Run
------------------------------------------  -----  ---------  --------  ----------  --------------  -------------------
/opt/airflow/dags/logidata_pipeline_dag.py                           1           0  0.51s           2026-04-20T19:13:16
================================================================================
[2026-04-20T19:13:59.887+0000] {manager.py:879} INFO - 
================================================================================
DAG File Processing Stats

File Path                                   PID    Runtime      # DAGs    # Errors  Last Runtime    Last Run
------------------------------------------  -----  ---------  --------  ----------  --------------  -------------------
/opt/airflow/dags/logidata_pipeline_dag.py                           1           0  0.40s           2026-04-20T19:13:59
================================================================================
[2026-04-20T19:14:30.682+0000] {manager.py:879} INFO - 
================================================================================
DAG File Processing Stats

File Path                                   PID    Runtime      # DAGs    # Errors  Last Runtime    Last Run
------------------------------------------  -----  ---------  --------  ----------  --------------  -------------------
/opt/airflow/dags/logidata_pipeline_dag.py                           1           0  0.40s           2026-04-20T19:14:30
================================================================================
[2026-04-20T19:15:01.670+0000] {manager.py:879} INFO - 
================================================================================
DAG File Processing Stats

File Path                                   PID    Runtime      # DAGs    # Errors  Last Runtime    Last Run
------------------------------------------  -----  ---------  --------  ----------  --------------  -------------------
/opt/airflow/dags/logidata_pipeline_dag.py                           1           0  0.41s           2026-04-20T19:15:01
================================================================================
[2026-04-20T19:15:33.108+0000] {manager.py:879} INFO - 
================================================================================
DAG File Processing Stats

File Path                                   PID    Runtime      # DAGs    # Errors  Last Runtime    Last Run
------------------------------------------  -----  ---------  --------  ----------  --------------  -------------------
/opt/airflow/dags/logidata_pipeline_dag.py                           1           0  0.58s           2026-04-20T19:15:32
================================================================================
[2026-04-20T19:16:06.211+0000] {manager.py:879} INFO - 
================================================================================
DAG File Processing Stats

File Path                                   PID    Runtime      # DAGs    # Errors  Last Runtime    Last Run
------------------------------------------  -----  ---------  --------  ----------  --------------  -------------------
/opt/airflow/dags/logidata_pipeline_dag.py                           1           0  0.31s           2026-04-20T19:16:03
================================================================================
[2026-04-20T19:16:39.231+0000] {manager.py:879} INFO - 
================================================================================
DAG File Processing Stats

File Path                                   PID    Runtime      # DAGs    # Errors  Last Runtime    Last Run
------------------------------------------  -----  ---------  --------  ----------  --------------  -------------------
/opt/airflow/dags/logidata_pipeline_dag.py                           1           0  0.41s           2026-04-20T19:16:33
================================================================================
[2026-04-20T19:17:10.107+0000] {manager.py:879} INFO - 
================================================================================
DAG File Processing Stats

File Path                                   PID    Runtime      # DAGs    # Errors  Last Runtime    Last Run
------------------------------------------  -----  ---------  --------  ----------  --------------  -------------------
/opt/airflow/dags/logidata_pipeline_dag.py                           1           0  0.31s           2026-04-20T19:17:04
================================================================================
[2026-04-20T19:17:41.392+0000] {manager.py:879} INFO - 
================================================================================
DAG File Processing Stats

File Path                                   PID    Runtime      # DAGs    # Errors  Last Runtime    Last Run
------------------------------------------  -----  ---------  --------  ----------  --------------  -------------------
/opt/airflow/dags/logidata_pipeline_dag.py                           1           0  0.31s           2026-04-20T19:17:35
================================================================================
[2026-04-20T19:18:12.292+0000] {manager.py:879} INFO - 
================================================================================
DAG File Processing Stats

File Path                                   PID    Runtime      # DAGs    # Errors  Last Runtime    Last Run
------------------------------------------  -----  ---------  --------  ----------  --------------  -------------------
/opt/airflow/dags/logidata_pipeline_dag.py                           1           0  0.31s           2026-04-20T19:18:06
================================================================================
[2026-04-20T19:18:17.507+0000] {manager.py:738} INFO - Searching for files in /opt/airflow/dags
[2026-04-20T19:18:17.571+0000] {manager.py:741} INFO - There are 1 files in /opt/airflow/dags
[2026-04-20T19:18:45.104+0000] {manager.py:879} INFO - 
================================================================================
DAG File Processing Stats

File Path                                   PID    Runtime      # DAGs    # Errors  Last Runtime    Last Run
------------------------------------------  -----  ---------  --------  ----------  --------------  -------------------
/opt/airflow/dags/logidata_pipeline_dag.py                           1           0  0.31s           2026-04-20T19:18:37
================================================================================
[2026-04-20T19:19:18.691+0000] {manager.py:879} INFO - 
================================================================================
DAG File Processing Stats

File Path                                   PID    Runtime      # DAGs    # Errors  Last Runtime    Last Run
------------------------------------------  -----  ---------  --------  ----------  --------------  -------------------
/opt/airflow/dags/logidata_pipeline_dag.py                           1           0  0.31s           2026-04-20T19:19:08
================================================================================
[2026-04-20T19:19:51.756+0000] {manager.py:879} INFO - 
================================================================================
DAG File Processing Stats

File Path                                   PID    Runtime      # DAGs    # Errors  Last Runtime    Last Run
------------------------------------------  -----  ---------  --------  ----------  --------------  -------------------
/opt/airflow/dags/logidata_pipeline_dag.py                           1           0  0.31s           2026-04-20T19:19:39
================================================================================
[2026-04-20T19:20:23.142+0000] {manager.py:879} INFO - 
================================================================================
DAG File Processing Stats

File Path                                   PID    Runtime      # DAGs    # Errors  Last Runtime    Last Run
------------------------------------------  -----  ---------  --------  ----------  --------------  -------------------
/opt/airflow/dags/logidata_pipeline_dag.py                           1           0  0.31s           2026-04-20T19:20:09
================================================================================
[2026-04-20T19:20:55.455+0000] {manager.py:879} INFO - 
================================================================================
DAG File Processing Stats

File Path                                   PID    Runtime      # DAGs    # Errors  Last Runtime    Last Run
------------------------------------------  -----  ---------  --------  ----------  --------------  -------------------
/opt/airflow/dags/logidata_pipeline_dag.py                           1           0  0.31s           2026-04-20T19:20:40
================================================================================
[2026-04-20T19:21:28.607+0000] {manager.py:879} INFO - 
================================================================================
DAG File Processing Stats

File Path                                   PID    Runtime      # DAGs    # Errors  Last Runtime    Last Run
------------------------------------------  -----  ---------  --------  ----------  --------------  -------------------
/opt/airflow/dags/logidata_pipeline_dag.py                           1           0  0.30s           2026-04-20T19:21:11
================================================================================
[2026-04-20T19:22:01.535+0000] {manager.py:879} INFO - 
================================================================================
DAG File Processing Stats

File Path                                   PID    Runtime      # DAGs    # Errors  Last Runtime    Last Run
------------------------------------------  -----  ---------  --------  ----------  --------------  -------------------
/opt/airflow/dags/logidata_pipeline_dag.py                           1           0  0.41s           2026-04-20T19:21:42
================================================================================
[2026-04-20T19:22:34.656+0000] {manager.py:879} INFO - 
================================================================================
DAG File Processing Stats

File Path                                   PID    Runtime      # DAGs    # Errors  Last Runtime    Last Run
------------------------------------------  -----  ---------  --------  ----------  --------------  -------------------
/opt/airflow/dags/logidata_pipeline_dag.py                           1           0  0.31s           2026-04-20T19:22:14
================================================================================
[2026-04-20T19:23:06.666+0000] {manager.py:879} INFO - 
================================================================================
DAG File Processing Stats

File Path                                   PID    Runtime      # DAGs    # Errors  Last Runtime    Last Run
------------------------------------------  -----  ---------  --------  ----------  --------------  -------------------
/opt/airflow/dags/logidata_pipeline_dag.py                           1           0  0.41s           2026-04-20T19:22:45
================================================================================
[2026-04-20T19:23:17.932+0000] {manager.py:738} INFO - Searching for files in /opt/airflow/dags
[2026-04-20T19:23:17.974+0000] {manager.py:741} INFO - There are 1 files in /opt/airflow/dags
[2026-04-20T19:23:37.635+0000] {manager.py:879} INFO - 
================================================================================
DAG File Processing Stats

File Path                                   PID    Runtime      # DAGs    # Errors  Last Runtime    Last Run
------------------------------------------  -----  ---------  --------  ----------  --------------  -------------------
/opt/airflow/dags/logidata_pipeline_dag.py                           1           0  0.31s           2026-04-20T19:23:16
================================================================================
[2026-04-20T19:24:08.568+0000] {manager.py:879} INFO - 
================================================================================
DAG File Processing Stats

File Path                                   PID    Runtime      # DAGs    # Errors  Last Runtime    Last Run
------------------------------------------  -----  ---------  --------  ----------  --------------  -------------------
/opt/airflow/dags/logidata_pipeline_dag.py                           1           0  0.31s           2026-04-20T19:23:47
================================================================================
[2026-04-20T19:24:41.720+0000] {manager.py:879} INFO - 
================================================================================
DAG File Processing Stats

File Path                                   PID    Runtime      # DAGs    # Errors  Last Runtime    Last Run
------------------------------------------  -----  ---------  --------  ----------  --------------  -------------------
/opt/airflow/dags/logidata_pipeline_dag.py                           1           0  0.41s           2026-04-20T19:24:18
================================================================================
[2026-04-20T19:25:15.134+0000] {manager.py:879} INFO - 
================================================================================
DAG File Processing Stats

File Path                                   PID    Runtime      # DAGs    # Errors  Last Runtime    Last Run
------------------------------------------  -----  ---------  --------  ----------  --------------  -------------------
/opt/airflow/dags/logidata_pipeline_dag.py                           1           0  0.41s           2026-04-20T19:24:50
================================================================================
[2026-04-20T19:25:48.496+0000] {manager.py:879} INFO - 
================================================================================
DAG File Processing Stats

File Path                                   PID    Runtime      # DAGs    # Errors  Last Runtime    Last Run
------------------------------------------  -----  ---------  --------  ----------  --------------  -------------------
/opt/airflow/dags/logidata_pipeline_dag.py                           1           0  0.30s           2026-04-20T19:25:20
================================================================================
[2026-04-20T19:26:19.685+0000] {manager.py:879} INFO - 
================================================================================
DAG File Processing Stats

File Path                                   PID    Runtime      # DAGs    # Errors  Last Runtime    Last Run
------------------------------------------  -----  ---------  --------  ----------  --------------  -------------------
/opt/airflow/dags/logidata_pipeline_dag.py                           1           0  0.51s           2026-04-20T19:25:52
================================================================================
[2026-04-20T19:26:50.661+0000] {manager.py:879} INFO - 
================================================================================
DAG File Processing Stats

File Path                                   PID    Runtime      # DAGs    # Errors  Last Runtime    Last Run
------------------------------------------  -----  ---------  --------  ----------  --------------  -------------------
/opt/airflow/dags/logidata_pipeline_dag.py                           1           0  0.31s           2026-04-20T19:26:23
================================================================================
[2026-04-20T19:27:22.167+0000] {manager.py:879} INFO - 
================================================================================
DAG File Processing Stats

File Path                                   PID    Runtime      # DAGs    # Errors  Last Runtime    Last Run
------------------------------------------  -----  ---------  --------  ----------  --------------  -------------------
/opt/airflow/dags/logidata_pipeline_dag.py                           1           0  0.31s           2026-04-20T19:26:53
================================================================================
[2026-04-20T19:27:55.600+0000] {manager.py:879} INFO - 
================================================================================
DAG File Processing Stats

File Path                                   PID    Runtime      # DAGs    # Errors  Last Runtime    Last Run
------------------------------------------  -----  ---------  --------  ----------  --------------  -------------------
/opt/airflow/dags/logidata_pipeline_dag.py                           1           0  0.31s           2026-04-20T19:27:55
================================================================================
[2026-04-20T19:28:18.146+0000] {manager.py:738} INFO - Searching for files in /opt/airflow/dags
[2026-04-20T19:28:18.163+0000] {manager.py:741} INFO - There are 1 files in /opt/airflow/dags
[2026-04-20T19:28:28.490+0000] {manager.py:879} INFO - 
================================================================================
DAG File Processing Stats

File Path                                   PID    Runtime      # DAGs    # Errors  Last Runtime    Last Run
------------------------------------------  -----  ---------  --------  ----------  --------------  -------------------
/opt/airflow/dags/logidata_pipeline_dag.py                           1           0  0.32s           2026-04-20T19:28:26
================================================================================
[2026-04-20T19:28:59.334+0000] {manager.py:879} INFO - 
================================================================================
DAG File Processing Stats

File Path                                   PID    Runtime      # DAGs    # Errors  Last Runtime    Last Run
------------------------------------------  -----  ---------  --------  ----------  --------------  -------------------
/opt/airflow/dags/logidata_pipeline_dag.py                           1           0  0.31s           2026-04-20T19:28:56
================================================================================
[2026-04-20T19:29:30.616+0000] {manager.py:879} INFO - 
================================================================================
DAG File Processing Stats

File Path                                   PID    Runtime      # DAGs    # Errors  Last Runtime    Last Run
------------------------------------------  -----  ---------  --------  ----------  --------------  -------------------
/opt/airflow/dags/logidata_pipeline_dag.py                           1           0  0.32s           2026-04-20T19:29:27
================================================================================
[2026-04-20T19:26:50.310+0000] {manager.py:879} INFO - 
================================================================================
DAG File Processing Stats

File Path                                   PID    Runtime      # DAGs    # Errors  Last Runtime    Last Run
------------------------------------------  -----  ---------  --------  ----------  --------------  -------------------
/opt/airflow/dags/logidata_pipeline_dag.py                           1           0  0.32s           2026-04-20T19:29:27
================================================================================
[2026-04-20T19:30:31.983+0000] {manager.py:879} INFO - 
================================================================================
DAG File Processing Stats

File Path                                   PID    Runtime      # DAGs    # Errors  Last Runtime    Last Run
------------------------------------------  -----  ---------  --------  ----------  --------------  -------------------
/opt/airflow/dags/logidata_pipeline_dag.py                           1           0  0.31s           2026-04-20T19:30:10
================================================================================
[2026-04-20T19:31:04.430+0000] {manager.py:879} INFO - 
================================================================================
DAG File Processing Stats

File Path                                   PID    Runtime      # DAGs    # Errors  Last Runtime    Last Run
------------------------------------------  -----  ---------  --------  ----------  --------------  -------------------
/opt/airflow/dags/logidata_pipeline_dag.py                           1           0  0.31s           2026-04-20T19:30:41
================================================================================
[2026-04-20T19:31:37.445+0000] {manager.py:879} INFO - 
================================================================================
DAG File Processing Stats

File Path                                   PID    Runtime      # DAGs    # Errors  Last Runtime    Last Run
------------------------------------------  -----  ---------  --------  ----------  --------------  -------------------
/opt/airflow/dags/logidata_pipeline_dag.py                           1           0  0.31s           2026-04-20T19:31:12
================================================================================
[2026-04-20T19:32:10.465+0000] {manager.py:879} INFO - 
================================================================================
DAG File Processing Stats

File Path                                   PID    Runtime      # DAGs    # Errors  Last Runtime    Last Run
------------------------------------------  -----  ---------  --------  ----------  --------------  -------------------
/opt/airflow/dags/logidata_pipeline_dag.py                           1           0  0.31s           2026-04-20T19:31:42
================================================================================
[2026-04-20T19:32:41.475+0000] {manager.py:879} INFO - 
================================================================================
DAG File Processing Stats

File Path                                   PID    Runtime      # DAGs    # Errors  Last Runtime    Last Run
------------------------------------------  -----  ---------  --------  ----------  --------------  -------------------
/opt/airflow/dags/logidata_pipeline_dag.py                           1           0  0.31s           2026-04-20T19:32:14
================================================================================
[2026-04-20T19:33:12.246+0000] {manager.py:879} INFO - 
================================================================================
DAG File Processing Stats

File Path                                   PID    Runtime      # DAGs    # Errors  Last Runtime    Last Run
------------------------------------------  -----  ---------  --------  ----------  --------------  -------------------
/opt/airflow/dags/logidata_pipeline_dag.py                           1           0  0.41s           2026-04-20T19:32:45
================================================================================
[2026-04-20T19:33:18.701+0000] {manager.py:738} INFO - Searching for files in /opt/airflow/dags
[2026-04-20T19:33:18.740+0000] {manager.py:741} INFO - There are 1 files in /opt/airflow/dags
[2026-04-20T19:33:43.582+0000] {manager.py:879} INFO - 
================================================================================
DAG File Processing Stats

File Path                                   PID    Runtime      # DAGs    # Errors  Last Runtime    Last Run
------------------------------------------  -----  ---------  --------  ----------  --------------  -------------------
/opt/airflow/dags/logidata_pipeline_dag.py                           1           0  0.31s           2026-04-20T19:33:16
================================================================================
[2026-04-20T19:34:16.578+0000] {manager.py:879} INFO - 
================================================================================
DAG File Processing Stats

File Path                                   PID    Runtime      # DAGs    # Errors  Last Runtime    Last Run
------------------------------------------  -----  ---------  --------  ----------  --------------  -------------------
/opt/airflow/dags/logidata_pipeline_dag.py                           1           0  0.41s           2026-04-20T19:33:47
================================================================================
[2026-04-20T19:34:49.610+0000] {manager.py:879} INFO - 
================================================================================
DAG File Processing Stats

File Path                                   PID    Runtime      # DAGs    # Errors  Last Runtime    Last Run
------------------------------------------  -----  ---------  --------  ----------  --------------  -------------------
/opt/airflow/dags/logidata_pipeline_dag.py                           1           0  0.51s           2026-04-20T19:34:49
================================================================================
[2026-04-20T19:35:20.868+0000] {manager.py:879} INFO - 
================================================================================
DAG File Processing Stats

File Path                                   PID    Runtime      # DAGs    # Errors  Last Runtime    Last Run
------------------------------------------  -----  ---------  --------  ----------  --------------  -------------------
/opt/airflow/dags/logidata_pipeline_dag.py                           1           0  0.31s           2026-04-20T19:35:20
================================================================================
[2026-04-20T19:35:52.194+0000] {manager.py:879} INFO - 
================================================================================
DAG File Processing Stats

File Path                                   PID    Runtime      # DAGs    # Errors  Last Runtime    Last Run
------------------------------------------  -----  ---------  --------  ----------  --------------  -------------------
/opt/airflow/dags/logidata_pipeline_dag.py                           1           0  0.31s           2026-04-20T19:35:51
================================================================================
[2026-04-20T19:36:23.738+0000] {manager.py:879} INFO - 
================================================================================
DAG File Processing Stats

File Path                                   PID    Runtime      # DAGs    # Errors  Last Runtime    Last Run
------------------------------------------  -----  ---------  --------  ----------  --------------  -------------------
/opt/airflow/dags/logidata_pipeline_dag.py                           1           0  0.41s           2026-04-20T19:36:22
================================================================================
[2026-04-20T19:36:55.223+0000] {manager.py:879} INFO - 
================================================================================
DAG File Processing Stats

File Path                                   PID    Runtime      # DAGs    # Errors  Last Runtime    Last Run
------------------------------------------  -----  ---------  --------  ----------  --------------  -------------------
/opt/airflow/dags/logidata_pipeline_dag.py                           1           0  0.93s           2026-04-20T19:36:54
================================================================================
[2026-04-20T19:37:25.839+0000] {manager.py:879} INFO - 
================================================================================
DAG File Processing Stats

File Path                                   PID    Runtime      # DAGs    # Errors  Last Runtime    Last Run
------------------------------------------  -----  ---------  --------  ----------  --------------  -------------------
/opt/airflow/dags/logidata_pipeline_dag.py                           1           0  0.73s           2026-04-20T19:37:25
================================================================================
[2026-04-20T19:37:59.345+0000] {manager.py:879} INFO - 
================================================================================
DAG File Processing Stats

File Path                                   PID    Runtime      # DAGs    # Errors  Last Runtime    Last Run
------------------------------------------  -----  ---------  --------  ----------  --------------  -------------------
/opt/airflow/dags/logidata_pipeline_dag.py                           1           0  0.31s           2026-04-20T19:37:56
================================================================================
[2026-04-20T19:38:20.114+0000] {manager.py:738} INFO - Searching for files in /opt/airflow/dags
[2026-04-20T19:38:20.278+0000] {manager.py:741} INFO - There are 1 files in /opt/airflow/dags
[2026-04-20T19:38:32.106+0000] {manager.py:879} INFO - 
================================================================================
DAG File Processing Stats

File Path                                   PID    Runtime      # DAGs    # Errors  Last Runtime    Last Run
------------------------------------------  -----  ---------  --------  ----------  --------------  -------------------
/opt/airflow/dags/logidata_pipeline_dag.py                           1           0  0.32s           2026-04-20T19:38:27
================================================================================
[2026-04-20T19:39:04.870+0000] {manager.py:879} INFO - 
================================================================================
DAG File Processing Stats

File Path                                   PID    Runtime      # DAGs    # Errors  Last Runtime    Last Run
------------------------------------------  -----  ---------  --------  ----------  --------------  -------------------
/opt/airflow/dags/logidata_pipeline_dag.py                           1           0  0.31s           2026-04-20T19:38:58
================================================================================
[2026-04-20T19:39:36.382+0000] {manager.py:879} INFO - 
================================================================================
DAG File Processing Stats

File Path                                   PID    Runtime      # DAGs    # Errors  Last Runtime    Last Run
------------------------------------------  -----  ---------  --------  ----------  --------------  -------------------
/opt/airflow/dags/logidata_pipeline_dag.py                           1           0  0.31s           2026-04-20T19:39:29
================================================================================
[2026-04-20T19:40:08.279+0000] {manager.py:879} INFO - 
================================================================================
DAG File Processing Stats

File Path                                   PID    Runtime      # DAGs    # Errors  Last Runtime    Last Run
------------------------------------------  -----  ---------  --------  ----------  --------------  -------------------
/opt/airflow/dags/logidata_pipeline_dag.py                           1           0  0.31s           2026-04-20T19:39:59
================================================================================
[2026-04-20T19:40:39.933+0000] {manager.py:879} INFO - 
================================================================================
DAG File Processing Stats

File Path                                   PID    Runtime      # DAGs    # Errors  Last Runtime    Last Run
------------------------------------------  -----  ---------  --------  ----------  --------------  -------------------
/opt/airflow/dags/logidata_pipeline_dag.py                           1           0  0.41s           2026-04-20T19:40:30
================================================================================
[2026-04-20T19:41:10.949+0000] {manager.py:879} INFO - 
================================================================================
DAG File Processing Stats

File Path                                   PID    Runtime      # DAGs    # Errors  Last Runtime    Last Run
------------------------------------------  -----  ---------  --------  ----------  --------------  -------------------
/opt/airflow/dags/logidata_pipeline_dag.py                           1           0  0.41s           2026-04-20T19:41:01
================================================================================
[2026-04-20T19:41:43.890+0000] {manager.py:879} INFO - 
================================================================================
DAG File Processing Stats

File Path                                   PID    Runtime      # DAGs    # Errors  Last Runtime    Last Run
------------------------------------------  -----  ---------  --------  ----------  --------------  -------------------
/opt/airflow/dags/logidata_pipeline_dag.py                           1           0  0.51s           2026-04-20T19:41:32
================================================================================
[2026-04-20T19:42:17.058+0000] {manager.py:879} INFO - 
================================================================================
DAG File Processing Stats

File Path                                   PID    Runtime      # DAGs    # Errors  Last Runtime    Last Run
------------------------------------------  -----  ---------  --------  ----------  --------------  -------------------
/opt/airflow/dags/logidata_pipeline_dag.py                           1           0  0.41s           2026-04-20T19:42:03
================================================================================
[2026-04-20T19:42:48.321+0000] {manager.py:879} INFO - 
================================================================================
DAG File Processing Stats

File Path                                   PID    Runtime      # DAGs    # Errors  Last Runtime    Last Run
------------------------------------------  -----  ---------  --------  ----------  --------------  -------------------
/opt/airflow/dags/logidata_pipeline_dag.py                           1           0  0.95s           2026-04-20T19:42:34
================================================================================
[2026-04-20T19:43:19.727+0000] {manager.py:879} INFO - 
================================================================================
DAG File Processing Stats

File Path                                   PID    Runtime      # DAGs    # Errors  Last Runtime    Last Run
------------------------------------------  -----  ---------  --------  ----------  --------------  -------------------
/opt/airflow/dags/logidata_pipeline_dag.py                           1           0  0.41s           2026-04-20T19:43:05
================================================================================
[2026-04-20T19:43:20.329+0000] {manager.py:738} INFO - Searching for files in /opt/airflow/dags
[2026-04-20T19:43:20.385+0000] {manager.py:741} INFO - There are 1 files in /opt/airflow/dags
[2026-04-20T19:43:53.395+0000] {manager.py:879} INFO - 
================================================================================
DAG File Processing Stats

File Path                                   PID    Runtime      # DAGs    # Errors  Last Runtime    Last Run
------------------------------------------  -----  ---------  --------  ----------  --------------  -------------------
/opt/airflow/dags/logidata_pipeline_dag.py                           1           0  0.31s           2026-04-20T19:43:36
================================================================================
[2026-04-20T19:44:26.720+0000] {manager.py:879} INFO - 
================================================================================
DAG File Processing Stats

File Path                                   PID    Runtime      # DAGs    # Errors  Last Runtime    Last Run
------------------------------------------  -----  ---------  --------  ----------  --------------  -------------------
/opt/airflow/dags/logidata_pipeline_dag.py                           1           0  0.31s           2026-04-20T19:44:09
================================================================================
[2026-04-20T19:45:00.105+0000] {manager.py:879} INFO - 
================================================================================
DAG File Processing Stats

File Path                                   PID    Runtime      # DAGs    # Errors  Last Runtime    Last Run
------------------------------------------  -----  ---------  --------  ----------  --------------  -------------------
/opt/airflow/dags/logidata_pipeline_dag.py                           1           0  0.41s           2026-04-20T19:44:41
================================================================================
[2026-04-20T19:45:31.152+0000] {manager.py:879} INFO - 
================================================================================
DAG File Processing Stats

File Path                                   PID    Runtime      # DAGs    # Errors  Last Runtime    Last Run
------------------------------------------  -----  ---------  --------  ----------  --------------  -------------------
/opt/airflow/dags/logidata_pipeline_dag.py                           1           0  0.41s           2026-04-20T19:45:13
================================================================================
[2026-04-20T19:46:01.932+0000] {manager.py:879} INFO - 
================================================================================
DAG File Processing Stats

File Path                                   PID    Runtime      # DAGs    # Errors  Last Runtime    Last Run
------------------------------------------  -----  ---------  --------  ----------  --------------  -------------------
/opt/airflow/dags/logidata_pipeline_dag.py                           1           0  0.41s           2026-04-20T19:45:44
================================================================================
[2026-04-20T19:46:33.136+0000] {manager.py:879} INFO - 
================================================================================
DAG File Processing Stats

File Path                                   PID    Runtime      # DAGs    # Errors  Last Runtime    Last Run
------------------------------------------  -----  ---------  --------  ----------  --------------  -------------------
/opt/airflow/dags/logidata_pipeline_dag.py                           1           0  0.41s           2026-04-20T19:46:15
================================================================================
[2026-04-20T19:47:06.059+0000] {manager.py:879} INFO - 
================================================================================
DAG File Processing Stats

File Path                                   PID    Runtime      # DAGs    # Errors  Last Runtime    Last Run
------------------------------------------  -----  ---------  --------  ----------  --------------  -------------------
/opt/airflow/dags/logidata_pipeline_dag.py                           1           0  0.41s           2026-04-20T19:46:47
================================================================================
[2026-04-20T19:47:39.441+0000] {manager.py:879} INFO - 
================================================================================
DAG File Processing Stats

File Path                                   PID    Runtime      # DAGs    # Errors  Last Runtime    Last Run
------------------------------------------  -----  ---------  --------  ----------  --------------  -------------------
/opt/airflow/dags/logidata_pipeline_dag.py                           1           0  0.31s           2026-04-20T19:47:19
================================================================================
[2026-04-20T19:48:10.851+0000] {manager.py:879} INFO - 
================================================================================
DAG File Processing Stats

File Path                                   PID    Runtime      # DAGs    # Errors  Last Runtime    Last Run
------------------------------------------  -----  ---------  --------  ----------  --------------  -------------------
/opt/airflow/dags/logidata_pipeline_dag.py                           1           0  0.32s           2026-04-20T19:47:50
================================================================================
[2026-04-20T19:48:21.364+0000] {manager.py:738} INFO - Searching for files in /opt/airflow/dags
[2026-04-20T19:48:21.430+0000] {manager.py:741} INFO - There are 1 files in /opt/airflow/dags
[2026-04-20T19:48:42.089+0000] {manager.py:879} INFO - 
================================================================================
DAG File Processing Stats

File Path                                   PID    Runtime      # DAGs    # Errors  Last Runtime    Last Run
------------------------------------------  -----  ---------  --------  ----------  --------------  -------------------
/opt/airflow/dags/logidata_pipeline_dag.py                           1           0  0.41s           2026-04-20T19:48:21
================================================================================
[2026-04-20T19:49:13.166+0000] {manager.py:879} INFO - 
================================================================================
DAG File Processing Stats

File Path                                   PID    Runtime      # DAGs    # Errors  Last Runtime    Last Run
------------------------------------------  -----  ---------  --------  ----------  --------------  -------------------
/opt/airflow/dags/logidata_pipeline_dag.py                           1           0  0.41s           2026-04-20T19:48:52
================================================================================
[2026-04-20T19:49:46.173+0000] {manager.py:879} INFO - 
================================================================================
DAG File Processing Stats

File Path                                   PID    Runtime      # DAGs    # Errors  Last Runtime    Last Run
------------------------------------------  -----  ---------  --------  ----------  --------------  -------------------
/opt/airflow/dags/logidata_pipeline_dag.py                           1           0  0.31s           2026-04-20T19:49:25
================================================================================
[2026-04-20T19:50:19.121+0000] {manager.py:879} INFO - 
================================================================================
DAG File Processing Stats

File Path                                   PID    Runtime      # DAGs    # Errors  Last Runtime    Last Run
------------------------------------------  -----  ---------  --------  ----------  --------------  -------------------
/opt/airflow/dags/logidata_pipeline_dag.py                           1           0  0.31s           2026-04-20T19:49:57
================================================================================
[2026-04-20T19:50:52.329+0000] {manager.py:879} INFO - 
================================================================================
DAG File Processing Stats

File Path                                   PID    Runtime      # DAGs    # Errors  Last Runtime    Last Run
------------------------------------------  -----  ---------  --------  ----------  --------------  -------------------
/opt/airflow/dags/logidata_pipeline_dag.py                           1           0  0.31s           2026-04-20T19:50:30
================================================================================
[2026-04-20T19:51:23.234+0000] {manager.py:879} INFO - 
================================================================================
DAG File Processing Stats

File Path                                   PID    Runtime      # DAGs    # Errors  Last Runtime    Last Run
------------------------------------------  -----  ---------  --------  ----------  --------------  -------------------
/opt/airflow/dags/logidata_pipeline_dag.py                           1           0  0.31s           2026-04-20T19:51:01
================================================================================
[2026-04-20T19:51:54.268+0000] {manager.py:879} INFO - 
================================================================================
DAG File Processing Stats

File Path                                   PID    Runtime      # DAGs    # Errors  Last Runtime    Last Run
------------------------------------------  -----  ---------  --------  ----------  --------------  -------------------
/opt/airflow/dags/logidata_pipeline_dag.py                           1           0  0.41s           2026-04-20T19:51:32
================================================================================
[2026-04-20T19:52:25.710+0000] {manager.py:879} INFO - 
================================================================================
DAG File Processing Stats

File Path                                   PID    Runtime      # DAGs    # Errors  Last Runtime    Last Run
------------------------------------------  -----  ---------  --------  ----------  --------------  -------------------
/opt/airflow/dags/logidata_pipeline_dag.py                           1           0  0.41s           2026-04-20T19:52:03
================================================================================
[2026-04-20T19:52:58.734+0000] {manager.py:879} INFO - 
================================================================================
DAG File Processing Stats

File Path                                   PID    Runtime      # DAGs    # Errors  Last Runtime    Last Run
------------------------------------------  -----  ---------  --------  ----------  --------------  -------------------
/opt/airflow/dags/logidata_pipeline_dag.py                           1           0  0.31s           2026-04-20T19:52:35
================================================================================
[2026-04-20T19:53:22.133+0000] {manager.py:738} INFO - Searching for files in /opt/airflow/dags
[2026-04-20T19:53:22.164+0000] {manager.py:741} INFO - There are 1 files in /opt/airflow/dags
[2026-04-20T19:53:31.887+0000] {manager.py:879} INFO - 
================================================================================
DAG File Processing Stats

File Path                                   PID    Runtime      # DAGs    # Errors  Last Runtime    Last Run
------------------------------------------  -----  ---------  --------  ----------  --------------  -------------------
/opt/airflow/dags/logidata_pipeline_dag.py                           1           0  0.52s           2026-04-20T19:53:08
================================================================================
[2026-04-20T19:54:04.638+0000] {manager.py:879} INFO - 
================================================================================
DAG File Processing Stats

File Path                                   PID    Runtime      # DAGs    # Errors  Last Runtime    Last Run
------------------------------------------  -----  ---------  --------  ----------  --------------  -------------------
/opt/airflow/dags/logidata_pipeline_dag.py                           1           0  0.32s           2026-04-20T19:53:41
================================================================================
[2026-04-20T19:54:35.942+0000] {manager.py:879} INFO - 
================================================================================
DAG File Processing Stats

File Path                                   PID    Runtime      # DAGs    # Errors  Last Runtime    Last Run
------------------------------------------  -----  ---------  --------  ----------  --------------  -------------------
/opt/airflow/dags/logidata_pipeline_dag.py                           1           0  0.31s           2026-04-20T19:54:12
================================================================================
[2026-04-20T19:55:07.369+0000] {manager.py:879} INFO - 
================================================================================
DAG File Processing Stats

File Path                                   PID    Runtime      # DAGs    # Errors  Last Runtime    Last Run
------------------------------------------  -----  ---------  --------  ----------  --------------  -------------------
/opt/airflow/dags/logidata_pipeline_dag.py                           1           0  0.31s           2026-04-20T19:54:43
================================================================================
[2026-04-20T19:55:38.304+0000] {manager.py:879} INFO - 
================================================================================
DAG File Processing Stats

File Path                                   PID    Runtime      # DAGs    # Errors  Last Runtime    Last Run
------------------------------------------  -----  ---------  --------  ----------  --------------  -------------------
/opt/airflow/dags/logidata_pipeline_dag.py                           1           0  0.31s           2026-04-20T19:55:14
================================================================================
[2026-04-20T19:56:11.641+0000] {manager.py:879} INFO - 
================================================================================
DAG File Processing Stats

File Path                                   PID    Runtime      # DAGs    # Errors  Last Runtime    Last Run
------------------------------------------  -----  ---------  --------  ----------  --------------  -------------------
/opt/airflow/dags/logidata_pipeline_dag.py                           1           0  0.31s           2026-04-20T19:55:46
================================================================================
[2026-04-20T19:56:45.266+0000] {manager.py:879} INFO - 
================================================================================
DAG File Processing Stats

File Path                                   PID    Runtime      # DAGs    # Errors  Last Runtime    Last Run
------------------------------------------  -----  ---------  --------  ----------  --------------  -------------------
/opt/airflow/dags/logidata_pipeline_dag.py                           1           0  0.32s           2026-04-20T19:56:20
================================================================================
[2026-04-20T19:57:19.077+0000] {manager.py:879} INFO - 
================================================================================
DAG File Processing Stats

File Path                                   PID    Runtime      # DAGs    # Errors  Last Runtime    Last Run
------------------------------------------  -----  ---------  --------  ----------  --------------  -------------------
/opt/airflow/dags/logidata_pipeline_dag.py                           1           0  0.31s           2026-04-20T19:56:52
================================================================================
[2026-04-20T19:57:50.178+0000] {manager.py:879} INFO - 
================================================================================
DAG File Processing Stats

File Path                                   PID    Runtime      # DAGs    # Errors  Last Runtime    Last Run
------------------------------------------  -----  ---------  --------  ----------  --------------  -------------------
/opt/airflow/dags/logidata_pipeline_dag.py                           1           0  1.42s           2026-04-20T19:57:25
================================================================================
[2026-04-20T19:58:20.880+0000] {manager.py:879} INFO - 
================================================================================
DAG File Processing Stats

File Path                                   PID    Runtime      # DAGs    # Errors  Last Runtime    Last Run
------------------------------------------  -----  ---------  --------  ----------  --------------  -------------------
/opt/airflow/dags/logidata_pipeline_dag.py                           1           0  0.32s           2026-04-20T19:57:56
================================================================================
[2026-04-20T19:58:22.296+0000] {manager.py:738} INFO - Searching for files in /opt/airflow/dags
[2026-04-20T19:58:22.317+0000] {manager.py:741} INFO - There are 1 files in /opt/airflow/dags
[2026-04-20T19:58:52.556+0000] {manager.py:879} INFO - 
================================================================================
DAG File Processing Stats

File Path                                   PID    Runtime      # DAGs    # Errors  Last Runtime    Last Run
------------------------------------------  -----  ---------  --------  ----------  --------------  -------------------
/opt/airflow/dags/logidata_pipeline_dag.py                           1           0  0.31s           2026-04-20T19:58:27
================================================================================
[2026-04-20T19:59:25.455+0000] {manager.py:879} INFO - 
================================================================================
DAG File Processing Stats

File Path                                   PID    Runtime      # DAGs    # Errors  Last Runtime    Last Run
------------------------------------------  -----  ---------  --------  ----------  --------------  -------------------
/opt/airflow/dags/logidata_pipeline_dag.py                           1           0  0.41s           2026-04-20T19:58:58
================================================================================
[2026-04-20T19:59:58.431+0000] {manager.py:879} INFO - 
================================================================================
DAG File Processing Stats

File Path                                   PID    Runtime      # DAGs    # Errors  Last Runtime    Last Run
------------------------------------------  -----  ---------  --------  ----------  --------------  -------------------
/opt/airflow/dags/logidata_pipeline_dag.py                           1           0  0.30s           2026-04-20T19:59:30
================================================================================
[2026-04-20T20:00:31.456+0000] {manager.py:879} INFO - 
================================================================================
DAG File Processing Stats

File Path                                   PID    Runtime      # DAGs    # Errors  Last Runtime    Last Run
------------------------------------------  -----  ---------  --------  ----------  --------------  -------------------
/opt/airflow/dags/logidata_pipeline_dag.py                           1           0  0.31s           2026-04-20T20:00:02
================================================================================
[2026-04-20T20:01:02.680+0000] {manager.py:879} INFO - 
================================================================================
DAG File Processing Stats

File Path                                   PID    Runtime      # DAGs    # Errors  Last Runtime    Last Run
------------------------------------------  -----  ---------  --------  ----------  --------------  -------------------
/opt/airflow/dags/logidata_pipeline_dag.py                           1           0  0.41s           2026-04-20T20:00:34
================================================================================
[2026-04-20T20:01:33.742+0000] {manager.py:879} INFO - 
================================================================================
DAG File Processing Stats

File Path                                   PID    Runtime      # DAGs    # Errors  Last Runtime    Last Run
------------------------------------------  -----  ---------  --------  ----------  --------------  -------------------
/opt/airflow/dags/logidata_pipeline_dag.py                           1           0  0.51s           2026-04-20T20:01:05
================================================================================
[2026-04-20T20:02:04.688+0000] {manager.py:879} INFO - 
================================================================================
DAG File Processing Stats

File Path                                   PID    Runtime      # DAGs    # Errors  Last Runtime    Last Run
------------------------------------------  -----  ---------  --------  ----------  --------------  -------------------
/opt/airflow/dags/logidata_pipeline_dag.py                           1           0  0.30s           2026-04-20T20:01:36
================================================================================
[2026-04-20T19:59:28.979+0000] {manager.py:879} INFO - 
================================================================================
DAG File Processing Stats

File Path                                   PID    Runtime      # DAGs    # Errors  Last Runtime    Last Run
------------------------------------------  -----  ---------  --------  ----------  --------------  -------------------
/opt/airflow/dags/logidata_pipeline_dag.py                           1           0  0.31s           2026-04-20T20:02:08
================================================================================
[2026-04-20T20:03:14.247+0000] {manager.py:879} INFO - 
================================================================================
DAG File Processing Stats

File Path                                   PID    Runtime      # DAGs    # Errors  Last Runtime    Last Run
------------------------------------------  -----  ---------  --------  ----------  --------------  -------------------
/opt/airflow/dags/logidata_pipeline_dag.py                           1           0  0.41s           2026-04-20T20:03:14
================================================================================
[2026-04-20T20:03:23.044+0000] {manager.py:738} INFO - Searching for files in /opt/airflow/dags
[2026-04-20T20:03:23.077+0000] {manager.py:741} INFO - There are 1 files in /opt/airflow/dags
[2026-04-20T20:03:45.670+0000] {manager.py:879} INFO - 
================================================================================
DAG File Processing Stats

File Path                                   PID    Runtime      # DAGs    # Errors  Last Runtime    Last Run
------------------------------------------  -----  ---------  --------  ----------  --------------  -------------------
/opt/airflow/dags/logidata_pipeline_dag.py                           1           0  0.41s           2026-04-20T20:03:45
================================================================================
[2026-04-20T20:04:16.580+0000] {manager.py:879} INFO - 
================================================================================
DAG File Processing Stats

File Path                                   PID    Runtime      # DAGs    # Errors  Last Runtime    Last Run
------------------------------------------  -----  ---------  --------  ----------  --------------  -------------------
/opt/airflow/dags/logidata_pipeline_dag.py                           1           0  0.31s           2026-04-20T20:04:16
================================================================================
[2026-04-20T20:04:48.017+0000] {manager.py:879} INFO - 
================================================================================
DAG File Processing Stats

File Path                                   PID    Runtime      # DAGs    # Errors  Last Runtime    Last Run
------------------------------------------  -----  ---------  --------  ----------  --------------  -------------------
/opt/airflow/dags/logidata_pipeline_dag.py                           1           0  0.32s           2026-04-20T20:04:47
================================================================================
[2026-04-20T20:05:20.808+0000] {manager.py:879} INFO - 
================================================================================
DAG File Processing Stats

File Path                                   PID    Runtime      # DAGs    # Errors  Last Runtime    Last Run
------------------------------------------  -----  ---------  --------  ----------  --------------  -------------------
/opt/airflow/dags/logidata_pipeline_dag.py                           1           0  0.41s           2026-04-20T20:05:19
================================================================================
[2026-04-20T20:05:54.025+0000] {manager.py:879} INFO - 
================================================================================
DAG File Processing Stats

File Path                                   PID    Runtime      # DAGs    # Errors  Last Runtime    Last Run
------------------------------------------  -----  ---------  --------  ----------  --------------  -------------------
/opt/airflow/dags/logidata_pipeline_dag.py                           1           0  0.31s           2026-04-20T20:05:51
================================================================================
[2026-04-20T20:06:27.029+0000] {manager.py:879} INFO - 
================================================================================
DAG File Processing Stats

File Path                                   PID    Runtime      # DAGs    # Errors  Last Runtime    Last Run
------------------------------------------  -----  ---------  --------  ----------  --------------  -------------------
/opt/airflow/dags/logidata_pipeline_dag.py                           1           0  0.51s           2026-04-20T20:06:24
================================================================================
[2026-04-20T20:06:58.206+0000] {manager.py:879} INFO - 
================================================================================
DAG File Processing Stats

File Path                                   PID    Runtime      # DAGs    # Errors  Last Runtime    Last Run
------------------------------------------  -----  ---------  --------  ----------  --------------  -------------------
/opt/airflow/dags/logidata_pipeline_dag.py                           1           0  0.31s           2026-04-20T20:06:56
================================================================================
[2026-04-20T20:07:29.353+0000] {manager.py:879} INFO - 
================================================================================
DAG File Processing Stats

File Path                                   PID    Runtime      # DAGs    # Errors  Last Runtime    Last Run
------------------------------------------  -----  ---------  --------  ----------  --------------  -------------------
/opt/airflow/dags/logidata_pipeline_dag.py                           1           0  0.31s           2026-04-20T20:07:27
================================================================================
[2026-04-20T20:08:02.379+0000] {manager.py:879} INFO - 
================================================================================
DAG File Processing Stats

File Path                                   PID    Runtime      # DAGs    # Errors  Last Runtime    Last Run
------------------------------------------  -----  ---------  --------  ----------  --------------  -------------------
/opt/airflow/dags/logidata_pipeline_dag.py                           1           0  0.31s           2026-04-20T20:07:59
================================================================================
[2026-04-20T20:08:23.823+0000] {manager.py:738} INFO - Searching for files in /opt/airflow/dags
[2026-04-20T20:08:23.854+0000] {manager.py:741} INFO - There are 1 files in /opt/airflow/dags
[2026-04-20T20:08:35.375+0000] {manager.py:879} INFO - 
================================================================================
DAG File Processing Stats

File Path                                   PID    Runtime      # DAGs    # Errors  Last Runtime    Last Run
------------------------------------------  -----  ---------  --------  ----------  --------------  -------------------
/opt/airflow/dags/logidata_pipeline_dag.py                           1           0  0.40s           2026-04-20T20:08:31
================================================================================
[2026-04-20T20:09:08.189+0000] {manager.py:879} INFO - 
================================================================================
DAG File Processing Stats

File Path                                   PID    Runtime      # DAGs    # Errors  Last Runtime    Last Run
------------------------------------------  -----  ---------  --------  ----------  --------------  -------------------
/opt/airflow/dags/logidata_pipeline_dag.py                           1           0  0.31s           2026-04-20T20:09:04
================================================================================
[2026-04-20T20:09:41.326+0000] {manager.py:879} INFO - 
================================================================================
DAG File Processing Stats

File Path                                   PID    Runtime      # DAGs    # Errors  Last Runtime    Last Run
------------------------------------------  -----  ---------  --------  ----------  --------------  -------------------
/opt/airflow/dags/logidata_pipeline_dag.py                           1           0  0.42s           2026-04-20T20:09:37
================================================================================
[2026-04-20T20:10:12.183+0000] {manager.py:879} INFO - 
================================================================================
DAG File Processing Stats

File Path                                   PID    Runtime      # DAGs    # Errors  Last Runtime    Last Run
------------------------------------------  -----  ---------  --------  ----------  --------------  -------------------
/opt/airflow/dags/logidata_pipeline_dag.py                           1           0  0.41s           2026-04-20T20:10:08
================================================================================
[2026-04-20T20:10:42.986+0000] {manager.py:879} INFO - 
================================================================================
DAG File Processing Stats

File Path                                   PID    Runtime      # DAGs    # Errors  Last Runtime    Last Run
------------------------------------------  -----  ---------  --------  ----------  --------------  -------------------
/opt/airflow/dags/logidata_pipeline_dag.py                           1           0  0.31s           2026-04-20T20:10:39
================================================================================
[2026-04-20T20:11:14.302+0000] {manager.py:879} INFO - 
================================================================================
DAG File Processing Stats

File Path                                   PID    Runtime      # DAGs    # Errors  Last Runtime    Last Run
------------------------------------------  -----  ---------  --------  ----------  --------------  -------------------
/opt/airflow/dags/logidata_pipeline_dag.py                           1           0  0.41s           2026-04-20T20:11:10
================================================================================
[2026-04-20T20:11:47.273+0000] {manager.py:879} INFO - 
================================================================================
DAG File Processing Stats

File Path                                   PID    Runtime      # DAGs    # Errors  Last Runtime    Last Run
------------------------------------------  -----  ---------  --------  ----------  --------------  -------------------
/opt/airflow/dags/logidata_pipeline_dag.py                           1           0  0.31s           2026-04-20T20:11:42
================================================================================
[2026-04-20T20:12:20.204+0000] {manager.py:879} INFO - 
================================================================================
DAG File Processing Stats

File Path                                   PID    Runtime      # DAGs    # Errors  Last Runtime    Last Run
------------------------------------------  -----  ---------  --------  ----------  --------------  -------------------
/opt/airflow/dags/logidata_pipeline_dag.py                           1           0  0.31s           2026-04-20T20:12:15
================================================================================
[2026-04-20T20:12:53.344+0000] {manager.py:879} INFO - 
================================================================================
DAG File Processing Stats

File Path                                   PID    Runtime      # DAGs    # Errors  Last Runtime    Last Run
------------------------------------------  -----  ---------  --------  ----------  --------------  -------------------
/opt/airflow/dags/logidata_pipeline_dag.py                           1           0  0.42s           2026-04-20T20:12:48
================================================================================
[2026-04-20T20:13:24.015+0000] {manager.py:738} INFO - Searching for files in /opt/airflow/dags
[2026-04-20T20:13:24.087+0000] {manager.py:741} INFO - There are 1 files in /opt/airflow/dags
[2026-04-20T20:13:24.710+0000] {manager.py:879} INFO - 
================================================================================
DAG File Processing Stats

File Path                                   PID    Runtime      # DAGs    # Errors  Last Runtime    Last Run
------------------------------------------  -----  ---------  --------  ----------  --------------  -------------------
/opt/airflow/dags/logidata_pipeline_dag.py                           1           0  0.31s           2026-04-20T20:13:18
================================================================================
[2026-04-20T20:13:55.888+0000] {manager.py:879} INFO - 
================================================================================
DAG File Processing Stats

File Path                                   PID    Runtime      # DAGs    # Errors  Last Runtime    Last Run
------------------------------------------  -----  ---------  --------  ----------  --------------  -------------------
/opt/airflow/dags/logidata_pipeline_dag.py                           1           0  0.42s           2026-04-20T20:13:49
================================================================================
[2026-04-20T20:14:26.733+0000] {manager.py:879} INFO - 
================================================================================
DAG File Processing Stats

File Path                                   PID    Runtime      # DAGs    # Errors  Last Runtime    Last Run
------------------------------------------  -----  ---------  --------  ----------  --------------  -------------------
/opt/airflow/dags/logidata_pipeline_dag.py                           1           0  0.31s           2026-04-20T20:14:20
================================================================================
[2026-04-20T20:14:59.644+0000] {manager.py:879} INFO - 
================================================================================
DAG File Processing Stats

File Path                                   PID    Runtime      # DAGs    # Errors  Last Runtime    Last Run
------------------------------------------  -----  ---------  --------  ----------  --------------  -------------------
/opt/airflow/dags/logidata_pipeline_dag.py                           1           0  0.31s           2026-04-20T20:14:52
================================================================================
[2026-04-20T20:15:32.586+0000] {manager.py:879} INFO - 
================================================================================
DAG File Processing Stats

File Path                                   PID    Runtime      # DAGs    # Errors  Last Runtime    Last Run
------------------------------------------  -----  ---------  --------  ----------  --------------  -------------------
/opt/airflow/dags/logidata_pipeline_dag.py                           1           0  0.30s           2026-04-20T20:15:26
================================================================================
[2026-04-20T20:16:05.751+0000] {manager.py:879} INFO - 
================================================================================
DAG File Processing Stats

File Path                                   PID    Runtime      # DAGs    # Errors  Last Runtime    Last Run
------------------------------------------  -----  ---------  --------  ----------  --------------  -------------------
/opt/airflow/dags/logidata_pipeline_dag.py                           1           0  0.31s           2026-04-20T20:15:58
================================================================================
[2026-04-20T20:16:36.695+0000] {manager.py:879} INFO - 
================================================================================
DAG File Processing Stats

File Path                                   PID    Runtime      # DAGs    # Errors  Last Runtime    Last Run
------------------------------------------  -----  ---------  --------  ----------  --------------  -------------------
/opt/airflow/dags/logidata_pipeline_dag.py                           1           0  0.31s           2026-04-20T20:16:29
================================================================================
[2026-04-20T20:17:08.070+0000] {manager.py:879} INFO - 
================================================================================
DAG File Processing Stats

File Path                                   PID    Runtime      # DAGs    # Errors  Last Runtime    Last Run
------------------------------------------  -----  ---------  --------  ----------  --------------  -------------------
/opt/airflow/dags/logidata_pipeline_dag.py                           1           0  0.41s           2026-04-20T20:17:00
================================================================================
[2026-04-20T20:17:39.282+0000] {manager.py:879} INFO - 
================================================================================
DAG File Processing Stats

File Path                                   PID    Runtime      # DAGs    # Errors  Last Runtime    Last Run
------------------------------------------  -----  ---------  --------  ----------  --------------  -------------------
/opt/airflow/dags/logidata_pipeline_dag.py                           1           0  0.31s           2026-04-20T20:17:31
================================================================================
[2026-04-20T20:18:12.342+0000] {manager.py:879} INFO - 
================================================================================
DAG File Processing Stats

File Path                                   PID    Runtime      # DAGs    # Errors  Last Runtime    Last Run
------------------------------------------  -----  ---------  --------  ----------  --------------  -------------------
/opt/airflow/dags/logidata_pipeline_dag.py                           1           0  0.31s           2026-04-20T20:18:04
================================================================================
[2026-04-20T20:18:24.467+0000] {manager.py:738} INFO - Searching for files in /opt/airflow/dags
[2026-04-20T20:18:24.495+0000] {manager.py:741} INFO - There are 1 files in /opt/airflow/dags
[2026-04-20T20:18:45.256+0000] {manager.py:879} INFO - 
================================================================================
DAG File Processing Stats

File Path                                   PID    Runtime      # DAGs    # Errors  Last Runtime    Last Run
------------------------------------------  -----  ---------  --------  ----------  --------------  -------------------
/opt/airflow/dags/logidata_pipeline_dag.py                           1           0  0.51s           2026-04-20T20:18:36
================================================================================
[2026-04-20T20:19:18.251+0000] {manager.py:879} INFO - 
================================================================================
DAG File Processing Stats

File Path                                   PID    Runtime      # DAGs    # Errors  Last Runtime    Last Run
------------------------------------------  -----  ---------  --------  ----------  --------------  -------------------
/opt/airflow/dags/logidata_pipeline_dag.py                           1           0  0.41s           2026-04-20T20:19:09
================================================================================
[2026-04-20T20:19:49.505+0000] {manager.py:879} INFO - 
================================================================================
DAG File Processing Stats

File Path                                   PID    Runtime      # DAGs    # Errors  Last Runtime    Last Run
------------------------------------------  -----  ---------  --------  ----------  --------------  -------------------
/opt/airflow/dags/logidata_pipeline_dag.py                           1           0  0.31s           2026-04-20T20:19:40
================================================================================
[2026-04-20T20:20:20.574+0000] {manager.py:879} INFO - 
================================================================================
DAG File Processing Stats

File Path                                   PID    Runtime      # DAGs    # Errors  Last Runtime    Last Run
------------------------------------------  -----  ---------  --------  ----------  --------------  -------------------
/opt/airflow/dags/logidata_pipeline_dag.py                           1           0  0.41s           2026-04-20T20:20:11
================================================================================
[2026-04-20T20:20:51.280+0000] {manager.py:879} INFO - 
================================================================================
DAG File Processing Stats

File Path                                   PID    Runtime      # DAGs    # Errors  Last Runtime    Last Run
------------------------------------------  -----  ---------  --------  ----------  --------------  -------------------
/opt/airflow/dags/logidata_pipeline_dag.py                           1           0  0.41s           2026-04-20T20:20:42
================================================================================
[2026-04-20T20:21:24.193+0000] {manager.py:879} INFO - 
================================================================================
DAG File Processing Stats

File Path                                   PID    Runtime      # DAGs    # Errors  Last Runtime    Last Run
------------------------------------------  -----  ---------  --------  ----------  --------------  -------------------
/opt/airflow/dags/logidata_pipeline_dag.py                           1           0  0.31s           2026-04-20T20:21:14
================================================================================
[2026-04-20T20:21:57.326+0000] {manager.py:879} INFO - 
================================================================================
DAG File Processing Stats

File Path                                   PID    Runtime      # DAGs    # Errors  Last Runtime    Last Run
------------------------------------------  -----  ---------  --------  ----------  --------------  -------------------
/opt/airflow/dags/logidata_pipeline_dag.py                           1           0  0.41s           2026-04-20T20:21:47
================================================================================
[2026-04-20T20:22:28.297+0000] {manager.py:879} INFO - 
================================================================================
DAG File Processing Stats

File Path                                   PID    Runtime      # DAGs    # Errors  Last Runtime    Last Run
------------------------------------------  -----  ---------  --------  ----------  --------------  -------------------
/opt/airflow/dags/logidata_pipeline_dag.py                           1           0  0.41s           2026-04-20T20:22:18
================================================================================
[2026-04-20T20:22:59.185+0000] {manager.py:879} INFO - 
================================================================================
DAG File Processing Stats

File Path                                   PID    Runtime      # DAGs    # Errors  Last Runtime    Last Run
------------------------------------------  -----  ---------  --------  ----------  --------------  -------------------
/opt/airflow/dags/logidata_pipeline_dag.py                           1           0  0.41s           2026-04-20T20:22:49
================================================================================
[2026-04-20T20:23:24.823+0000] {manager.py:738} INFO - Searching for files in /opt/airflow/dags
[2026-04-20T20:23:24.907+0000] {manager.py:741} INFO - There are 1 files in /opt/airflow/dags
[2026-04-20T20:23:30.629+0000] {manager.py:879} INFO - 
================================================================================
DAG File Processing Stats

File Path                                   PID    Runtime      # DAGs    # Errors  Last Runtime    Last Run
------------------------------------------  -----  ---------  --------  ----------  --------------  -------------------
/opt/airflow/dags/logidata_pipeline_dag.py                           1           0  0.41s           2026-04-20T20:23:20
================================================================================
[2026-04-20T20:24:01.904+0000] {manager.py:879} INFO - 
================================================================================
DAG File Processing Stats

File Path                                   PID    Runtime      # DAGs    # Errors  Last Runtime    Last Run
------------------------------------------  -----  ---------  --------  ----------  --------------  -------------------
/opt/airflow/dags/logidata_pipeline_dag.py                           1           0  0.41s           2026-04-20T20:23:50
================================================================================
[2026-04-20T20:24:34.880+0000] {manager.py:879} INFO - 
================================================================================
DAG File Processing Stats

File Path                                   PID    Runtime      # DAGs    # Errors  Last Runtime    Last Run
------------------------------------------  -----  ---------  --------  ----------  --------------  -------------------
/opt/airflow/dags/logidata_pipeline_dag.py                           1           0  0.42s           2026-04-20T20:24:23
================================================================================
[2026-04-20T20:25:05.703+0000] {manager.py:879} INFO - 
================================================================================
DAG File Processing Stats

File Path                                   PID    Runtime      # DAGs    # Errors  Last Runtime    Last Run
------------------------------------------  -----  ---------  --------  ----------  --------------  -------------------
/opt/airflow/dags/logidata_pipeline_dag.py                           1           0  0.41s           2026-04-20T20:24:54
================================================================================
[2026-04-20T20:25:37.100+0000] {manager.py:879} INFO - 
================================================================================
DAG File Processing Stats

File Path                                   PID    Runtime      # DAGs    # Errors  Last Runtime    Last Run
------------------------------------------  -----  ---------  --------  ----------  --------------  -------------------
/opt/airflow/dags/logidata_pipeline_dag.py                           1           0  0.31s           2026-04-20T20:25:25
================================================================================
[2026-04-20T20:29:02.419+0000] {manager.py:451} INFO - Exiting gracefully upon receiving signal 15
[2026-04-20T20:29:03.051+0000] {manager.py:469} INFO - Processing files using up to 1 processes at a time 
[2026-04-20T20:29:03.052+0000] {manager.py:470} INFO - Process each file at most once every 30 seconds
[2026-04-20T20:29:03.052+0000] {manager.py:471} INFO - Checking for new files in /opt/airflow/dags every 300 seconds
[2026-04-20T20:29:03.053+0000] {manager.py:738} INFO - Searching for files in /opt/airflow/dags
[2026-04-20T20:29:03.078+0000] {manager.py:741} INFO - There are 1 files in /opt/airflow/dags
[2026-04-20T20:29:03.471+0000] {manager.py:879} INFO - 
================================================================================
DAG File Processing Stats

File Path                                   PID    Runtime      # DAGs    # Errors  Last Runtime    Last Run
------------------------------------------  -----  ---------  --------  ----------  --------------  -------------------
/opt/airflow/dags/logidata_pipeline_dag.py                           1           0  0.31s           2026-04-20T20:29:03
================================================================================
[2026-04-20T20:29:34.030+0000] {manager.py:879} INFO - 
================================================================================
DAG File Processing Stats

File Path                                   PID    Runtime      # DAGs    # Errors  Last Runtime    Last Run
------------------------------------------  -----  ---------  --------  ----------  --------------  -------------------
/opt/airflow/dags/logidata_pipeline_dag.py                           1           0  0.30s           2026-04-20T20:29:34
================================================================================
[2026-04-20T20:30:06.953+0000] {manager.py:879} INFO - 
================================================================================
DAG File Processing Stats

File Path                                   PID    Runtime      # DAGs    # Errors  Last Runtime    Last Run
------------------------------------------  -----  ---------  --------  ----------  --------------  -------------------
/opt/airflow/dags/logidata_pipeline_dag.py                           1           0  0.41s           2026-04-20T20:30:04
================================================================================
[2026-04-20T20:30:39.815+0000] {manager.py:879} INFO - 
================================================================================
DAG File Processing Stats

File Path                                   PID    Runtime      # DAGs    # Errors  Last Runtime    Last Run
------------------------------------------  -----  ---------  --------  ----------  --------------  -------------------
/opt/airflow/dags/logidata_pipeline_dag.py                           1           0  0.81s           2026-04-20T20:30:35
================================================================================
[2026-04-20T20:31:10.811+0000] {manager.py:879} INFO - 
================================================================================
DAG File Processing Stats

File Path                                   PID    Runtime      # DAGs    # Errors  Last Runtime    Last Run
------------------------------------------  -----  ---------  --------  ----------  --------------  -------------------
/opt/airflow/dags/logidata_pipeline_dag.py                           1           0  0.41s           2026-04-20T20:31:06
================================================================================
[2026-04-20T20:31:41.551+0000] {manager.py:879} INFO - 
================================================================================
DAG File Processing Stats

File Path                                   PID    Runtime      # DAGs    # Errors  Last Runtime    Last Run
------------------------------------------  -----  ---------  --------  ----------  --------------  -------------------
/opt/airflow/dags/logidata_pipeline_dag.py                           1           0  0.31s           2026-04-20T20:31:37
================================================================================
[2026-04-20T20:29:02.226+0000] {manager.py:879} INFO - 
================================================================================
DAG File Processing Stats

File Path                                   PID    Runtime      # DAGs    # Errors  Last Runtime    Last Run
------------------------------------------  -----  ---------  --------  ----------  --------------  -------------------
/opt/airflow/dags/logidata_pipeline_dag.py                           1           0  0.31s           2026-04-20T20:32:08
================================================================================
[2026-04-20T20:32:46.585+0000] {manager.py:879} INFO - 
================================================================================
DAG File Processing Stats

File Path                                   PID    Runtime      # DAGs    # Errors  Last Runtime    Last Run
------------------------------------------  -----  ---------  --------  ----------  --------------  -------------------
/opt/airflow/dags/logidata_pipeline_dag.py                           1           0  0.61s           2026-04-20T20:32:39
================================================================================
[2026-04-20T20:33:19.318+0000] {manager.py:879} INFO - 
================================================================================
DAG File Processing Stats

File Path                                   PID    Runtime      # DAGs    # Errors  Last Runtime    Last Run
------------------------------------------  -----  ---------  --------  ----------  --------------  -------------------
/opt/airflow/dags/logidata_pipeline_dag.py                           1           0  0.51s           2026-04-20T20:33:10
================================================================================
[2026-04-20T20:33:50.993+0000] {manager.py:879} INFO - 
================================================================================
DAG File Processing Stats

File Path                                   PID    Runtime      # DAGs    # Errors  Last Runtime    Last Run
------------------------------------------  -----  ---------  --------  ----------  --------------  -------------------
/opt/airflow/dags/logidata_pipeline_dag.py                           1           0  0.41s           2026-04-20T20:33:41
================================================================================
[2026-04-20T20:34:03.255+0000] {manager.py:738} INFO - Searching for files in /opt/airflow/dags
[2026-04-20T20:34:03.344+0000] {manager.py:741} INFO - There are 1 files in /opt/airflow/dags
[2026-04-20T20:34:22.092+0000] {manager.py:879} INFO - 
================================================================================
DAG File Processing Stats

File Path                                   PID    Runtime      # DAGs    # Errors  Last Runtime    Last Run
------------------------------------------  -----  ---------  --------  ----------  --------------  -------------------
/opt/airflow/dags/logidata_pipeline_dag.py                           1           0  0.41s           2026-04-20T20:34:12
================================================================================
[2026-04-20T20:34:52.861+0000] {manager.py:879} INFO - 
================================================================================
DAG File Processing Stats

File Path                                   PID    Runtime      # DAGs    # Errors  Last Runtime    Last Run
------------------------------------------  -----  ---------  --------  ----------  --------------  -------------------
/opt/airflow/dags/logidata_pipeline_dag.py                           1           0  0.61s           2026-04-20T20:34:43
================================================================================
[2026-04-20T20:35:26.016+0000] {manager.py:879} INFO - 
================================================================================
DAG File Processing Stats

File Path                                   PID    Runtime      # DAGs    # Errors  Last Runtime    Last Run
------------------------------------------  -----  ---------  --------  ----------  --------------  -------------------
/opt/airflow/dags/logidata_pipeline_dag.py                           1           0  0.41s           2026-04-20T20:35:14
================================================================================
[2026-04-20T20:35:59.026+0000] {manager.py:879} INFO - 
================================================================================
DAG File Processing Stats

File Path                                   PID    Runtime      # DAGs    # Errors  Last Runtime    Last Run
------------------------------------------  -----  ---------  --------  ----------  --------------  -------------------
/opt/airflow/dags/logidata_pipeline_dag.py                           1           0  0.51s           2026-04-20T20:35:46
================================================================================
[2026-04-20T20:36:31.825+0000] {manager.py:879} INFO - 
================================================================================
DAG File Processing Stats

File Path                                   PID    Runtime      # DAGs    # Errors  Last Runtime    Last Run
------------------------------------------  -----  ---------  --------  ----------  --------------  -------------------
/opt/airflow/dags/logidata_pipeline_dag.py                           1           0  0.51s           2026-04-20T20:36:17
================================================================================
[2026-04-20T20:37:02.971+0000] {manager.py:879} INFO - 
================================================================================
DAG File Processing Stats

File Path                                   PID    Runtime      # DAGs    # Errors  Last Runtime    Last Run
------------------------------------------  -----  ---------  --------  ----------  --------------  -------------------
/opt/airflow/dags/logidata_pipeline_dag.py                           1           0  0.61s           2026-04-20T20:36:48
================================================================================
[2026-04-20T20:37:34.347+0000] {manager.py:879} INFO - 
================================================================================
DAG File Processing Stats

File Path                                   PID    Runtime      # DAGs    # Errors  Last Runtime    Last Run
------------------------------------------  -----  ---------  --------  ----------  --------------  -------------------
/opt/airflow/dags/logidata_pipeline_dag.py                           1           0  0.51s           2026-04-20T20:37:19
================================================================================
[2026-04-20T20:38:05.756+0000] {manager.py:879} INFO - 
================================================================================
DAG File Processing Stats

File Path                                   PID    Runtime      # DAGs    # Errors  Last Runtime    Last Run
------------------------------------------  -----  ---------  --------  ----------  --------------  -------------------
/opt/airflow/dags/logidata_pipeline_dag.py                           1           0  0.62s           2026-04-20T20:37:51
================================================================================
[2026-04-20T20:38:38.812+0000] {manager.py:879} INFO - 
================================================================================
DAG File Processing Stats

File Path                                   PID    Runtime      # DAGs    # Errors  Last Runtime    Last Run
------------------------------------------  -----  ---------  --------  ----------  --------------  -------------------
/opt/airflow/dags/logidata_pipeline_dag.py                           1           0  0.51s           2026-04-20T20:38:22
================================================================================
[2026-04-20T20:39:03.918+0000] {manager.py:738} INFO - Searching for files in /opt/airflow/dags
[2026-04-20T20:39:03.952+0000] {manager.py:741} INFO - There are 1 files in /opt/airflow/dags
[2026-04-20T20:39:11.800+0000] {manager.py:879} INFO - 
================================================================================
DAG File Processing Stats

File Path                                   PID    Runtime      # DAGs    # Errors  Last Runtime    Last Run
------------------------------------------  -----  ---------  --------  ----------  --------------  -------------------
/opt/airflow/dags/logidata_pipeline_dag.py                           1           0  0.40s           2026-04-20T20:38:53
================================================================================
[2026-04-20T20:39:44.812+0000] {manager.py:879} INFO - 
================================================================================
DAG File Processing Stats

File Path                                   PID    Runtime      # DAGs    # Errors  Last Runtime    Last Run
------------------------------------------  -----  ---------  --------  ----------  --------------  -------------------
/opt/airflow/dags/logidata_pipeline_dag.py                           1           0  0.61s           2026-04-20T20:39:25
================================================================================
[2026-04-20T20:40:16.203+0000] {manager.py:879} INFO - 
================================================================================
DAG File Processing Stats

File Path                                   PID    Runtime      # DAGs    # Errors  Last Runtime    Last Run
------------------------------------------  -----  ---------  --------  ----------  --------------  -------------------
/opt/airflow/dags/logidata_pipeline_dag.py                           1           0  0.41s           2026-04-20T20:39:55
================================================================================
[2026-04-20T20:40:47.443+0000] {manager.py:879} INFO - 
================================================================================
DAG File Processing Stats

File Path                                   PID    Runtime      # DAGs    # Errors  Last Runtime    Last Run
------------------------------------------  -----  ---------  --------  ----------  --------------  -------------------
/opt/airflow/dags/logidata_pipeline_dag.py                           1           0  0.52s           2026-04-20T20:40:26
================================================================================
[2026-04-20T20:41:20.433+0000] {manager.py:879} INFO - 
================================================================================
DAG File Processing Stats

File Path                                   PID    Runtime      # DAGs    # Errors  Last Runtime    Last Run
------------------------------------------  -----  ---------  --------  ----------  --------------  -------------------
/opt/airflow/dags/logidata_pipeline_dag.py                           1           0  0.41s           2026-04-20T20:40:57
================================================================================
[2026-04-20T20:41:53.491+0000] {manager.py:879} INFO - 
================================================================================
DAG File Processing Stats

File Path                                   PID    Runtime      # DAGs    # Errors  Last Runtime    Last Run
------------------------------------------  -----  ---------  --------  ----------  --------------  -------------------
/opt/airflow/dags/logidata_pipeline_dag.py                           1           0  0.41s           2026-04-20T20:41:28
================================================================================
[2026-04-20T20:42:26.558+0000] {manager.py:879} INFO - 
================================================================================
DAG File Processing Stats

File Path                                   PID    Runtime      # DAGs    # Errors  Last Runtime    Last Run
------------------------------------------  -----  ---------  --------  ----------  --------------  -------------------
/opt/airflow/dags/logidata_pipeline_dag.py                           1           0  0.41s           2026-04-20T20:41:59
================================================================================
[2026-04-20T20:42:59.485+0000] {manager.py:879} INFO - 
================================================================================
DAG File Processing Stats

File Path                                   PID    Runtime      # DAGs    # Errors  Last Runtime    Last Run
------------------------------------------  -----  ---------  --------  ----------  --------------  -------------------
/opt/airflow/dags/logidata_pipeline_dag.py                           1           0  0.41s           2026-04-20T20:42:30
================================================================================
[2026-04-20T20:43:30.450+0000] {manager.py:879} INFO - 
================================================================================
DAG File Processing Stats

File Path                                   PID    Runtime      # DAGs    # Errors  Last Runtime    Last Run
------------------------------------------  -----  ---------  --------  ----------  --------------  -------------------
/opt/airflow/dags/logidata_pipeline_dag.py                           1           0  0.51s           2026-04-20T20:43:01
================================================================================
[2026-04-20T20:44:01.879+0000] {manager.py:879} INFO - 
================================================================================
DAG File Processing Stats

File Path                                   PID    Runtime      # DAGs    # Errors  Last Runtime    Last Run
------------------------------------------  -----  ---------  --------  ----------  --------------  -------------------
/opt/airflow/dags/logidata_pipeline_dag.py                           1           0  0.51s           2026-04-20T20:43:32
================================================================================
[2026-04-20T20:44:04.756+0000] {manager.py:738} INFO - Searching for files in /opt/airflow/dags
[2026-04-20T20:44:04.783+0000] {manager.py:741} INFO - There are 1 files in /opt/airflow/dags
[2026-04-20T20:44:33.156+0000] {manager.py:879} INFO - 
================================================================================
DAG File Processing Stats

File Path                                   PID    Runtime      # DAGs    # Errors  Last Runtime    Last Run
------------------------------------------  -----  ---------  --------  ----------  --------------  -------------------
/opt/airflow/dags/logidata_pipeline_dag.py                           1           0  0.51s           2026-04-20T20:44:03
================================================================================
[2026-04-20T20:45:05.932+0000] {manager.py:879} INFO - 
================================================================================
DAG File Processing Stats

File Path                                   PID    Runtime      # DAGs    # Errors  Last Runtime    Last Run
------------------------------------------  -----  ---------  --------  ----------  --------------  -------------------
/opt/airflow/dags/logidata_pipeline_dag.py                           1           0  0.31s           2026-04-20T20:45:05
================================================================================
[2026-04-20T20:45:38.770+0000] {manager.py:879} INFO - 
================================================================================
DAG File Processing Stats

File Path                                   PID    Runtime      # DAGs    # Errors  Last Runtime    Last Run
------------------------------------------  -----  ---------  --------  ----------  --------------  -------------------
/opt/airflow/dags/logidata_pipeline_dag.py                           1           0  0.42s           2026-04-20T20:45:36
================================================================================
[2026-04-20T20:46:10.445+0000] {manager.py:879} INFO - 
================================================================================
DAG File Processing Stats

File Path                                   PID    Runtime      # DAGs    # Errors  Last Runtime    Last Run
------------------------------------------  -----  ---------  --------  ----------  --------------  -------------------
/opt/airflow/dags/logidata_pipeline_dag.py                           1           0  0.41s           2026-04-20T20:46:07
================================================================================
[2026-04-20T20:46:41.711+0000] {manager.py:879} INFO - 
================================================================================
DAG File Processing Stats

File Path                                   PID    Runtime      # DAGs    # Errors  Last Runtime    Last Run
------------------------------------------  -----  ---------  --------  ----------  --------------  -------------------
/opt/airflow/dags/logidata_pipeline_dag.py                           1           0  0.31s           2026-04-20T20:46:38
================================================================================
[2026-04-20T20:47:12.726+0000] {manager.py:879} INFO - 
================================================================================
DAG File Processing Stats

File Path                                   PID    Runtime      # DAGs    # Errors  Last Runtime    Last Run
------------------------------------------  -----  ---------  --------  ----------  --------------  -------------------
/opt/airflow/dags/logidata_pipeline_dag.py                           1           0  0.30s           2026-04-20T20:47:09
================================================================================
[2026-04-20T20:47:45.641+0000] {manager.py:879} INFO - 
================================================================================
DAG File Processing Stats

File Path                                   PID    Runtime      # DAGs    # Errors  Last Runtime    Last Run
------------------------------------------  -----  ---------  --------  ----------  --------------  -------------------
/opt/airflow/dags/logidata_pipeline_dag.py                           1           0  0.33s           2026-04-20T20:47:40
================================================================================
[2026-04-20T20:48:18.655+0000] {manager.py:879} INFO - 
================================================================================
DAG File Processing Stats

File Path                                   PID    Runtime      # DAGs    # Errors  Last Runtime    Last Run
------------------------------------------  -----  ---------  --------  ----------  --------------  -------------------
/opt/airflow/dags/logidata_pipeline_dag.py                           1           0  0.31s           2026-04-20T20:48:11
================================================================================
[2026-04-20T20:48:51.537+0000] {manager.py:879} INFO - 
================================================================================
DAG File Processing Stats

File Path                                   PID    Runtime      # DAGs    # Errors  Last Runtime    Last Run
------------------------------------------  -----  ---------  --------  ----------  --------------  -------------------
/opt/airflow/dags/logidata_pipeline_dag.py                           1           0  0.31s           2026-04-20T20:48:43
================================================================================
[2026-04-20T20:49:05.212+0000] {manager.py:738} INFO - Searching for files in /opt/airflow/dags
[2026-04-20T20:49:05.241+0000] {manager.py:741} INFO - There are 1 files in /opt/airflow/dags
[2026-04-20T20:49:24.576+0000] {manager.py:879} INFO - 
================================================================================
DAG File Processing Stats

File Path                                   PID    Runtime      # DAGs    # Errors  Last Runtime    Last Run
------------------------------------------  -----  ---------  --------  ----------  --------------  -------------------
/opt/airflow/dags/logidata_pipeline_dag.py                           1           0  0.31s           2026-04-20T20:49:16
================================================================================
[2026-04-20T20:49:55.334+0000] {manager.py:879} INFO - 
================================================================================
DAG File Processing Stats

File Path                                   PID    Runtime      # DAGs    # Errors  Last Runtime    Last Run
------------------------------------------  -----  ---------  --------  ----------  --------------  -------------------
/opt/airflow/dags/logidata_pipeline_dag.py                           1           0  0.41s           2026-04-20T20:49:47
================================================================================
[2026-04-20T20:50:26.621+0000] {manager.py:879} INFO - 
================================================================================
DAG File Processing Stats

File Path                                   PID    Runtime      # DAGs    # Errors  Last Runtime    Last Run
------------------------------------------  -----  ---------  --------  ----------  --------------  -------------------
/opt/airflow/dags/logidata_pipeline_dag.py                           1           0  0.30s           2026-04-20T20:50:18
================================================================================
[2026-04-20T20:50:59.571+0000] {manager.py:879} INFO - 
================================================================================
DAG File Processing Stats

File Path                                   PID    Runtime      # DAGs    # Errors  Last Runtime    Last Run
------------------------------------------  -----  ---------  --------  ----------  --------------  -------------------
/opt/airflow/dags/logidata_pipeline_dag.py                           1           0  0.31s           2026-04-20T20:50:51
================================================================================
[2026-04-20T20:51:32.564+0000] {manager.py:879} INFO - 
================================================================================
DAG File Processing Stats

File Path                                   PID    Runtime      # DAGs    # Errors  Last Runtime    Last Run
------------------------------------------  -----  ---------  --------  ----------  --------------  -------------------
/opt/airflow/dags/logidata_pipeline_dag.py                           1           0  0.30s           2026-04-20T20:51:23
================================================================================
[2026-04-20T20:52:05.679+0000] {manager.py:879} INFO - 
================================================================================
DAG File Processing Stats

File Path                                   PID    Runtime      # DAGs    # Errors  Last Runtime    Last Run
------------------------------------------  -----  ---------  --------  ----------  --------------  -------------------
/opt/airflow/dags/logidata_pipeline_dag.py                           1           0  0.31s           2026-04-20T20:51:56
================================================================================
[2026-04-20T20:52:36.958+0000] {manager.py:879} INFO - 
================================================================================
DAG File Processing Stats

File Path                                   PID    Runtime      # DAGs    # Errors  Last Runtime    Last Run
------------------------------------------  -----  ---------  --------  ----------  --------------  -------------------
/opt/airflow/dags/logidata_pipeline_dag.py                           1           0  0.41s           2026-04-20T20:52:27
================================================================================
[2026-04-20T20:53:08.048+0000] {manager.py:879} INFO - 
================================================================================
DAG File Processing Stats

File Path                                   PID    Runtime      # DAGs    # Errors  Last Runtime    Last Run
------------------------------------------  -----  ---------  --------  ----------  --------------  -------------------
/opt/airflow/dags/logidata_pipeline_dag.py                           1           0  0.41s           2026-04-20T20:52:59
================================================================================
[2026-04-20T20:53:38.949+0000] {manager.py:879} INFO - 
================================================================================
DAG File Processing Stats

File Path                                   PID    Runtime      # DAGs    # Errors  Last Runtime    Last Run
------------------------------------------  -----  ---------  --------  ----------  --------------  -------------------
/opt/airflow/dags/logidata_pipeline_dag.py                           1           0  0.41s           2026-04-20T20:53:29
================================================================================
[2026-04-20T20:54:05.742+0000] {manager.py:738} INFO - Searching for files in /opt/airflow/dags
[2026-04-20T20:54:05.776+0000] {manager.py:741} INFO - There are 1 files in /opt/airflow/dags
[2026-04-20T20:54:11.828+0000] {manager.py:879} INFO - 
================================================================================
DAG File Processing Stats

File Path                                   PID    Runtime      # DAGs    # Errors  Last Runtime    Last Run
------------------------------------------  -----  ---------  --------  ----------  --------------  -------------------
/opt/airflow/dags/logidata_pipeline_dag.py                           1           0  0.41s           2026-04-20T20:54:02
================================================================================
[2026-04-20T20:54:44.825+0000] {manager.py:879} INFO - 
================================================================================
DAG File Processing Stats

File Path                                   PID    Runtime      # DAGs    # Errors  Last Runtime    Last Run
------------------------------------------  -----  ---------  --------  ----------  --------------  -------------------
/opt/airflow/dags/logidata_pipeline_dag.py                           1           0  0.31s           2026-04-20T20:54:34
================================================================================
[2026-04-20T20:55:17.850+0000] {manager.py:879} INFO - 
================================================================================
DAG File Processing Stats

File Path                                   PID    Runtime      # DAGs    # Errors  Last Runtime    Last Run
------------------------------------------  -----  ---------  --------  ----------  --------------  -------------------
/opt/airflow/dags/logidata_pipeline_dag.py                           1           0  0.31s           2026-04-20T20:55:07
================================================================================
[2026-04-20T20:55:48.783+0000] {manager.py:879} INFO - 
================================================================================
DAG File Processing Stats

File Path                                   PID    Runtime      # DAGs    # Errors  Last Runtime    Last Run
------------------------------------------  -----  ---------  --------  ----------  --------------  -------------------
/opt/airflow/dags/logidata_pipeline_dag.py                           1           0  0.31s           2026-04-20T20:55:38
================================================================================
[2026-04-20T20:56:19.346+0000] {manager.py:879} INFO - 
================================================================================
DAG File Processing Stats

File Path                                   PID    Runtime      # DAGs    # Errors  Last Runtime    Last Run
------------------------------------------  -----  ---------  --------  ----------  --------------  -------------------
/opt/airflow/dags/logidata_pipeline_dag.py                           1           0  0.51s           2026-04-20T20:56:09
================================================================================
[2026-04-20T20:56:50.998+0000] {manager.py:879} INFO - 
================================================================================
DAG File Processing Stats

File Path                                   PID    Runtime      # DAGs    # Errors  Last Runtime    Last Run
------------------------------------------  -----  ---------  --------  ----------  --------------  -------------------
/opt/airflow/dags/logidata_pipeline_dag.py                           1           0  0.41s           2026-04-20T20:56:40
================================================================================
[2026-04-20T20:57:23.928+0000] {manager.py:879} INFO - 
================================================================================
DAG File Processing Stats

File Path                                   PID    Runtime      # DAGs    # Errors  Last Runtime    Last Run
------------------------------------------  -----  ---------  --------  ----------  --------------  -------------------
/opt/airflow/dags/logidata_pipeline_dag.py                           1           0  1.26s           2026-04-20T20:57:13
================================================================================
[2026-04-20T20:57:56.865+0000] {manager.py:879} INFO - 
================================================================================
DAG File Processing Stats

File Path                                   PID    Runtime      # DAGs    # Errors  Last Runtime    Last Run
------------------------------------------  -----  ---------  --------  ----------  --------------  -------------------
/opt/airflow/dags/logidata_pipeline_dag.py                           1           0  0.51s           2026-04-20T20:57:45
================================================================================
[2026-04-20T20:58:30.448+0000] {manager.py:879} INFO - 
================================================================================
DAG File Processing Stats

File Path                                   PID    Runtime      # DAGs    # Errors  Last Runtime    Last Run
------------------------------------------  -----  ---------  --------  ----------  --------------  -------------------
/opt/airflow/dags/logidata_pipeline_dag.py                           1           0  0.41s           2026-04-20T20:58:17
================================================================================
[2026-04-20T20:59:01.928+0000] {manager.py:879} INFO - 
================================================================================
DAG File Processing Stats

File Path                                   PID    Runtime      # DAGs    # Errors  Last Runtime    Last Run
------------------------------------------  -----  ---------  --------  ----------  --------------  -------------------
/opt/airflow/dags/logidata_pipeline_dag.py                           1           0  0.41s           2026-04-20T20:58:48
================================================================================
[2026-04-20T20:59:06.113+0000] {manager.py:738} INFO - Searching for files in /opt/airflow/dags
[2026-04-20T20:59:06.185+0000] {manager.py:741} INFO - There are 1 files in /opt/airflow/dags
[2026-04-20T20:59:33.136+0000] {manager.py:879} INFO - 
================================================================================
DAG File Processing Stats

File Path                                   PID    Runtime      # DAGs    # Errors  Last Runtime    Last Run
------------------------------------------  -----  ---------  --------  ----------  --------------  -------------------
/opt/airflow/dags/logidata_pipeline_dag.py                           1           0  0.41s           2026-04-20T20:59:19
================================================================================
[2026-04-20T21:00:04.323+0000] {manager.py:879} INFO - 
================================================================================
DAG File Processing Stats

File Path                                   PID    Runtime      # DAGs    # Errors  Last Runtime    Last Run
------------------------------------------  -----  ---------  --------  ----------  --------------  -------------------
/opt/airflow/dags/logidata_pipeline_dag.py                           1           0  0.31s           2026-04-20T20:59:49
================================================================================
[2026-04-20T21:00:34.868+0000] {manager.py:879} INFO - 
================================================================================
DAG File Processing Stats

File Path                                   PID    Runtime      # DAGs    # Errors  Last Runtime    Last Run
------------------------------------------  -----  ---------  --------  ----------  --------------  -------------------
/opt/airflow/dags/logidata_pipeline_dag.py                           1           0  0.31s           2026-04-20T21:00:21
================================================================================
[2026-04-20T21:01:07.624+0000] {manager.py:879} INFO - 
================================================================================
DAG File Processing Stats

File Path                                   PID    Runtime      # DAGs    # Errors  Last Runtime    Last Run
------------------------------------------  -----  ---------  --------  ----------  --------------  -------------------
/opt/airflow/dags/logidata_pipeline_dag.py                           1           0  0.51s           2026-04-20T21:00:53
================================================================================
[2026-04-20T21:01:39.205+0000] {manager.py:879} INFO - 
================================================================================
DAG File Processing Stats

File Path                                   PID    Runtime      # DAGs    # Errors  Last Runtime    Last Run
------------------------------------------  -----  ---------  --------  ----------  --------------  -------------------
/opt/airflow/dags/logidata_pipeline_dag.py                           1           0  0.31s           2026-04-20T21:01:24
================================================================================
[2026-04-20T21:02:09.913+0000] {manager.py:879} INFO - 
================================================================================
DAG File Processing Stats

File Path                                   PID    Runtime      # DAGs    # Errors  Last Runtime    Last Run
------------------------------------------  -----  ---------  --------  ----------  --------------  -------------------
/opt/airflow/dags/logidata_pipeline_dag.py                           1           0  0.52s           2026-04-20T21:01:55
================================================================================
[2026-04-20T21:02:41.828+0000] {manager.py:879} INFO - 
================================================================================
DAG File Processing Stats

File Path                                   PID    Runtime      # DAGs    # Errors  Last Runtime    Last Run
------------------------------------------  -----  ---------  --------  ----------  --------------  -------------------
/opt/airflow/dags/logidata_pipeline_dag.py                           1           0  0.41s           2026-04-20T21:02:26
================================================================================
[2026-04-20T21:03:13.760+0000] {manager.py:879} INFO - 
================================================================================
DAG File Processing Stats

File Path                                   PID    Runtime      # DAGs    # Errors  Last Runtime    Last Run
------------------------------------------  -----  ---------  --------  ----------  --------------  -------------------
/opt/airflow/dags/logidata_pipeline_dag.py                           1           0  0.41s           2026-04-20T21:02:57
================================================================================
[2026-04-20T21:03:46.496+0000] {manager.py:879} INFO - 
================================================================================
DAG File Processing Stats

File Path                                   PID    Runtime      # DAGs    # Errors  Last Runtime    Last Run
------------------------------------------  -----  ---------  --------  ----------  --------------  -------------------
/opt/airflow/dags/logidata_pipeline_dag.py                           1           0  0.31s           2026-04-20T21:03:30
================================================================================
[2026-04-20T21:04:06.343+0000] {manager.py:738} INFO - Searching for files in /opt/airflow/dags
[2026-04-20T21:04:06.394+0000] {manager.py:741} INFO - There are 1 files in /opt/airflow/dags
[2026-04-20T21:04:19.967+0000] {manager.py:879} INFO - 
================================================================================
DAG File Processing Stats

File Path                                   PID    Runtime      # DAGs    # Errors  Last Runtime    Last Run
------------------------------------------  -----  ---------  --------  ----------  --------------  -------------------
/opt/airflow/dags/logidata_pipeline_dag.py                           1           0  0.31s           2026-04-20T21:04:02
================================================================================
[2026-04-20T21:04:51.412+0000] {manager.py:879} INFO - 
================================================================================
DAG File Processing Stats

File Path                                   PID    Runtime      # DAGs    # Errors  Last Runtime    Last Run
------------------------------------------  -----  ---------  --------  ----------  --------------  -------------------
/opt/airflow/dags/logidata_pipeline_dag.py                           1           0  0.41s           2026-04-20T21:04:33
================================================================================
[2026-04-20T21:05:22.642+0000] {manager.py:879} INFO - 
================================================================================
DAG File Processing Stats

File Path                                   PID    Runtime      # DAGs    # Errors  Last Runtime    Last Run
------------------------------------------  -----  ---------  --------  ----------  --------------  -------------------
/opt/airflow/dags/logidata_pipeline_dag.py                           1           0  0.31s           2026-04-20T21:05:05
================================================================================
[2026-04-20T21:05:53.736+0000] {manager.py:879} INFO - 
================================================================================
DAG File Processing Stats

File Path                                   PID    Runtime      # DAGs    # Errors  Last Runtime    Last Run
------------------------------------------  -----  ---------  --------  ----------  --------------  -------------------
/opt/airflow/dags/logidata_pipeline_dag.py                           1           0  0.31s           2026-04-20T21:05:36
================================================================================
[2026-04-20T21:06:26.684+0000] {manager.py:879} INFO - 
================================================================================
DAG File Processing Stats

File Path                                   PID    Runtime      # DAGs    # Errors  Last Runtime    Last Run
------------------------------------------  -----  ---------  --------  ----------  --------------  -------------------
/opt/airflow/dags/logidata_pipeline_dag.py                           1           0  0.31s           2026-04-20T21:06:08
================================================================================
[2026-04-20T21:06:59.720+0000] {manager.py:879} INFO - 
================================================================================
DAG File Processing Stats

File Path                                   PID    Runtime      # DAGs    # Errors  Last Runtime    Last Run
------------------------------------------  -----  ---------  --------  ----------  --------------  -------------------
/opt/airflow/dags/logidata_pipeline_dag.py                           1           0  0.31s           2026-04-20T21:06:40
================================================================================
[2026-04-20T21:07:30.956+0000] {manager.py:879} INFO - 
================================================================================
DAG File Processing Stats

File Path                                   PID    Runtime      # DAGs    # Errors  Last Runtime    Last Run
------------------------------------------  -----  ---------  --------  ----------  --------------  -------------------
/opt/airflow/dags/logidata_pipeline_dag.py                           1           0  0.31s           2026-04-20T21:07:11
================================================================================
[2026-04-20T21:08:02.021+0000] {manager.py:879} INFO - 
================================================================================
DAG File Processing Stats

File Path                                   PID    Runtime      # DAGs    # Errors  Last Runtime    Last Run
------------------------------------------  -----  ---------  --------  ----------  --------------  -------------------
/opt/airflow/dags/logidata_pipeline_dag.py                           1           0  0.41s           2026-04-20T21:07:42
================================================================================
[2026-04-20T21:08:32.890+0000] {manager.py:879} INFO - 
================================================================================
DAG File Processing Stats

File Path                                   PID    Runtime      # DAGs    # Errors  Last Runtime    Last Run
------------------------------------------  -----  ---------  --------  ----------  --------------  -------------------
/opt/airflow/dags/logidata_pipeline_dag.py                           1           0  0.31s           2026-04-20T21:08:12
================================================================================
[2026-04-20T21:09:04.250+0000] {manager.py:879} INFO - 
================================================================================
DAG File Processing Stats

File Path                                   PID    Runtime      # DAGs    # Errors  Last Runtime    Last Run
------------------------------------------  -----  ---------  --------  ----------  --------------  -------------------
/opt/airflow/dags/logidata_pipeline_dag.py                           1           0  0.41s           2026-04-20T21:08:44
================================================================================
[2026-04-20T21:09:07.516+0000] {manager.py:738} INFO - Searching for files in /opt/airflow/dags
[2026-04-20T21:09:07.584+0000] {manager.py:741} INFO - There are 1 files in /opt/airflow/dags
[2026-04-20T21:09:37.181+0000] {manager.py:879} INFO - 
================================================================================
DAG File Processing Stats

File Path                                   PID    Runtime      # DAGs    # Errors  Last Runtime    Last Run
------------------------------------------  -----  ---------  --------  ----------  --------------  -------------------
/opt/airflow/dags/logidata_pipeline_dag.py                           1           0  0.31s           2026-04-20T21:09:16
================================================================================
[2026-04-20T21:10:08.155+0000] {manager.py:879} INFO - 
================================================================================
DAG File Processing Stats

File Path                                   PID    Runtime      # DAGs    # Errors  Last Runtime    Last Run
------------------------------------------  -----  ---------  --------  ----------  --------------  -------------------
/opt/airflow/dags/logidata_pipeline_dag.py                           1           0  0.41s           2026-04-20T21:09:48
================================================================================
[2026-04-20T21:10:38.934+0000] {manager.py:879} INFO - 
================================================================================
DAG File Processing Stats

File Path                                   PID    Runtime      # DAGs    # Errors  Last Runtime    Last Run
------------------------------------------  -----  ---------  --------  ----------  --------------  -------------------
/opt/airflow/dags/logidata_pipeline_dag.py                           1           0  0.32s           2026-04-20T21:10:19
================================================================================
[2026-04-20T21:11:10.352+0000] {manager.py:879} INFO - 
================================================================================
DAG File Processing Stats

File Path                                   PID    Runtime      # DAGs    # Errors  Last Runtime    Last Run
------------------------------------------  -----  ---------  --------  ----------  --------------  -------------------
/opt/airflow/dags/logidata_pipeline_dag.py                           1           0  0.31s           2026-04-20T21:10:50
================================================================================
[2026-04-20T21:11:43.439+0000] {manager.py:879} INFO - 
================================================================================
DAG File Processing Stats

File Path                                   PID    Runtime      # DAGs    # Errors  Last Runtime    Last Run
------------------------------------------  -----  ---------  --------  ----------  --------------  -------------------
/opt/airflow/dags/logidata_pipeline_dag.py                           1           0  0.31s           2026-04-20T21:11:22
================================================================================
[2026-04-20T21:12:16.268+0000] {manager.py:879} INFO - 
================================================================================
DAG File Processing Stats

File Path                                   PID    Runtime      # DAGs    # Errors  Last Runtime    Last Run
------------------------------------------  -----  ---------  --------  ----------  --------------  -------------------
/opt/airflow/dags/logidata_pipeline_dag.py                           1           0  0.31s           2026-04-20T21:11:54
================================================================================
[2026-04-20T21:12:49.541+0000] {manager.py:879} INFO - 
================================================================================
DAG File Processing Stats

File Path                                   PID    Runtime      # DAGs    # Errors  Last Runtime    Last Run
------------------------------------------  -----  ---------  --------  ----------  --------------  -------------------
/opt/airflow/dags/logidata_pipeline_dag.py                           1           0  0.41s           2026-04-20T21:12:27
================================================================================
[2026-04-20T21:13:20.773+0000] {manager.py:879} INFO - 
================================================================================
DAG File Processing Stats

File Path                                   PID    Runtime      # DAGs    # Errors  Last Runtime    Last Run
------------------------------------------  -----  ---------  --------  ----------  --------------  -------------------
/opt/airflow/dags/logidata_pipeline_dag.py                           1           0  0.41s           2026-04-20T21:12:59
================================================================================
[2026-04-20T21:13:52.090+0000] {manager.py:879} INFO - 
================================================================================
DAG File Processing Stats

File Path                                   PID    Runtime      # DAGs    # Errors  Last Runtime    Last Run
------------------------------------------  -----  ---------  --------  ----------  --------------  -------------------
/opt/airflow/dags/logidata_pipeline_dag.py                           1           0  0.31s           2026-04-20T21:13:29
================================================================================
[2026-04-20T21:14:07.939+0000] {manager.py:738} INFO - Searching for files in /opt/airflow/dags
[2026-04-20T21:14:07.988+0000] {manager.py:741} INFO - There are 1 files in /opt/airflow/dags
[2026-04-20T21:14:22.900+0000] {manager.py:879} INFO - 
================================================================================
DAG File Processing Stats

File Path                                   PID    Runtime      # DAGs    # Errors  Last Runtime    Last Run
------------------------------------------  -----  ---------  --------  ----------  --------------  -------------------
/opt/airflow/dags/logidata_pipeline_dag.py                           1           0  0.31s           2026-04-20T21:14:00
================================================================================
[2026-04-20T21:14:55.795+0000] {manager.py:879} INFO - 
================================================================================
DAG File Processing Stats

File Path                                   PID    Runtime      # DAGs    # Errors  Last Runtime    Last Run
------------------------------------------  -----  ---------  --------  ----------  --------------  -------------------
/opt/airflow/dags/logidata_pipeline_dag.py                           1           0  0.51s           2026-04-20T21:14:33
================================================================================
[2026-04-20T21:15:29.286+0000] {manager.py:879} INFO - 
================================================================================
DAG File Processing Stats

File Path                                   PID    Runtime      # DAGs    # Errors  Last Runtime    Last Run
------------------------------------------  -----  ---------  --------  ----------  --------------  -------------------
/opt/airflow/dags/logidata_pipeline_dag.py                           1           0  0.31s           2026-04-20T21:15:06
================================================================================
[2026-04-20T21:16:02.026+0000] {manager.py:879} INFO - 
================================================================================
DAG File Processing Stats

File Path                                   PID    Runtime      # DAGs    # Errors  Last Runtime    Last Run
------------------------------------------  -----  ---------  --------  ----------  --------------  -------------------
/opt/airflow/dags/logidata_pipeline_dag.py                           1           0  0.31s           2026-04-20T21:15:38
================================================================================
[2026-04-20T21:16:33.172+0000] {manager.py:879} INFO - 
================================================================================
DAG File Processing Stats

File Path                                   PID    Runtime      # DAGs    # Errors  Last Runtime    Last Run
------------------------------------------  -----  ---------  --------  ----------  --------------  -------------------
/opt/airflow/dags/logidata_pipeline_dag.py                           1           0  0.31s           2026-04-20T21:16:09
================================================================================
[2026-04-20T21:17:03.753+0000] {manager.py:879} INFO - 
================================================================================
DAG File Processing Stats

File Path                                   PID    Runtime      # DAGs    # Errors  Last Runtime    Last Run
------------------------------------------  -----  ---------  --------  ----------  --------------  -------------------
/opt/airflow/dags/logidata_pipeline_dag.py                           1           0  0.41s           2026-04-20T21:16:39
================================================================================
[2026-04-20T21:17:34.907+0000] {manager.py:879} INFO - 
================================================================================
DAG File Processing Stats

File Path                                   PID    Runtime      # DAGs    # Errors  Last Runtime    Last Run
------------------------------------------  -----  ---------  --------  ----------  --------------  -------------------
/opt/airflow/dags/logidata_pipeline_dag.py                           1           0  0.31s           2026-04-20T21:17:10
================================================================================
[2026-04-20T21:18:08.417+0000] {manager.py:879} INFO - 
================================================================================
DAG File Processing Stats

File Path                                   PID    Runtime      # DAGs    # Errors  Last Runtime    Last Run
------------------------------------------  -----  ---------  --------  ----------  --------------  -------------------
/opt/airflow/dags/logidata_pipeline_dag.py                           1           0  0.41s           2026-04-20T21:17:44
================================================================================
[2026-04-20T21:18:41.415+0000] {manager.py:879} INFO - 
================================================================================
DAG File Processing Stats

File Path                                   PID    Runtime      # DAGs    # Errors  Last Runtime    Last Run
------------------------------------------  -----  ---------  --------  ----------  --------------  -------------------
/opt/airflow/dags/logidata_pipeline_dag.py                           1           0  0.41s           2026-04-20T21:18:16
================================================================================
[2026-04-20T21:19:08.476+0000] {manager.py:738} INFO - Searching for files in /opt/airflow/dags
[2026-04-20T21:19:08.523+0000] {manager.py:741} INFO - There are 1 files in /opt/airflow/dags
[2026-04-20T21:19:14.464+0000] {manager.py:879} INFO - 
================================================================================
DAG File Processing Stats

File Path                                   PID    Runtime      # DAGs    # Errors  Last Runtime    Last Run
------------------------------------------  -----  ---------  --------  ----------  --------------  -------------------
/opt/airflow/dags/logidata_pipeline_dag.py                           1           0  0.31s           2026-04-20T21:18:49
================================================================================
[2026-04-20T21:19:45.773+0000] {manager.py:879} INFO - 
================================================================================
DAG File Processing Stats

File Path                                   PID    Runtime      # DAGs    # Errors  Last Runtime    Last Run
------------------------------------------  -----  ---------  --------  ----------  --------------  -------------------
/opt/airflow/dags/logidata_pipeline_dag.py                           1           0  0.31s           2026-04-20T21:19:20
================================================================================
[2026-04-20T21:20:23.018+0000] {manager.py:879} INFO - 
================================================================================
DAG File Processing Stats

File Path                                   PID    Runtime      # DAGs    # Errors  Last Runtime    Last Run
------------------------------------------  -----  ---------  --------  ----------  --------------  -------------------
/opt/airflow/dags/logidata_pipeline_dag.py                           1           0  0.31s           2026-04-20T21:20:23
================================================================================
[2026-04-20T21:23:21.223+0000] {manager.py:451} INFO - Exiting gracefully upon receiving signal 15
[2026-04-20T21:23:21.729+0000] {manager.py:469} INFO - Processing files using up to 1 processes at a time 
[2026-04-20T21:23:21.730+0000] {manager.py:470} INFO - Process each file at most once every 30 seconds
[2026-04-20T21:23:21.730+0000] {manager.py:471} INFO - Checking for new files in /opt/airflow/dags every 300 seconds
[2026-04-20T21:23:21.731+0000] {manager.py:738} INFO - Searching for files in /opt/airflow/dags
[2026-04-20T21:23:21.755+0000] {manager.py:741} INFO - There are 1 files in /opt/airflow/dags
[2026-04-20T21:23:22.284+0000] {manager.py:879} INFO - 
================================================================================
DAG File Processing Stats

File Path                                   PID    Runtime      # DAGs    # Errors  Last Runtime    Last Run
------------------------------------------  -----  ---------  --------  ----------  --------------  -------------------
/opt/airflow/dags/logidata_pipeline_dag.py                           1           0  0.42s           2026-04-20T21:23:22
================================================================================
[2026-04-20T21:23:55.147+0000] {manager.py:879} INFO - 
================================================================================
DAG File Processing Stats

File Path                                   PID    Runtime      # DAGs    # Errors  Last Runtime    Last Run
------------------------------------------  -----  ---------  --------  ----------  --------------  -------------------
/opt/airflow/dags/logidata_pipeline_dag.py                           1           0  0.31s           2026-04-20T21:23:53
================================================================================
[2026-04-20T21:24:28.647+0000] {manager.py:879} INFO - 
================================================================================
DAG File Processing Stats

File Path                                   PID    Runtime      # DAGs    # Errors  Last Runtime    Last Run
------------------------------------------  -----  ---------  --------  ----------  --------------  -------------------
/opt/airflow/dags/logidata_pipeline_dag.py                           1           0  0.31s           2026-04-20T21:24:24
================================================================================
[2026-04-20T21:25:01.968+0000] {manager.py:879} INFO - 
================================================================================
DAG File Processing Stats

File Path                                   PID    Runtime      # DAGs    # Errors  Last Runtime    Last Run
------------------------------------------  -----  ---------  --------  ----------  --------------  -------------------
/opt/airflow/dags/logidata_pipeline_dag.py                           1           0  0.31s           2026-04-20T21:24:55
================================================================================
[2026-04-20T21:25:33.483+0000] {manager.py:879} INFO - 
================================================================================
DAG File Processing Stats

File Path                                   PID    Runtime      # DAGs    # Errors  Last Runtime    Last Run
------------------------------------------  -----  ---------  --------  ----------  --------------  -------------------
/opt/airflow/dags/logidata_pipeline_dag.py                           1           0  0.31s           2026-04-20T21:25:26
================================================================================
[2026-04-20T21:26:04.821+0000] {manager.py:879} INFO - 
================================================================================
DAG File Processing Stats

File Path                                   PID    Runtime      # DAGs    # Errors  Last Runtime    Last Run
------------------------------------------  -----  ---------  --------  ----------  --------------  -------------------
/opt/airflow/dags/logidata_pipeline_dag.py                           1           0  0.31s           2026-04-20T21:25:57
================================================================================
[2026-04-20T21:26:36.043+0000] {manager.py:879} INFO - 
================================================================================
DAG File Processing Stats

File Path                                   PID    Runtime      # DAGs    # Errors  Last Runtime    Last Run
------------------------------------------  -----  ---------  --------  ----------  --------------  -------------------
/opt/airflow/dags/logidata_pipeline_dag.py                           1           0  0.41s           2026-04-20T21:26:28
================================================================================
[2026-04-20T21:27:07.001+0000] {manager.py:879} INFO - 
================================================================================
DAG File Processing Stats

File Path                                   PID    Runtime      # DAGs    # Errors  Last Runtime    Last Run
------------------------------------------  -----  ---------  --------  ----------  --------------  -------------------
/opt/airflow/dags/logidata_pipeline_dag.py                           1           0  0.31s           2026-04-20T21:26:59
================================================================================
[2026-04-20T21:27:40.453+0000] {manager.py:879} INFO - 
================================================================================
DAG File Processing Stats

File Path                                   PID    Runtime      # DAGs    # Errors  Last Runtime    Last Run
------------------------------------------  -----  ---------  --------  ----------  --------------  -------------------
/opt/airflow/dags/logidata_pipeline_dag.py                           1           0  0.31s           2026-04-20T21:27:30
================================================================================
[2026-04-20T21:28:11.588+0000] {manager.py:879} INFO - 
================================================================================
DAG File Processing Stats

File Path                                   PID    Runtime      # DAGs    # Errors  Last Runtime    Last Run
------------------------------------------  -----  ---------  --------  ----------  --------------  -------------------
/opt/airflow/dags/logidata_pipeline_dag.py                           1           0  0.42s           2026-04-20T21:28:01
================================================================================
[2026-04-20T21:28:22.527+0000] {manager.py:738} INFO - Searching for files in /opt/airflow/dags
[2026-04-20T21:28:22.581+0000] {manager.py:741} INFO - There are 1 files in /opt/airflow/dags
[2026-04-20T21:28:43.375+0000] {manager.py:879} INFO - 
================================================================================
DAG File Processing Stats

File Path                                   PID    Runtime      # DAGs    # Errors  Last Runtime    Last Run
------------------------------------------  -----  ---------  --------  ----------  --------------  -------------------
/opt/airflow/dags/logidata_pipeline_dag.py                           1           0  0.41s           2026-04-20T21:28:31
================================================================================
[2026-04-20T21:29:14.615+0000] {manager.py:879} INFO - 
================================================================================
DAG File Processing Stats

File Path                                   PID    Runtime      # DAGs    # Errors  Last Runtime    Last Run
------------------------------------------  -----  ---------  --------  ----------  --------------  -------------------
/opt/airflow/dags/logidata_pipeline_dag.py                           1           0  0.31s           2026-04-20T21:29:03
================================================================================
[2026-04-20T21:29:47.763+0000] {manager.py:879} INFO - 
================================================================================
DAG File Processing Stats

File Path                                   PID    Runtime      # DAGs    # Errors  Last Runtime    Last Run
------------------------------------------  -----  ---------  --------  ----------  --------------  -------------------
/opt/airflow/dags/logidata_pipeline_dag.py                           1           0  0.31s           2026-04-20T21:29:33
================================================================================
[2026-04-20T21:30:23.836+0000] {manager.py:879} INFO - 
================================================================================
DAG File Processing Stats

File Path                                   PID    Runtime      # DAGs    # Errors  Last Runtime    Last Run
------------------------------------------  -----  ---------  --------  ----------  --------------  -------------------
/opt/airflow/dags/logidata_pipeline_dag.py                           1           0  0.30s           2026-04-20T21:30:05
================================================================================
[2026-04-20T21:30:54.997+0000] {manager.py:879} INFO - 
================================================================================
DAG File Processing Stats

File Path                                   PID    Runtime      # DAGs    # Errors  Last Runtime    Last Run
------------------------------------------  -----  ---------  --------  ----------  --------------  -------------------
/opt/airflow/dags/logidata_pipeline_dag.py                           1           0  0.41s           2026-04-20T21:30:35
================================================================================
[2026-04-20T21:31:26.447+0000] {manager.py:879} INFO - 
================================================================================
DAG File Processing Stats

File Path                                   PID    Runtime      # DAGs    # Errors  Last Runtime    Last Run
------------------------------------------  -----  ---------  --------  ----------  --------------  -------------------
/opt/airflow/dags/logidata_pipeline_dag.py                           1           0  0.42s           2026-04-20T21:31:06
================================================================================
[2026-04-20T21:31:57.737+0000] {manager.py:879} INFO - 
================================================================================
DAG File Processing Stats

File Path                                   PID    Runtime      # DAGs    # Errors  Last Runtime    Last Run
------------------------------------------  -----  ---------  --------  ----------  --------------  -------------------
/opt/airflow/dags/logidata_pipeline_dag.py                           1           0  0.31s           2026-04-20T21:31:37
================================================================================
[2026-04-20T21:32:29.198+0000] {manager.py:879} INFO - 
================================================================================
DAG File Processing Stats

File Path                                   PID    Runtime      # DAGs    # Errors  Last Runtime    Last Run
------------------------------------------  -----  ---------  --------  ----------  --------------  -------------------
/opt/airflow/dags/logidata_pipeline_dag.py                           1           0  0.31s           2026-04-20T21:32:09
================================================================================
[2026-04-20T21:33:02.189+0000] {manager.py:879} INFO - 
================================================================================
DAG File Processing Stats

File Path                                   PID    Runtime      # DAGs    # Errors  Last Runtime    Last Run
------------------------------------------  -----  ---------  --------  ----------  --------------  -------------------
/opt/airflow/dags/logidata_pipeline_dag.py                           1           0  0.32s           2026-04-20T21:32:40
================================================================================
[2026-04-20T21:33:22.651+0000] {manager.py:738} INFO - Searching for files in /opt/airflow/dags
[2026-04-20T21:33:22.733+0000] {manager.py:741} INFO - There are 1 files in /opt/airflow/dags
[2026-04-20T21:33:35.268+0000] {manager.py:879} INFO - 
================================================================================
DAG File Processing Stats

File Path                                   PID    Runtime      # DAGs    # Errors  Last Runtime    Last Run
------------------------------------------  -----  ---------  --------  ----------  --------------  -------------------
/opt/airflow/dags/logidata_pipeline_dag.py                           1           0  0.31s           2026-04-20T21:33:11
================================================================================
[2026-04-20T21:34:06.671+0000] {manager.py:879} INFO - 
================================================================================
DAG File Processing Stats

File Path                                   PID    Runtime      # DAGs    # Errors  Last Runtime    Last Run
------------------------------------------  -----  ---------  --------  ----------  --------------  -------------------
/opt/airflow/dags/logidata_pipeline_dag.py                           1           0  0.62s           2026-04-20T21:33:42
================================================================================
[2026-04-20T21:34:37.772+0000] {manager.py:879} INFO - 
================================================================================
DAG File Processing Stats

File Path                                   PID    Runtime      # DAGs    # Errors  Last Runtime    Last Run
------------------------------------------  -----  ---------  --------  ----------  --------------  -------------------
/opt/airflow/dags/logidata_pipeline_dag.py                           1           0  0.31s           2026-04-20T21:34:14
================================================================================
[2026-04-20T21:35:08.824+0000] {manager.py:879} INFO - 
================================================================================
DAG File Processing Stats

File Path                                   PID    Runtime      # DAGs    # Errors  Last Runtime    Last Run
------------------------------------------  -----  ---------  --------  ----------  --------------  -------------------
/opt/airflow/dags/logidata_pipeline_dag.py                           1           0  0.51s           2026-04-20T21:34:44
================================================================================
[2026-04-20T21:35:40.296+0000] {manager.py:879} INFO - 
================================================================================
DAG File Processing Stats

File Path                                   PID    Runtime      # DAGs    # Errors  Last Runtime    Last Run
------------------------------------------  -----  ---------  --------  ----------  --------------  -------------------
/opt/airflow/dags/logidata_pipeline_dag.py                           1           0  0.31s           2026-04-20T21:35:15
================================================================================
[2026-04-20T21:41:33.141+0000] {manager.py:451} INFO - Exiting gracefully upon receiving signal 15
[2026-04-20T21:41:33.899+0000] {manager.py:469} INFO - Processing files using up to 1 processes at a time 
[2026-04-20T21:41:33.900+0000] {manager.py:470} INFO - Process each file at most once every 30 seconds
[2026-04-20T21:41:33.900+0000] {manager.py:471} INFO - Checking for new files in /opt/airflow/dags every 300 seconds
[2026-04-20T21:41:33.901+0000] {manager.py:738} INFO - Searching for files in /opt/airflow/dags
[2026-04-20T21:41:33.927+0000] {manager.py:741} INFO - There are 1 files in /opt/airflow/dags
[2026-04-20T21:41:34.451+0000] {manager.py:879} INFO - 
================================================================================
DAG File Processing Stats

File Path                                   PID    Runtime      # DAGs    # Errors  Last Runtime    Last Run
------------------------------------------  -----  ---------  --------  ----------  --------------  -------------------
/opt/airflow/dags/logidata_pipeline_dag.py                           1           0  0.41s           2026-04-20T21:41:34
================================================================================
[2026-04-20T21:42:07.357+0000] {manager.py:879} INFO - 
================================================================================
DAG File Processing Stats

File Path                                   PID    Runtime      # DAGs    # Errors  Last Runtime    Last Run
------------------------------------------  -----  ---------  --------  ----------  --------------  -------------------
/opt/airflow/dags/logidata_pipeline_dag.py                           1           0  0.41s           2026-04-20T21:42:04
================================================================================
[2026-04-20T21:42:40.924+0000] {manager.py:879} INFO - 
================================================================================
DAG File Processing Stats

File Path                                   PID    Runtime      # DAGs    # Errors  Last Runtime    Last Run
------------------------------------------  -----  ---------  --------  ----------  --------------  -------------------
/opt/airflow/dags/logidata_pipeline_dag.py                           1           0  0.41s           2026-04-20T21:42:35
================================================================================
[2026-04-20T21:43:12.330+0000] {manager.py:879} INFO - 
================================================================================
DAG File Processing Stats

File Path                                   PID    Runtime      # DAGs    # Errors  Last Runtime    Last Run
------------------------------------------  -----  ---------  --------  ----------  --------------  -------------------
/opt/airflow/dags/logidata_pipeline_dag.py                           1           0  0.31s           2026-04-20T21:43:05
================================================================================
[2026-04-20T21:43:43.355+0000] {manager.py:879} INFO - 
================================================================================
DAG File Processing Stats

File Path                                   PID    Runtime      # DAGs    # Errors  Last Runtime    Last Run
------------------------------------------  -----  ---------  --------  ----------  --------------  -------------------
/opt/airflow/dags/logidata_pipeline_dag.py                           1           0  0.31s           2026-04-20T21:43:36
================================================================================
[2026-04-20T21:44:14.902+0000] {manager.py:879} INFO - 
================================================================================
DAG File Processing Stats

File Path                                   PID    Runtime      # DAGs    # Errors  Last Runtime    Last Run
------------------------------------------  -----  ---------  --------  ----------  --------------  -------------------
/opt/airflow/dags/logidata_pipeline_dag.py                           1           0  0.43s           2026-04-20T21:44:07
================================================================================
[2026-04-20T21:44:48.051+0000] {manager.py:879} INFO - 
================================================================================
DAG File Processing Stats

File Path                                   PID    Runtime      # DAGs    # Errors  Last Runtime    Last Run
------------------------------------------  -----  ---------  --------  ----------  --------------  -------------------
/opt/airflow/dags/logidata_pipeline_dag.py                           1           0  0.41s           2026-04-20T21:44:38
================================================================================
[2026-04-20T21:45:21.113+0000] {manager.py:879} INFO - 
================================================================================
DAG File Processing Stats

File Path                                   PID    Runtime      # DAGs    # Errors  Last Runtime    Last Run
------------------------------------------  -----  ---------  --------  ----------  --------------  -------------------
/opt/airflow/dags/logidata_pipeline_dag.py                           1           0  0.31s           2026-04-20T21:45:09
================================================================================
[2026-04-20T21:45:54.370+0000] {manager.py:879} INFO - 
================================================================================
DAG File Processing Stats

File Path                                   PID    Runtime      # DAGs    # Errors  Last Runtime    Last Run
------------------------------------------  -----  ---------  --------  ----------  --------------  -------------------
/opt/airflow/dags/logidata_pipeline_dag.py                           1           0  0.31s           2026-04-20T21:45:40
================================================================================
[2026-04-20T21:46:25.837+0000] {manager.py:879} INFO - 
================================================================================
DAG File Processing Stats

File Path                                   PID    Runtime      # DAGs    # Errors  Last Runtime    Last Run
------------------------------------------  -----  ---------  --------  ----------  --------------  -------------------
/opt/airflow/dags/logidata_pipeline_dag.py                           1           0  0.41s           2026-04-20T21:46:11
================================================================================
[2026-04-20T21:46:34.831+0000] {manager.py:738} INFO - Searching for files in /opt/airflow/dags
[2026-04-20T21:46:34.859+0000] {manager.py:741} INFO - There are 1 files in /opt/airflow/dags
[2026-04-20T21:46:57.170+0000] {manager.py:879} INFO - 
================================================================================
DAG File Processing Stats

File Path                                   PID    Runtime      # DAGs    # Errors  Last Runtime    Last Run
------------------------------------------  -----  ---------  --------  ----------  --------------  -------------------
/opt/airflow/dags/logidata_pipeline_dag.py                           1           0  0.41s           2026-04-20T21:46:42
================================================================================
[2026-04-20T21:47:28.515+0000] {manager.py:879} INFO - 
================================================================================
DAG File Processing Stats

File Path                                   PID    Runtime      # DAGs    # Errors  Last Runtime    Last Run
------------------------------------------  -----  ---------  --------  ----------  --------------  -------------------
/opt/airflow/dags/logidata_pipeline_dag.py                           1           0  0.41s           2026-04-20T21:47:13
================================================================================
[2026-04-20T21:52:04.484+0000] {manager.py:451} INFO - Exiting gracefully upon receiving signal 15
[2026-04-20T21:52:04.709+0000] {manager.py:469} INFO - Processing files using up to 1 processes at a time 
[2026-04-20T21:52:04.710+0000] {manager.py:470} INFO - Process each file at most once every 30 seconds
[2026-04-20T21:52:04.710+0000] {manager.py:471} INFO - Checking for new files in /opt/airflow/dags every 300 seconds
[2026-04-20T21:52:04.711+0000] {manager.py:738} INFO - Searching for files in /opt/airflow/dags
[2026-04-20T21:52:04.731+0000] {manager.py:741} INFO - There are 1 files in /opt/airflow/dags
[2026-04-20T21:52:05.122+0000] {manager.py:879} INFO - 
================================================================================
DAG File Processing Stats

File Path                                   PID    Runtime      # DAGs    # Errors  Last Runtime    Last Run
------------------------------------------  -----  ---------  --------  ----------  --------------  -------------------
/opt/airflow/dags/logidata_pipeline_dag.py                           1           0  0.31s           2026-04-20T21:52:05
================================================================================
[2026-04-20T21:53:54.798+0000] {manager.py:451} INFO - Exiting gracefully upon receiving signal 15
[2026-04-20T21:53:55.033+0000] {manager.py:469} INFO - Processing files using up to 1 processes at a time 
[2026-04-20T21:53:55.034+0000] {manager.py:470} INFO - Process each file at most once every 30 seconds
[2026-04-20T21:53:55.035+0000] {manager.py:471} INFO - Checking for new files in /opt/airflow/dags every 300 seconds
[2026-04-20T21:53:55.035+0000] {manager.py:738} INFO - Searching for files in /opt/airflow/dags
[2026-04-20T21:53:55.055+0000] {manager.py:741} INFO - There are 1 files in /opt/airflow/dags
[2026-04-20T21:53:55.349+0000] {manager.py:879} INFO - 
================================================================================
DAG File Processing Stats

File Path                                   PID    Runtime      # DAGs    # Errors  Last Runtime    Last Run
------------------------------------------  -----  ---------  --------  ----------  --------------  -------------------
/opt/airflow/dags/logidata_pipeline_dag.py                           1           0  0.20s           2026-04-20T21:53:55
================================================================================
[2026-04-20T21:55:05.781+0000] {manager.py:451} INFO - Exiting gracefully upon receiving signal 15
[2026-04-20T21:55:06.034+0000] {manager.py:469} INFO - Processing files using up to 1 processes at a time 
[2026-04-20T21:55:06.035+0000] {manager.py:470} INFO - Process each file at most once every 30 seconds
[2026-04-20T21:55:06.036+0000] {manager.py:471} INFO - Checking for new files in /opt/airflow/dags every 300 seconds
[2026-04-20T21:55:06.036+0000] {manager.py:738} INFO - Searching for files in /opt/airflow/dags
[2026-04-20T21:55:06.055+0000] {manager.py:741} INFO - There are 1 files in /opt/airflow/dags
[2026-04-20T21:55:06.443+0000] {manager.py:879} INFO - 
================================================================================
DAG File Processing Stats

File Path                                   PID    Runtime      # DAGs    # Errors  Last Runtime    Last Run
------------------------------------------  -----  ---------  --------  ----------  --------------  -------------------
/opt/airflow/dags/logidata_pipeline_dag.py                           1           0  0.31s           2026-04-20T21:55:06
================================================================================
[2026-04-20T21:55:47.654+0000] {manager.py:879} INFO - 
================================================================================
DAG File Processing Stats

File Path                                   PID    Runtime      # DAGs    # Errors  Last Runtime    Last Run
------------------------------------------  -----  ---------  --------  ----------  --------------  -------------------
/opt/airflow/dags/logidata_pipeline_dag.py                           1           0  0.51s           2026-04-20T21:55:47
================================================================================
[2026-04-20T21:56:19.026+0000] {manager.py:879} INFO - 
================================================================================
DAG File Processing Stats

File Path                                   PID    Runtime      # DAGs    # Errors  Last Runtime    Last Run
------------------------------------------  -----  ---------  --------  ----------  --------------  -------------------
/opt/airflow/dags/logidata_pipeline_dag.py                           1           0  0.31s           2026-04-20T21:56:18
================================================================================
[2026-04-20T21:56:51.888+0000] {manager.py:879} INFO - 
================================================================================
DAG File Processing Stats

File Path                                   PID    Runtime      # DAGs    # Errors  Last Runtime    Last Run
------------------------------------------  -----  ---------  --------  ----------  --------------  -------------------
/opt/airflow/dags/logidata_pipeline_dag.py                           1           0  0.31s           2026-04-20T21:56:49
================================================================================
[2026-04-20T21:57:24.719+0000] {manager.py:879} INFO - 
================================================================================
DAG File Processing Stats

File Path                                   PID    Runtime      # DAGs    # Errors  Last Runtime    Last Run
------------------------------------------  -----  ---------  --------  ----------  --------------  -------------------
/opt/airflow/dags/logidata_pipeline_dag.py                           1           0  0.42s           2026-04-20T21:57:19
================================================================================
[2026-04-20T21:57:56.293+0000] {manager.py:879} INFO - 
================================================================================
DAG File Processing Stats

File Path                                   PID    Runtime      # DAGs    # Errors  Last Runtime    Last Run
------------------------------------------  -----  ---------  --------  ----------  --------------  -------------------
/opt/airflow/dags/logidata_pipeline_dag.py                           1           0  0.31s           2026-04-20T21:57:50
================================================================================
[2026-04-20T21:58:27.741+0000] {manager.py:879} INFO - 
================================================================================
DAG File Processing Stats

File Path                                   PID    Runtime      # DAGs    # Errors  Last Runtime    Last Run
------------------------------------------  -----  ---------  --------  ----------  --------------  -------------------
/opt/airflow/dags/logidata_pipeline_dag.py                           1           0  0.31s           2026-04-20T21:58:21
================================================================================
[2026-04-20T21:58:59.066+0000] {manager.py:879} INFO - 
================================================================================
DAG File Processing Stats

File Path                                   PID    Runtime      # DAGs    # Errors  Last Runtime    Last Run
------------------------------------------  -----  ---------  --------  ----------  --------------  -------------------
/opt/airflow/dags/logidata_pipeline_dag.py                           1           0  0.31s           2026-04-20T21:58:51
================================================================================
[2026-04-20T21:59:32.462+0000] {manager.py:879} INFO - 
================================================================================
DAG File Processing Stats

File Path                                   PID    Runtime      # DAGs    # Errors  Last Runtime    Last Run
------------------------------------------  -----  ---------  --------  ----------  --------------  -------------------
/opt/airflow/dags/logidata_pipeline_dag.py                           1           0  0.30s           2026-04-20T21:59:22
================================================================================
[2026-04-20T22:00:05.230+0000] {manager.py:879} INFO - 
================================================================================
DAG File Processing Stats

File Path                                   PID    Runtime      # DAGs    # Errors  Last Runtime    Last Run
------------------------------------------  -----  ---------  --------  ----------  --------------  -------------------
/opt/airflow/dags/logidata_pipeline_dag.py                           1           0  0.30s           2026-04-20T21:59:55
================================================================================
[2026-04-20T22:00:06.582+0000] {manager.py:738} INFO - Searching for files in /opt/airflow/dags
[2026-04-20T22:00:06.599+0000] {manager.py:741} INFO - There are 1 files in /opt/airflow/dags
[2026-04-20T22:00:38.002+0000] {manager.py:879} INFO - 
================================================================================
DAG File Processing Stats

File Path                                   PID    Runtime      # DAGs    # Errors  Last Runtime    Last Run
------------------------------------------  -----  ---------  --------  ----------  --------------  -------------------
/opt/airflow/dags/logidata_pipeline_dag.py                           1           0  0.31s           2026-04-20T22:00:27
================================================================================
[2026-04-20T22:01:09.583+0000] {manager.py:879} INFO - 
================================================================================
DAG File Processing Stats

File Path                                   PID    Runtime      # DAGs    # Errors  Last Runtime    Last Run
------------------------------------------  -----  ---------  --------  ----------  --------------  -------------------
/opt/airflow/dags/logidata_pipeline_dag.py                           1           0  0.61s           2026-04-20T22:00:58
================================================================================
[2026-04-20T22:01:40.341+0000] {manager.py:879} INFO - 
================================================================================
DAG File Processing Stats

File Path                                   PID    Runtime      # DAGs    # Errors  Last Runtime    Last Run
------------------------------------------  -----  ---------  --------  ----------  --------------  -------------------
/opt/airflow/dags/logidata_pipeline_dag.py                           1           0  0.31s           2026-04-20T22:01:29
================================================================================
[2026-04-20T22:02:11.911+0000] {manager.py:879} INFO - 
================================================================================
DAG File Processing Stats

File Path                                   PID    Runtime      # DAGs    # Errors  Last Runtime    Last Run
------------------------------------------  -----  ---------  --------  ----------  --------------  -------------------
/opt/airflow/dags/logidata_pipeline_dag.py                           1           0  0.41s           2026-04-20T22:02:00
================================================================================
[2026-04-20T22:02:45.087+0000] {manager.py:879} INFO - 
================================================================================
DAG File Processing Stats

File Path                                   PID    Runtime      # DAGs    # Errors  Last Runtime    Last Run
------------------------------------------  -----  ---------  --------  ----------  --------------  -------------------
/opt/airflow/dags/logidata_pipeline_dag.py                           1           0  0.41s           2026-04-20T22:02:32
================================================================================
[2026-04-20T22:03:18.291+0000] {manager.py:879} INFO - 
================================================================================
DAG File Processing Stats

File Path                                   PID    Runtime      # DAGs    # Errors  Last Runtime    Last Run
------------------------------------------  -----  ---------  --------  ----------  --------------  -------------------
/opt/airflow/dags/logidata_pipeline_dag.py                           1           0  0.32s           2026-04-20T22:03:05
================================================================================
[2026-04-20T22:03:51.214+0000] {manager.py:879} INFO - 
================================================================================
DAG File Processing Stats

File Path                                   PID    Runtime      # DAGs    # Errors  Last Runtime    Last Run
------------------------------------------  -----  ---------  --------  ----------  --------------  -------------------
/opt/airflow/dags/logidata_pipeline_dag.py                           1           0  0.31s           2026-04-20T22:03:38
================================================================================
[2026-04-20T22:04:22.017+0000] {manager.py:879} INFO - 
================================================================================
DAG File Processing Stats

File Path                                   PID    Runtime      # DAGs    # Errors  Last Runtime    Last Run
------------------------------------------  -----  ---------  --------  ----------  --------------  -------------------
/opt/airflow/dags/logidata_pipeline_dag.py                           1           0  0.41s           2026-04-20T22:04:08
================================================================================
[2026-04-20T22:04:53.359+0000] {manager.py:879} INFO - 
================================================================================
DAG File Processing Stats

File Path                                   PID    Runtime      # DAGs    # Errors  Last Runtime    Last Run
------------------------------------------  -----  ---------  --------  ----------  --------------  -------------------
/opt/airflow/dags/logidata_pipeline_dag.py                           1           0  0.32s           2026-04-20T22:04:40
================================================================================
[2026-04-20T22:05:06.594+0000] {manager.py:738} INFO - Searching for files in /opt/airflow/dags
[2026-04-20T22:05:06.634+0000] {manager.py:741} INFO - There are 1 files in /opt/airflow/dags
[2026-04-20T22:05:24.486+0000] {manager.py:879} INFO - 
================================================================================
DAG File Processing Stats

File Path                                   PID    Runtime      # DAGs    # Errors  Last Runtime    Last Run
------------------------------------------  -----  ---------  --------  ----------  --------------  -------------------
/opt/airflow/dags/logidata_pipeline_dag.py                           1           0  0.30s           2026-04-20T22:05:10
================================================================================
[2026-04-20T22:05:58.020+0000] {manager.py:879} INFO - 
================================================================================
DAG File Processing Stats

File Path                                   PID    Runtime      # DAGs    # Errors  Last Runtime    Last Run
------------------------------------------  -----  ---------  --------  ----------  --------------  -------------------
/opt/airflow/dags/logidata_pipeline_dag.py                           1           0  0.31s           2026-04-20T22:05:43
================================================================================
[2026-04-20T22:06:31.523+0000] {manager.py:879} INFO - 
================================================================================
DAG File Processing Stats

File Path                                   PID    Runtime      # DAGs    # Errors  Last Runtime    Last Run
------------------------------------------  -----  ---------  --------  ----------  --------------  -------------------
/opt/airflow/dags/logidata_pipeline_dag.py                           1           0  0.32s           2026-04-20T22:06:16
================================================================================
[2026-04-20T22:07:04.716+0000] {manager.py:879} INFO - 
================================================================================
DAG File Processing Stats

File Path                                   PID    Runtime      # DAGs    # Errors  Last Runtime    Last Run
------------------------------------------  -----  ---------  --------  ----------  --------------  -------------------
/opt/airflow/dags/logidata_pipeline_dag.py                           1           0  0.41s           2026-04-20T22:06:48
================================================================================
[2026-04-20T22:07:35.914+0000] {manager.py:879} INFO - 
================================================================================
DAG File Processing Stats

File Path                                   PID    Runtime      # DAGs    # Errors  Last Runtime    Last Run
------------------------------------------  -----  ---------  --------  ----------  --------------  -------------------
/opt/airflow/dags/logidata_pipeline_dag.py                           1           0  0.31s           2026-04-20T22:07:19
================================================================================
[2026-04-20T22:08:07.088+0000] {manager.py:879} INFO - 
================================================================================
DAG File Processing Stats

File Path                                   PID    Runtime      # DAGs    # Errors  Last Runtime    Last Run
------------------------------------------  -----  ---------  --------  ----------  --------------  -------------------
/opt/airflow/dags/logidata_pipeline_dag.py                           1           0  0.52s           2026-04-20T22:07:50
================================================================================
[2026-04-20T22:08:37.663+0000] {manager.py:879} INFO - 
================================================================================
DAG File Processing Stats

File Path                                   PID    Runtime      # DAGs    # Errors  Last Runtime    Last Run
------------------------------------------  -----  ---------  --------  ----------  --------------  -------------------
/opt/airflow/dags/logidata_pipeline_dag.py                           1           0  0.32s           2026-04-20T22:08:21
================================================================================
[2026-04-20T22:09:10.901+0000] {manager.py:879} INFO - 
================================================================================
DAG File Processing Stats

File Path                                   PID    Runtime      # DAGs    # Errors  Last Runtime    Last Run
------------------------------------------  -----  ---------  --------  ----------  --------------  -------------------
/opt/airflow/dags/logidata_pipeline_dag.py                           1           0  0.30s           2026-04-20T22:08:53
================================================================================
[2026-04-20T22:12:31.175+0000] {manager.py:451} INFO - Exiting gracefully upon receiving signal 15
[2026-04-20T22:12:31.399+0000] {manager.py:469} INFO - Processing files using up to 1 processes at a time 
[2026-04-20T22:12:31.400+0000] {manager.py:470} INFO - Process each file at most once every 30 seconds
[2026-04-20T22:12:31.400+0000] {manager.py:471} INFO - Checking for new files in /opt/airflow/dags every 300 seconds
[2026-04-20T22:12:31.400+0000] {manager.py:738} INFO - Searching for files in /opt/airflow/dags
[2026-04-20T22:12:31.420+0000] {manager.py:741} INFO - There are 1 files in /opt/airflow/dags
[2026-04-20T22:12:31.700+0000] {manager.py:879} INFO - 
================================================================================
DAG File Processing Stats

File Path                                   PID    Runtime      # DAGs    # Errors  Last Runtime    Last Run
------------------------------------------  -----  ---------  --------  ----------  --------------  -------------------
/opt/airflow/dags/logidata_pipeline_dag.py                           1           0  0.20s           2026-04-20T22:12:31
================================================================================
[2026-04-20T22:13:04.558+0000] {manager.py:879} INFO - 
================================================================================
DAG File Processing Stats

File Path                                   PID    Runtime      # DAGs    # Errors  Last Runtime    Last Run
------------------------------------------  -----  ---------  --------  ----------  --------------  -------------------
/opt/airflow/dags/logidata_pipeline_dag.py                           1           0  0.30s           2026-04-20T22:13:02
================================================================================
[2026-04-20T22:13:35.730+0000] {manager.py:879} INFO - 
================================================================================
DAG File Processing Stats

File Path                                   PID    Runtime      # DAGs    # Errors  Last Runtime    Last Run
------------------------------------------  -----  ---------  --------  ----------  --------------  -------------------
/opt/airflow/dags/logidata_pipeline_dag.py                           1           0  0.31s           2026-04-20T22:13:32
================================================================================
[2026-04-20T22:14:06.797+0000] {manager.py:879} INFO - 
================================================================================
DAG File Processing Stats

File Path                                   PID    Runtime      # DAGs    # Errors  Last Runtime    Last Run
------------------------------------------  -----  ---------  --------  ----------  --------------  -------------------
/opt/airflow/dags/logidata_pipeline_dag.py                           1           0  1.01s           2026-04-20T22:14:04
================================================================================
[2026-04-20T22:14:37.773+0000] {manager.py:879} INFO - 
================================================================================
DAG File Processing Stats

File Path                                   PID    Runtime      # DAGs    # Errors  Last Runtime    Last Run
------------------------------------------  -----  ---------  --------  ----------  --------------  -------------------
/opt/airflow/dags/logidata_pipeline_dag.py                           1           0  0.31s           2026-04-20T22:14:35
================================================================================
[2026-04-20T22:15:09.213+0000] {manager.py:879} INFO - 
================================================================================
DAG File Processing Stats

File Path                                   PID    Runtime      # DAGs    # Errors  Last Runtime    Last Run
------------------------------------------  -----  ---------  --------  ----------  --------------  -------------------
/opt/airflow/dags/logidata_pipeline_dag.py                           1           0  0.31s           2026-04-20T22:15:06
================================================================================
[2026-04-20T22:15:44.986+0000] {manager.py:879} INFO - 
================================================================================
DAG File Processing Stats

File Path                                   PID    Runtime      # DAGs    # Errors  Last Runtime    Last Run
------------------------------------------  -----  ---------  --------  ----------  --------------  -------------------
/opt/airflow/dags/logidata_pipeline_dag.py                           1           0  0.41s           2026-04-20T22:15:38
================================================================================
[2026-04-20T22:16:17.074+0000] {manager.py:879} INFO - 
================================================================================
DAG File Processing Stats

File Path                                   PID    Runtime      # DAGs    # Errors  Last Runtime    Last Run
------------------------------------------  -----  ---------  --------  ----------  --------------  -------------------
/opt/airflow/dags/logidata_pipeline_dag.py                           1           0  0.72s           2026-04-20T22:16:09
================================================================================
[2026-04-20T22:20:17.828+0000] {manager.py:451} INFO - Exiting gracefully upon receiving signal 15
[2026-04-20T22:20:18.125+0000] {manager.py:469} INFO - Processing files using up to 1 processes at a time 
[2026-04-20T22:20:18.127+0000] {manager.py:470} INFO - Process each file at most once every 30 seconds
[2026-04-20T22:20:18.127+0000] {manager.py:471} INFO - Checking for new files in /opt/airflow/dags every 300 seconds
[2026-04-20T22:20:18.127+0000] {manager.py:738} INFO - Searching for files in /opt/airflow/dags
[2026-04-20T22:20:18.151+0000] {manager.py:741} INFO - There are 1 files in /opt/airflow/dags
[2026-04-20T22:20:18.562+0000] {manager.py:879} INFO - 
================================================================================
DAG File Processing Stats

File Path                                   PID    Runtime      # DAGs    # Errors  Last Runtime    Last Run
------------------------------------------  -----  ---------  --------  ----------  --------------  -------------------
/opt/airflow/dags/logidata_pipeline_dag.py                           1           0  0.31s           2026-04-20T22:20:18
================================================================================
[2026-04-20T22:22:12.877+0000] {manager.py:451} INFO - Exiting gracefully upon receiving signal 15
[2026-04-20T22:22:13.116+0000] {manager.py:469} INFO - Processing files using up to 1 processes at a time 
[2026-04-20T22:22:13.118+0000] {manager.py:470} INFO - Process each file at most once every 30 seconds
[2026-04-20T22:22:13.119+0000] {manager.py:471} INFO - Checking for new files in /opt/airflow/dags every 300 seconds
[2026-04-20T22:22:13.120+0000] {manager.py:738} INFO - Searching for files in /opt/airflow/dags
[2026-04-20T22:22:13.153+0000] {manager.py:741} INFO - There are 1 files in /opt/airflow/dags
[2026-04-20T22:22:13.763+0000] {manager.py:879} INFO - 
================================================================================
DAG File Processing Stats

File Path                                   PID    Runtime      # DAGs    # Errors  Last Runtime    Last Run
------------------------------------------  -----  ---------  --------  ----------  --------------  -------------------
/opt/airflow/dags/logidata_pipeline_dag.py                           1           0  0.51s           2026-04-20T22:22:13
================================================================================
[2026-04-20T22:26:13.167+0000] {manager.py:451} INFO - Exiting gracefully upon receiving signal 15
[2026-04-20T22:26:13.391+0000] {manager.py:469} INFO - Processing files using up to 1 processes at a time 
[2026-04-20T22:26:13.392+0000] {manager.py:470} INFO - Process each file at most once every 30 seconds
[2026-04-20T22:26:13.392+0000] {manager.py:471} INFO - Checking for new files in /opt/airflow/dags every 300 seconds
[2026-04-20T22:26:13.393+0000] {manager.py:738} INFO - Searching for files in /opt/airflow/dags
[2026-04-20T22:26:13.414+0000] {manager.py:741} INFO - There are 1 files in /opt/airflow/dags
[2026-04-20T22:26:13.902+0000] {manager.py:879} INFO - 
================================================================================
DAG File Processing Stats

File Path                                   PID    Runtime      # DAGs    # Errors  Last Runtime    Last Run
------------------------------------------  -----  ---------  --------  ----------  --------------  -------------------
/opt/airflow/dags/logidata_pipeline_dag.py                           1           0  0.41s           2026-04-20T22:26:13
================================================================================
[2026-04-20T22:26:54.259+0000] {manager.py:879} INFO - 
================================================================================
DAG File Processing Stats

File Path                                   PID    Runtime      # DAGs    # Errors  Last Runtime    Last Run
------------------------------------------  -----  ---------  --------  ----------  --------------  -------------------
/opt/airflow/dags/logidata_pipeline_dag.py                           1           0  0.41s           2026-04-20T22:26:54
================================================================================
[2026-04-20T22:27:27.419+0000] {manager.py:879} INFO - 
================================================================================
DAG File Processing Stats

File Path                                   PID    Runtime      # DAGs    # Errors  Last Runtime    Last Run
------------------------------------------  -----  ---------  --------  ----------  --------------  -------------------
/opt/airflow/dags/logidata_pipeline_dag.py                           1           0  0.42s           2026-04-20T22:27:24
================================================================================
[2026-04-20T22:28:00.281+0000] {manager.py:879} INFO - 
================================================================================
DAG File Processing Stats

File Path                                   PID    Runtime      # DAGs    # Errors  Last Runtime    Last Run
------------------------------------------  -----  ---------  --------  ----------  --------------  -------------------
/opt/airflow/dags/logidata_pipeline_dag.py                           1           0  0.51s           2026-04-20T22:27:56
================================================================================
[2026-04-20T22:28:31.509+0000] {manager.py:879} INFO - 
================================================================================
DAG File Processing Stats

File Path                                   PID    Runtime      # DAGs    # Errors  Last Runtime    Last Run
------------------------------------------  -----  ---------  --------  ----------  --------------  -------------------
/opt/airflow/dags/logidata_pipeline_dag.py                           1           0  0.51s           2026-04-20T22:28:26
================================================================================
[2026-04-20T22:29:02.141+0000] {manager.py:879} INFO - 
================================================================================
DAG File Processing Stats

File Path                                   PID    Runtime      # DAGs    # Errors  Last Runtime    Last Run
------------------------------------------  -----  ---------  --------  ----------  --------------  -------------------
/opt/airflow/dags/logidata_pipeline_dag.py                           1           0  0.51s           2026-04-20T22:28:57
================================================================================
[2026-04-20T22:29:33.785+0000] {manager.py:879} INFO - 
================================================================================
DAG File Processing Stats

File Path                                   PID    Runtime      # DAGs    # Errors  Last Runtime    Last Run
------------------------------------------  -----  ---------  --------  ----------  --------------  -------------------
/opt/airflow/dags/logidata_pipeline_dag.py                           1           0  0.51s           2026-04-20T22:29:28
================================================================================
[2026-04-20T22:30:06.776+0000] {manager.py:879} INFO - 
================================================================================
DAG File Processing Stats

File Path                                   PID    Runtime      # DAGs    # Errors  Last Runtime    Last Run
------------------------------------------  -----  ---------  --------  ----------  --------------  -------------------
/opt/airflow/dags/logidata_pipeline_dag.py                           1           0  0.51s           2026-04-20T22:29:59
================================================================================
[2026-04-20T22:30:40.009+0000] {manager.py:879} INFO - 
================================================================================
DAG File Processing Stats

File Path                                   PID    Runtime      # DAGs    # Errors  Last Runtime    Last Run
------------------------------------------  -----  ---------  --------  ----------  --------------  -------------------
/opt/airflow/dags/logidata_pipeline_dag.py                           1           0  0.51s           2026-04-20T22:30:32
================================================================================
[2026-04-20T22:31:12.907+0000] {manager.py:879} INFO - 
================================================================================
DAG File Processing Stats

File Path                                   PID    Runtime      # DAGs    # Errors  Last Runtime    Last Run
------------------------------------------  -----  ---------  --------  ----------  --------------  -------------------
/opt/airflow/dags/logidata_pipeline_dag.py                           1           0  0.51s           2026-04-20T22:31:05
================================================================================
[2026-04-20T22:31:14.159+0000] {manager.py:738} INFO - Searching for files in /opt/airflow/dags
[2026-04-20T22:31:14.180+0000] {manager.py:741} INFO - There are 1 files in /opt/airflow/dags
[2026-04-20T22:31:43.999+0000] {manager.py:879} INFO - 
================================================================================
DAG File Processing Stats

File Path                                   PID    Runtime      # DAGs    # Errors  Last Runtime    Last Run
------------------------------------------  -----  ---------  --------  ----------  --------------  -------------------
/opt/airflow/dags/logidata_pipeline_dag.py                           1           0  0.51s           2026-04-20T22:31:37
================================================================================
[2026-04-20T22:32:15.815+0000] {manager.py:879} INFO - 
================================================================================
DAG File Processing Stats

File Path                                   PID    Runtime      # DAGs    # Errors  Last Runtime    Last Run
------------------------------------------  -----  ---------  --------  ----------  --------------  -------------------
/opt/airflow/dags/logidata_pipeline_dag.py                           1           0  0.41s           2026-04-20T22:32:08
================================================================================
[2026-04-20T22:32:46.779+0000] {manager.py:879} INFO - 
================================================================================
DAG File Processing Stats

File Path                                   PID    Runtime      # DAGs    # Errors  Last Runtime    Last Run
------------------------------------------  -----  ---------  --------  ----------  --------------  -------------------
/opt/airflow/dags/logidata_pipeline_dag.py                           1           0  0.41s           2026-04-20T22:32:40
================================================================================
[2026-04-20T22:33:19.910+0000] {manager.py:879} INFO - 
================================================================================
DAG File Processing Stats

File Path                                   PID    Runtime      # DAGs    # Errors  Last Runtime    Last Run
------------------------------------------  -----  ---------  --------  ----------  --------------  -------------------
/opt/airflow/dags/logidata_pipeline_dag.py                           1           0  0.51s           2026-04-20T22:33:11
================================================================================
[2026-04-20T22:33:53.352+0000] {manager.py:879} INFO - 
================================================================================
DAG File Processing Stats

File Path                                   PID    Runtime      # DAGs    # Errors  Last Runtime    Last Run
------------------------------------------  -----  ---------  --------  ----------  --------------  -------------------
/opt/airflow/dags/logidata_pipeline_dag.py                           1           0  0.41s           2026-04-20T22:33:43
================================================================================
[2026-04-20T22:34:26.533+0000] {manager.py:879} INFO - 
================================================================================
DAG File Processing Stats

File Path                                   PID    Runtime      # DAGs    # Errors  Last Runtime    Last Run
------------------------------------------  -----  ---------  --------  ----------  --------------  -------------------
/opt/airflow/dags/logidata_pipeline_dag.py                           1           0  0.51s           2026-04-20T22:34:16
================================================================================
[2026-04-20T22:34:57.497+0000] {manager.py:879} INFO - 
================================================================================
DAG File Processing Stats

File Path                                   PID    Runtime      # DAGs    # Errors  Last Runtime    Last Run
------------------------------------------  -----  ---------  --------  ----------  --------------  -------------------
/opt/airflow/dags/logidata_pipeline_dag.py                           1           0  0.51s           2026-04-20T22:34:47
================================================================================
[2026-04-20T22:35:28.901+0000] {manager.py:879} INFO - 
================================================================================
DAG File Processing Stats

File Path                                   PID    Runtime      # DAGs    # Errors  Last Runtime    Last Run
------------------------------------------  -----  ---------  --------  ----------  --------------  -------------------
/opt/airflow/dags/logidata_pipeline_dag.py                           1           0  0.51s           2026-04-20T22:35:19
================================================================================
[2026-04-20T22:36:01.719+0000] {manager.py:879} INFO - 
================================================================================
DAG File Processing Stats

File Path                                   PID    Runtime      # DAGs    # Errors  Last Runtime    Last Run
------------------------------------------  -----  ---------  --------  ----------  --------------  -------------------
/opt/airflow/dags/logidata_pipeline_dag.py                           1           0  0.41s           2026-04-20T22:35:49
================================================================================
[2026-04-20T22:36:14.461+0000] {manager.py:738} INFO - Searching for files in /opt/airflow/dags
[2026-04-20T22:36:14.485+0000] {manager.py:741} INFO - There are 1 files in /opt/airflow/dags
[2026-04-20T22:36:35.036+0000] {manager.py:879} INFO - 
================================================================================
DAG File Processing Stats

File Path                                   PID    Runtime      # DAGs    # Errors  Last Runtime    Last Run
------------------------------------------  -----  ---------  --------  ----------  --------------  -------------------
/opt/airflow/dags/logidata_pipeline_dag.py                           1           0  0.41s           2026-04-20T22:36:22
================================================================================
[2026-04-20T22:37:07.862+0000] {manager.py:879} INFO - 
================================================================================
DAG File Processing Stats

File Path                                   PID    Runtime      # DAGs    # Errors  Last Runtime    Last Run
------------------------------------------  -----  ---------  --------  ----------  --------------  -------------------
/opt/airflow/dags/logidata_pipeline_dag.py                           1           0  0.51s           2026-04-20T22:36:55
================================================================================
[2026-04-20T22:37:39.445+0000] {manager.py:879} INFO - 
================================================================================
DAG File Processing Stats

File Path                                   PID    Runtime      # DAGs    # Errors  Last Runtime    Last Run
------------------------------------------  -----  ---------  --------  ----------  --------------  -------------------
/opt/airflow/dags/logidata_pipeline_dag.py                           1           0  0.51s           2026-04-20T22:37:27
================================================================================
[2026-04-20T22:38:10.914+0000] {manager.py:879} INFO - 
================================================================================
DAG File Processing Stats

File Path                                   PID    Runtime      # DAGs    # Errors  Last Runtime    Last Run
------------------------------------------  -----  ---------  --------  ----------  --------------  -------------------
/opt/airflow/dags/logidata_pipeline_dag.py                           1           0  0.51s           2026-04-20T22:37:58
================================================================================
[2026-04-20T22:38:42.042+0000] {manager.py:879} INFO - 
================================================================================
DAG File Processing Stats

File Path                                   PID    Runtime      # DAGs    # Errors  Last Runtime    Last Run
------------------------------------------  -----  ---------  --------  ----------  --------------  -------------------
/opt/airflow/dags/logidata_pipeline_dag.py                           1           0  0.51s           2026-04-20T22:38:29
================================================================================
[2026-04-20T22:39:15.062+0000] {manager.py:879} INFO - 
================================================================================
DAG File Processing Stats

File Path                                   PID    Runtime      # DAGs    # Errors  Last Runtime    Last Run
------------------------------------------  -----  ---------  --------  ----------  --------------  -------------------
/opt/airflow/dags/logidata_pipeline_dag.py                           1           0  0.51s           2026-04-20T22:39:01
================================================================================
[2026-04-20T22:39:47.891+0000] {manager.py:879} INFO - 
================================================================================
DAG File Processing Stats

File Path                                   PID    Runtime      # DAGs    # Errors  Last Runtime    Last Run
------------------------------------------  -----  ---------  --------  ----------  --------------  -------------------
/opt/airflow/dags/logidata_pipeline_dag.py                           1           0  0.61s           2026-04-20T22:39:33
================================================================================
[2026-04-20T22:40:21.392+0000] {manager.py:879} INFO - 
================================================================================
DAG File Processing Stats

File Path                                   PID    Runtime      # DAGs    # Errors  Last Runtime    Last Run
------------------------------------------  -----  ---------  --------  ----------  --------------  -------------------
/opt/airflow/dags/logidata_pipeline_dag.py                           1           0  0.51s           2026-04-20T22:40:06
================================================================================
[2026-04-20T22:40:52.344+0000] {manager.py:879} INFO - 
================================================================================
DAG File Processing Stats

File Path                                   PID    Runtime      # DAGs    # Errors  Last Runtime    Last Run
------------------------------------------  -----  ---------  --------  ----------  --------------  -------------------
/opt/airflow/dags/logidata_pipeline_dag.py                           1           0  0.52s           2026-04-20T22:40:37
================================================================================
[2026-04-20T22:41:15.306+0000] {manager.py:738} INFO - Searching for files in /opt/airflow/dags
[2026-04-20T22:41:15.331+0000] {manager.py:741} INFO - There are 1 files in /opt/airflow/dags
[2026-04-20T22:41:23.560+0000] {manager.py:879} INFO - 
================================================================================
DAG File Processing Stats

File Path                                   PID    Runtime      # DAGs    # Errors  Last Runtime    Last Run
------------------------------------------  -----  ---------  --------  ----------  --------------  -------------------
/opt/airflow/dags/logidata_pipeline_dag.py                           1           0  0.41s           2026-04-20T22:41:08
================================================================================
[2026-04-20T22:45:08.522+0000] {manager.py:451} INFO - Exiting gracefully upon receiving signal 15
[2026-04-20T22:45:08.838+0000] {manager.py:469} INFO - Processing files using up to 1 processes at a time 
[2026-04-20T22:45:08.839+0000] {manager.py:470} INFO - Process each file at most once every 30 seconds
[2026-04-20T22:45:08.839+0000] {manager.py:471} INFO - Checking for new files in /opt/airflow/dags every 300 seconds
[2026-04-20T22:45:08.841+0000] {manager.py:738} INFO - Searching for files in /opt/airflow/dags
[2026-04-20T22:45:08.864+0000] {manager.py:741} INFO - There are 1 files in /opt/airflow/dags
[2026-04-20T22:45:09.380+0000] {manager.py:879} INFO - 
================================================================================
DAG File Processing Stats

File Path                                   PID    Runtime      # DAGs    # Errors  Last Runtime    Last Run
------------------------------------------  -----  ---------  --------  ----------  --------------  -------------------
/opt/airflow/dags/logidata_pipeline_dag.py                           1           0  0.41s           2026-04-20T22:45:09
================================================================================
[2026-04-20T22:49:45.263+0000] {manager.py:451} INFO - Exiting gracefully upon receiving signal 15
[2026-04-20T22:49:45.629+0000] {manager.py:469} INFO - Processing files using up to 1 processes at a time 
[2026-04-20T22:49:45.630+0000] {manager.py:470} INFO - Process each file at most once every 30 seconds
[2026-04-20T22:49:45.631+0000] {manager.py:471} INFO - Checking for new files in /opt/airflow/dags every 300 seconds
[2026-04-20T22:49:45.631+0000] {manager.py:738} INFO - Searching for files in /opt/airflow/dags
[2026-04-20T22:49:45.658+0000] {manager.py:741} INFO - There are 1 files in /opt/airflow/dags
[2026-04-20T22:49:46.189+0000] {manager.py:879} INFO - 
================================================================================
DAG File Processing Stats

File Path                                   PID    Runtime      # DAGs    # Errors  Last Runtime    Last Run
------------------------------------------  -----  ---------  --------  ----------  --------------  -------------------
/opt/airflow/dags/logidata_pipeline_dag.py                           1           0  0.41s           2026-04-20T22:49:46
================================================================================
[2026-04-20T22:53:04.597+0000] {manager.py:451} INFO - Exiting gracefully upon receiving signal 15
[2026-04-20T22:53:04.969+0000] {manager.py:469} INFO - Processing files using up to 1 processes at a time 
[2026-04-20T22:53:04.970+0000] {manager.py:470} INFO - Process each file at most once every 30 seconds
[2026-04-20T22:53:04.972+0000] {manager.py:471} INFO - Checking for new files in /opt/airflow/dags every 300 seconds
[2026-04-20T22:53:04.973+0000] {manager.py:738} INFO - Searching for files in /opt/airflow/dags
[2026-04-20T22:53:04.999+0000] {manager.py:741} INFO - There are 1 files in /opt/airflow/dags
[2026-04-20T22:53:05.617+0000] {manager.py:879} INFO - 
================================================================================
DAG File Processing Stats

File Path                                   PID    Runtime      # DAGs    # Errors  Last Runtime    Last Run
------------------------------------------  -----  ---------  --------  ----------  --------------  -------------------
/opt/airflow/dags/logidata_pipeline_dag.py                           1           0  0.51s           2026-04-20T22:53:05
================================================================================
[2026-04-20T22:53:47.118+0000] {manager.py:879} INFO - 
================================================================================
DAG File Processing Stats

File Path                                   PID    Runtime      # DAGs    # Errors  Last Runtime    Last Run
------------------------------------------  -----  ---------  --------  ----------  --------------  -------------------
/opt/airflow/dags/logidata_pipeline_dag.py                           1           0  0.31s           2026-04-20T22:53:47
================================================================================
[2026-04-20T22:54:17.663+0000] {manager.py:879} INFO - 
================================================================================
DAG File Processing Stats

File Path                                   PID    Runtime      # DAGs    # Errors  Last Runtime    Last Run
------------------------------------------  -----  ---------  --------  ----------  --------------  -------------------
/opt/airflow/dags/logidata_pipeline_dag.py                           1           0  0.31s           2026-04-20T22:54:17
================================================================================
[2026-04-20T22:51:42.092+0000] {manager.py:879} INFO - 
================================================================================
DAG File Processing Stats

File Path                                   PID    Runtime      # DAGs    # Errors  Last Runtime    Last Run
------------------------------------------  -----  ---------  --------  ----------  --------------  -------------------
/opt/airflow/dags/logidata_pipeline_dag.py                           1           0  0.20s           2026-04-20T22:54:48
================================================================================
[2026-04-20T22:55:24.625+0000] {manager.py:879} INFO - 
================================================================================
DAG File Processing Stats

File Path                                   PID    Runtime      # DAGs    # Errors  Last Runtime    Last Run
------------------------------------------  -----  ---------  --------  ----------  --------------  -------------------
/opt/airflow/dags/logidata_pipeline_dag.py                           1           0  0.31s           2026-04-20T22:55:19
================================================================================
[2026-04-20T22:55:55.670+0000] {manager.py:879} INFO - 
================================================================================
DAG File Processing Stats

File Path                                   PID    Runtime      # DAGs    # Errors  Last Runtime    Last Run
------------------------------------------  -----  ---------  --------  ----------  --------------  -------------------
/opt/airflow/dags/logidata_pipeline_dag.py                           1           0  0.21s           2026-04-20T22:55:50
================================================================================
[2026-04-20T22:56:27.043+0000] {manager.py:879} INFO - 
================================================================================
DAG File Processing Stats

File Path                                   PID    Runtime      # DAGs    # Errors  Last Runtime    Last Run
------------------------------------------  -----  ---------  --------  ----------  --------------  -------------------
/opt/airflow/dags/logidata_pipeline_dag.py                           1           0  0.31s           2026-04-20T22:56:20
================================================================================
[2026-04-20T22:57:00.051+0000] {manager.py:879} INFO - 
================================================================================
DAG File Processing Stats

File Path                                   PID    Runtime      # DAGs    # Errors  Last Runtime    Last Run
------------------------------------------  -----  ---------  --------  ----------  --------------  -------------------
/opt/airflow/dags/logidata_pipeline_dag.py                           1           0  0.41s           2026-04-20T22:56:51
================================================================================
[2026-04-20T22:57:33.332+0000] {manager.py:879} INFO - 
================================================================================
DAG File Processing Stats

File Path                                   PID    Runtime      # DAGs    # Errors  Last Runtime    Last Run
------------------------------------------  -----  ---------  --------  ----------  --------------  -------------------
/opt/airflow/dags/logidata_pipeline_dag.py                           1           0  0.31s           2026-04-20T22:57:23
================================================================================
[2026-04-20T22:58:05.090+0000] {manager.py:738} INFO - Searching for files in /opt/airflow/dags
[2026-04-20T22:58:05.112+0000] {manager.py:741} INFO - There are 1 files in /opt/airflow/dags
[2026-04-20T22:58:06.252+0000] {manager.py:879} INFO - 
================================================================================
DAG File Processing Stats

File Path                                   PID    Runtime      # DAGs    # Errors  Last Runtime    Last Run
------------------------------------------  -----  ---------  --------  ----------  --------------  -------------------
/opt/airflow/dags/logidata_pipeline_dag.py                           1           0  0.30s           2026-04-20T22:57:53
================================================================================
[2026-04-20T22:58:37.814+0000] {manager.py:879} INFO - 
================================================================================
DAG File Processing Stats

File Path                                   PID    Runtime      # DAGs    # Errors  Last Runtime    Last Run
------------------------------------------  -----  ---------  --------  ----------  --------------  -------------------
/opt/airflow/dags/logidata_pipeline_dag.py                           1           0  0.31s           2026-04-20T22:58:24
================================================================================
[2026-04-20T22:59:08.995+0000] {manager.py:879} INFO - 
================================================================================
DAG File Processing Stats

File Path                                   PID    Runtime      # DAGs    # Errors  Last Runtime    Last Run
------------------------------------------  -----  ---------  --------  ----------  --------------  -------------------
/opt/airflow/dags/logidata_pipeline_dag.py                           1           0  0.31s           2026-04-20T22:58:55
================================================================================
[2026-04-20T22:59:39.763+0000] {manager.py:879} INFO - 
================================================================================
DAG File Processing Stats

File Path                                   PID    Runtime      # DAGs    # Errors  Last Runtime    Last Run
------------------------------------------  -----  ---------  --------  ----------  --------------  -------------------
/opt/airflow/dags/logidata_pipeline_dag.py                           1           0  0.51s           2026-04-20T22:59:26
================================================================================
[2026-04-20T23:00:13.037+0000] {manager.py:879} INFO - 
================================================================================
DAG File Processing Stats

File Path                                   PID    Runtime      # DAGs    # Errors  Last Runtime    Last Run
------------------------------------------  -----  ---------  --------  ----------  --------------  -------------------
/opt/airflow/dags/logidata_pipeline_dag.py                           1           0  0.31s           2026-04-20T22:59:57
================================================================================
[2026-04-20T23:00:46.255+0000] {manager.py:879} INFO - 
================================================================================
DAG File Processing Stats

File Path                                   PID    Runtime      # DAGs    # Errors  Last Runtime    Last Run
------------------------------------------  -----  ---------  --------  ----------  --------------  -------------------
/opt/airflow/dags/logidata_pipeline_dag.py                           1           0  0.30s           2026-04-20T23:00:27
================================================================================
[2026-04-20T23:01:17.271+0000] {manager.py:879} INFO - 
================================================================================
DAG File Processing Stats

File Path                                   PID    Runtime      # DAGs    # Errors  Last Runtime    Last Run
------------------------------------------  -----  ---------  --------  ----------  --------------  -------------------
/opt/airflow/dags/logidata_pipeline_dag.py                           1           0  0.41s           2026-04-20T23:00:59
================================================================================
[2026-04-20T23:01:47.973+0000] {manager.py:879} INFO - 
================================================================================
DAG File Processing Stats

File Path                                   PID    Runtime      # DAGs    # Errors  Last Runtime    Last Run
------------------------------------------  -----  ---------  --------  ----------  --------------  -------------------
/opt/airflow/dags/logidata_pipeline_dag.py                           1           0  0.41s           2026-04-20T23:01:29
================================================================================
[2026-04-20T23:02:20.138+0000] {manager.py:879} INFO - 
================================================================================
DAG File Processing Stats

File Path                                   PID    Runtime      # DAGs    # Errors  Last Runtime    Last Run
------------------------------------------  -----  ---------  --------  ----------  --------------  -------------------
/opt/airflow/dags/logidata_pipeline_dag.py                           1           0  0.32s           2026-04-20T23:02:00
================================================================================
[2026-04-20T23:02:53.463+0000] {manager.py:879} INFO - 
================================================================================
DAG File Processing Stats

File Path                                   PID    Runtime      # DAGs    # Errors  Last Runtime    Last Run
------------------------------------------  -----  ---------  --------  ----------  --------------  -------------------
/opt/airflow/dags/logidata_pipeline_dag.py                           1           0  0.31s           2026-04-20T23:02:30
================================================================================
[2026-04-20T23:03:05.916+0000] {manager.py:738} INFO - Searching for files in /opt/airflow/dags
[2026-04-20T23:03:05.981+0000] {manager.py:741} INFO - There are 1 files in /opt/airflow/dags
[2026-04-20T23:03:26.560+0000] {manager.py:879} INFO - 
================================================================================
DAG File Processing Stats

File Path                                   PID    Runtime      # DAGs    # Errors  Last Runtime    Last Run
------------------------------------------  -----  ---------  --------  ----------  --------------  -------------------
/opt/airflow/dags/logidata_pipeline_dag.py                           1           0  0.31s           2026-04-20T23:03:01
================================================================================
[2026-04-20T23:03:59.482+0000] {manager.py:879} INFO - 
================================================================================
DAG File Processing Stats

File Path                                   PID    Runtime      # DAGs    # Errors  Last Runtime    Last Run
------------------------------------------  -----  ---------  --------  ----------  --------------  -------------------
/opt/airflow/dags/logidata_pipeline_dag.py                           1           0  0.41s           2026-04-20T23:03:32
================================================================================
[2026-04-20T23:04:30.728+0000] {manager.py:879} INFO - 
================================================================================
DAG File Processing Stats

File Path                                   PID    Runtime      # DAGs    # Errors  Last Runtime    Last Run
------------------------------------------  -----  ---------  --------  ----------  --------------  -------------------
/opt/airflow/dags/logidata_pipeline_dag.py                           1           0  0.31s           2026-04-20T23:04:03
================================================================================
[2026-04-20T23:05:02.127+0000] {manager.py:879} INFO - 
================================================================================
DAG File Processing Stats

File Path                                   PID    Runtime      # DAGs    # Errors  Last Runtime    Last Run
------------------------------------------  -----  ---------  --------  ----------  --------------  -------------------
/opt/airflow/dags/logidata_pipeline_dag.py                           1           0  0.41s           2026-04-20T23:04:35
================================================================================
[2026-04-20T23:05:33.002+0000] {manager.py:879} INFO - 
================================================================================
DAG File Processing Stats

File Path                                   PID    Runtime      # DAGs    # Errors  Last Runtime    Last Run
------------------------------------------  -----  ---------  --------  ----------  --------------  -------------------
/opt/airflow/dags/logidata_pipeline_dag.py                           1           0  0.42s           2026-04-20T23:05:06
================================================================================
[2026-04-20T23:06:06.764+0000] {manager.py:879} INFO - 
================================================================================
DAG File Processing Stats

File Path                                   PID    Runtime      # DAGs    # Errors  Last Runtime    Last Run
------------------------------------------  -----  ---------  --------  ----------  --------------  -------------------
/opt/airflow/dags/logidata_pipeline_dag.py                           1           0  0.41s           2026-04-20T23:05:37
================================================================================
[2026-04-20T23:06:39.693+0000] {manager.py:879} INFO - 
================================================================================
DAG File Processing Stats

File Path                                   PID    Runtime      # DAGs    # Errors  Last Runtime    Last Run
------------------------------------------  -----  ---------  --------  ----------  --------------  -------------------
/opt/airflow/dags/logidata_pipeline_dag.py                           1           0  0.41s           2026-04-20T23:06:38
================================================================================
[2026-04-20T23:07:10.768+0000] {manager.py:879} INFO - 
================================================================================
DAG File Processing Stats

File Path                                   PID    Runtime      # DAGs    # Errors  Last Runtime    Last Run
------------------------------------------  -----  ---------  --------  ----------  --------------  -------------------
/opt/airflow/dags/logidata_pipeline_dag.py                           1           0  0.41s           2026-04-20T23:07:09
================================================================================
[2026-04-20T23:07:42.231+0000] {manager.py:879} INFO - 
================================================================================
DAG File Processing Stats

File Path                                   PID    Runtime      # DAGs    # Errors  Last Runtime    Last Run
------------------------------------------  -----  ---------  --------  ----------  --------------  -------------------
/opt/airflow/dags/logidata_pipeline_dag.py                           1           0  0.41s           2026-04-20T23:07:39
================================================================================
[2026-04-20T23:08:05.963+0000] {manager.py:738} INFO - Searching for files in /opt/airflow/dags
[2026-04-20T23:08:05.988+0000] {manager.py:741} INFO - There are 1 files in /opt/airflow/dags
[2026-04-20T23:08:13.870+0000] {manager.py:879} INFO - 
================================================================================
DAG File Processing Stats

File Path                                   PID    Runtime      # DAGs    # Errors  Last Runtime    Last Run
------------------------------------------  -----  ---------  --------  ----------  --------------  -------------------
/opt/airflow/dags/logidata_pipeline_dag.py                           1           0  0.41s           2026-04-20T23:08:11
================================================================================
[2026-04-20T23:08:47.024+0000] {manager.py:879} INFO - 
================================================================================
DAG File Processing Stats

File Path                                   PID    Runtime      # DAGs    # Errors  Last Runtime    Last Run
------------------------------------------  -----  ---------  --------  ----------  --------------  -------------------
/opt/airflow/dags/logidata_pipeline_dag.py                           1           0  0.31s           2026-04-20T23:08:42
================================================================================
[2026-04-20T23:09:19.799+0000] {manager.py:879} INFO - 
================================================================================
DAG File Processing Stats

File Path                                   PID    Runtime      # DAGs    # Errors  Last Runtime    Last Run
------------------------------------------  -----  ---------  --------  ----------  --------------  -------------------
/opt/airflow/dags/logidata_pipeline_dag.py                           1           0  0.42s           2026-04-20T23:09:13
================================================================================
[2026-04-20T23:09:50.564+0000] {manager.py:879} INFO - 
================================================================================
DAG File Processing Stats

File Path                                   PID    Runtime      # DAGs    # Errors  Last Runtime    Last Run
------------------------------------------  -----  ---------  --------  ----------  --------------  -------------------
/opt/airflow/dags/logidata_pipeline_dag.py                           1           0  0.31s           2026-04-20T23:09:44
================================================================================
[2026-04-20T23:10:21.850+0000] {manager.py:879} INFO - 
================================================================================
DAG File Processing Stats

File Path                                   PID    Runtime      # DAGs    # Errors  Last Runtime    Last Run
------------------------------------------  -----  ---------  --------  ----------  --------------  -------------------
/opt/airflow/dags/logidata_pipeline_dag.py                           1           0  0.31s           2026-04-20T23:10:15
================================================================================
[2026-04-20T23:10:53.279+0000] {manager.py:879} INFO - 
================================================================================
DAG File Processing Stats

File Path                                   PID    Runtime      # DAGs    # Errors  Last Runtime    Last Run
------------------------------------------  -----  ---------  --------  ----------  --------------  -------------------
/opt/airflow/dags/logidata_pipeline_dag.py                           1           0  0.41s           2026-04-20T23:10:46
================================================================================
[2026-04-20T23:11:26.228+0000] {manager.py:879} INFO - 
================================================================================
DAG File Processing Stats

File Path                                   PID    Runtime      # DAGs    # Errors  Last Runtime    Last Run
------------------------------------------  -----  ---------  --------  ----------  --------------  -------------------
/opt/airflow/dags/logidata_pipeline_dag.py                           1           0  0.30s           2026-04-20T23:11:18
================================================================================
[2026-04-20T23:11:59.102+0000] {manager.py:879} INFO - 
================================================================================
DAG File Processing Stats

File Path                                   PID    Runtime      # DAGs    # Errors  Last Runtime    Last Run
------------------------------------------  -----  ---------  --------  ----------  --------------  -------------------
/opt/airflow/dags/logidata_pipeline_dag.py                           1           0  0.31s           2026-04-20T23:11:49
================================================================================
[2026-04-20T23:12:32.066+0000] {manager.py:879} INFO - 
================================================================================
DAG File Processing Stats

File Path                                   PID    Runtime      # DAGs    # Errors  Last Runtime    Last Run
------------------------------------------  -----  ---------  --------  ----------  --------------  -------------------
/opt/airflow/dags/logidata_pipeline_dag.py                           1           0  0.41s           2026-04-20T23:12:20
================================================================================
[2026-04-20T23:13:03.188+0000] {manager.py:879} INFO - 
================================================================================
DAG File Processing Stats

File Path                                   PID    Runtime      # DAGs    # Errors  Last Runtime    Last Run
------------------------------------------  -----  ---------  --------  ----------  --------------  -------------------
/opt/airflow/dags/logidata_pipeline_dag.py                           1           0  0.31s           2026-04-20T23:12:52
================================================================================
[2026-04-20T23:13:06.708+0000] {manager.py:738} INFO - Searching for files in /opt/airflow/dags
[2026-04-20T23:13:06.726+0000] {manager.py:741} INFO - There are 1 files in /opt/airflow/dags
[2026-04-20T23:13:34.375+0000] {manager.py:879} INFO - 
================================================================================
DAG File Processing Stats

File Path                                   PID    Runtime      # DAGs    # Errors  Last Runtime    Last Run
------------------------------------------  -----  ---------  --------  ----------  --------------  -------------------
/opt/airflow/dags/logidata_pipeline_dag.py                           1           0  0.32s           2026-04-20T23:13:23
================================================================================
[2026-04-20T23:14:05.501+0000] {manager.py:879} INFO - 
================================================================================
DAG File Processing Stats

File Path                                   PID    Runtime      # DAGs    # Errors  Last Runtime    Last Run
------------------------------------------  -----  ---------  --------  ----------  --------------  -------------------
/opt/airflow/dags/logidata_pipeline_dag.py                           1           0  0.31s           2026-04-20T23:13:53
================================================================================
[2026-04-20T23:14:38.446+0000] {manager.py:879} INFO - 
================================================================================
DAG File Processing Stats

File Path                                   PID    Runtime      # DAGs    # Errors  Last Runtime    Last Run
------------------------------------------  -----  ---------  --------  ----------  --------------  -------------------
/opt/airflow/dags/logidata_pipeline_dag.py                           1           0  0.31s           2026-04-20T23:14:26
================================================================================
[2026-04-20T23:15:11.242+0000] {manager.py:879} INFO - 
================================================================================
DAG File Processing Stats

File Path                                   PID    Runtime      # DAGs    # Errors  Last Runtime    Last Run
------------------------------------------  -----  ---------  --------  ----------  --------------  -------------------
/opt/airflow/dags/logidata_pipeline_dag.py                           1           0  0.31s           2026-04-20T23:14:58
================================================================================
[2026-04-20T23:15:44.507+0000] {manager.py:879} INFO - 
================================================================================
DAG File Processing Stats

File Path                                   PID    Runtime      # DAGs    # Errors  Last Runtime    Last Run
------------------------------------------  -----  ---------  --------  ----------  --------------  -------------------
/opt/airflow/dags/logidata_pipeline_dag.py                           1           0  0.41s           2026-04-20T23:15:32
================================================================================
[2026-04-20T23:16:15.388+0000] {manager.py:879} INFO - 
================================================================================
DAG File Processing Stats

File Path                                   PID    Runtime      # DAGs    # Errors  Last Runtime    Last Run
------------------------------------------  -----  ---------  --------  ----------  --------------  -------------------
/opt/airflow/dags/logidata_pipeline_dag.py                           1           0  0.31s           2026-04-20T23:16:02
================================================================================
[2026-04-20T23:16:46.206+0000] {manager.py:879} INFO - 
================================================================================
DAG File Processing Stats

File Path                                   PID    Runtime      # DAGs    # Errors  Last Runtime    Last Run
------------------------------------------  -----  ---------  --------  ----------  --------------  -------------------
/opt/airflow/dags/logidata_pipeline_dag.py                           1           0  0.42s           2026-04-20T23:16:33
================================================================================
[2026-04-20T23:17:17.501+0000] {manager.py:879} INFO - 
================================================================================
DAG File Processing Stats

File Path                                   PID    Runtime      # DAGs    # Errors  Last Runtime    Last Run
------------------------------------------  -----  ---------  --------  ----------  --------------  -------------------
/opt/airflow/dags/logidata_pipeline_dag.py                           1           0  0.31s           2026-04-20T23:17:04
================================================================================
[2026-04-20T23:17:50.520+0000] {manager.py:879} INFO - 
================================================================================
DAG File Processing Stats

File Path                                   PID    Runtime      # DAGs    # Errors  Last Runtime    Last Run
------------------------------------------  -----  ---------  --------  ----------  --------------  -------------------
/opt/airflow/dags/logidata_pipeline_dag.py                           1           0  0.31s           2026-04-20T23:17:36
================================================================================
[2026-04-20T23:18:08.348+0000] {manager.py:738} INFO - Searching for files in /opt/airflow/dags
[2026-04-20T23:18:08.395+0000] {manager.py:741} INFO - There are 1 files in /opt/airflow/dags
[2026-04-20T23:18:23.599+0000] {manager.py:879} INFO - 
================================================================================
DAG File Processing Stats

File Path                                   PID    Runtime      # DAGs    # Errors  Last Runtime    Last Run
------------------------------------------  -----  ---------  --------  ----------  --------------  -------------------
/opt/airflow/dags/logidata_pipeline_dag.py                           1           0  0.31s           2026-04-20T23:18:08
================================================================================
[2026-04-20T23:18:54.829+0000] {manager.py:879} INFO - 
================================================================================
DAG File Processing Stats

File Path                                   PID    Runtime      # DAGs    # Errors  Last Runtime    Last Run
------------------------------------------  -----  ---------  --------  ----------  --------------  -------------------
/opt/airflow/dags/logidata_pipeline_dag.py                           1           0  0.51s           2026-04-20T23:18:40
================================================================================
[2026-04-20T23:19:26.733+0000] {manager.py:879} INFO - 
================================================================================
DAG File Processing Stats

File Path                                   PID    Runtime      # DAGs    # Errors  Last Runtime    Last Run
------------------------------------------  -----  ---------  --------  ----------  --------------  -------------------
/opt/airflow/dags/logidata_pipeline_dag.py                           1           0  0.41s           2026-04-20T23:19:11
================================================================================
[2026-04-20T23:19:57.786+0000] {manager.py:879} INFO - 
================================================================================
DAG File Processing Stats

File Path                                   PID    Runtime      # DAGs    # Errors  Last Runtime    Last Run
------------------------------------------  -----  ---------  --------  ----------  --------------  -------------------
/opt/airflow/dags/logidata_pipeline_dag.py                           1           0  0.31s           2026-04-20T23:19:42
================================================================================
[2026-04-20T23:20:30.705+0000] {manager.py:879} INFO - 
================================================================================
DAG File Processing Stats

File Path                                   PID    Runtime      # DAGs    # Errors  Last Runtime    Last Run
------------------------------------------  -----  ---------  --------  ----------  --------------  -------------------
/opt/airflow/dags/logidata_pipeline_dag.py                           1           0  0.41s           2026-04-20T23:20:14
================================================================================
[2026-04-20T23:21:03.675+0000] {manager.py:879} INFO - 
================================================================================
DAG File Processing Stats

File Path                                   PID    Runtime      # DAGs    # Errors  Last Runtime    Last Run
------------------------------------------  -----  ---------  --------  ----------  --------------  -------------------
/opt/airflow/dags/logidata_pipeline_dag.py                           1           0  0.31s           2026-04-20T23:20:46
================================================================================
[2026-04-20T23:21:36.711+0000] {manager.py:879} INFO - 
================================================================================
DAG File Processing Stats

File Path                                   PID    Runtime      # DAGs    # Errors  Last Runtime    Last Run
------------------------------------------  -----  ---------  --------  ----------  --------------  -------------------
/opt/airflow/dags/logidata_pipeline_dag.py                           1           0  0.31s           2026-04-20T23:21:19
================================================================================
[2026-04-20T23:22:07.824+0000] {manager.py:879} INFO - 
================================================================================
DAG File Processing Stats

File Path                                   PID    Runtime      # DAGs    # Errors  Last Runtime    Last Run
------------------------------------------  -----  ---------  --------  ----------  --------------  -------------------
/opt/airflow/dags/logidata_pipeline_dag.py                           1           0  0.41s           2026-04-20T23:21:50
================================================================================
[2026-04-20T23:22:38.857+0000] {manager.py:879} INFO - 
================================================================================
DAG File Processing Stats

File Path                                   PID    Runtime      # DAGs    # Errors  Last Runtime    Last Run
------------------------------------------  -----  ---------  --------  ----------  --------------  -------------------
/opt/airflow/dags/logidata_pipeline_dag.py                           1           0  0.31s           2026-04-20T23:22:21
================================================================================
[2026-04-20T23:23:09.432+0000] {manager.py:738} INFO - Searching for files in /opt/airflow/dags
[2026-04-20T23:23:09.466+0000] {manager.py:741} INFO - There are 1 files in /opt/airflow/dags
[2026-04-20T23:23:09.507+0000] {manager.py:879} INFO - 
================================================================================
DAG File Processing Stats

File Path                                   PID    Runtime      # DAGs    # Errors  Last Runtime    Last Run
------------------------------------------  -----  ---------  --------  ----------  --------------  -------------------
/opt/airflow/dags/logidata_pipeline_dag.py                           1           0  0.61s           2026-04-20T23:22:52
================================================================================
[2026-04-20T23:23:42.370+0000] {manager.py:879} INFO - 
================================================================================
DAG File Processing Stats

File Path                                   PID    Runtime      # DAGs    # Errors  Last Runtime    Last Run
------------------------------------------  -----  ---------  --------  ----------  --------------  -------------------
/opt/airflow/dags/logidata_pipeline_dag.py                           1           0  0.31s           2026-04-20T23:23:24
================================================================================
[2026-04-20T23:24:15.339+0000] {manager.py:879} INFO - 
================================================================================
DAG File Processing Stats

File Path                                   PID    Runtime      # DAGs    # Errors  Last Runtime    Last Run
------------------------------------------  -----  ---------  --------  ----------  --------------  -------------------
/opt/airflow/dags/logidata_pipeline_dag.py                           1           0  0.51s           2026-04-20T23:23:57
================================================================================
[2026-04-20T23:30:59.672+0000] {manager.py:451} INFO - Exiting gracefully upon receiving signal 15
[2026-04-20T23:31:00.237+0000] {manager.py:469} INFO - Processing files using up to 1 processes at a time 
[2026-04-20T23:31:00.238+0000] {manager.py:470} INFO - Process each file at most once every 30 seconds
[2026-04-20T23:31:00.239+0000] {manager.py:471} INFO - Checking for new files in /opt/airflow/dags every 300 seconds
[2026-04-20T23:31:00.240+0000] {manager.py:738} INFO - Searching for files in /opt/airflow/dags
[2026-04-20T23:31:00.268+0000] {manager.py:741} INFO - There are 1 files in /opt/airflow/dags
[2026-04-20T23:31:01.016+0000] {manager.py:879} INFO - 
================================================================================
DAG File Processing Stats

File Path                                   PID    Runtime      # DAGs    # Errors  Last Runtime    Last Run
------------------------------------------  -----  ---------  --------  ----------  --------------  -------------------
/opt/airflow/dags/logidata_pipeline_dag.py                           1           0  0.63s           2026-04-20T23:31:01
================================================================================
[2026-04-20T23:32:51.779+0000] {manager.py:451} INFO - Exiting gracefully upon receiving signal 15
[2026-04-20T23:32:52.102+0000] {manager.py:469} INFO - Processing files using up to 1 processes at a time 
[2026-04-20T23:32:52.103+0000] {manager.py:470} INFO - Process each file at most once every 30 seconds
[2026-04-20T23:32:52.103+0000] {manager.py:471} INFO - Checking for new files in /opt/airflow/dags every 300 seconds
[2026-04-20T23:32:52.104+0000] {manager.py:738} INFO - Searching for files in /opt/airflow/dags
[2026-04-20T23:32:52.130+0000] {manager.py:741} INFO - There are 1 files in /opt/airflow/dags
[2026-04-20T23:32:52.628+0000] {manager.py:879} INFO - 
================================================================================
DAG File Processing Stats

File Path                                   PID    Runtime      # DAGs    # Errors  Last Runtime    Last Run
------------------------------------------  -----  ---------  --------  ----------  --------------  -------------------
/opt/airflow/dags/logidata_pipeline_dag.py                           1           0  0.41s           2026-04-20T23:32:52
================================================================================
[2026-04-20T23:35:59.033+0000] {manager.py:451} INFO - Exiting gracefully upon receiving signal 15
[2026-04-20T23:35:59.417+0000] {manager.py:469} INFO - Processing files using up to 1 processes at a time 
[2026-04-20T23:35:59.417+0000] {manager.py:470} INFO - Process each file at most once every 30 seconds
[2026-04-20T23:35:59.418+0000] {manager.py:471} INFO - Checking for new files in /opt/airflow/dags every 300 seconds
[2026-04-20T23:35:59.418+0000] {manager.py:738} INFO - Searching for files in /opt/airflow/dags
[2026-04-20T23:35:59.443+0000] {manager.py:741} INFO - There are 1 files in /opt/airflow/dags
[2026-04-20T23:35:59.981+0000] {manager.py:879} INFO - 
================================================================================
DAG File Processing Stats

File Path                                   PID    Runtime      # DAGs    # Errors  Last Runtime    Last Run
------------------------------------------  -----  ---------  --------  ----------  --------------  -------------------
/opt/airflow/dags/logidata_pipeline_dag.py                           1           0  0.41s           2026-04-20T23:35:59
================================================================================
